seg000:0000 ;
seg000:0000 ; +-------------------------------------------------------------------------+
seg000:0000 ; |      This file was generated by The Interactive Disassembler (IDA)      |
seg000:0000 ; |           Copyright (c) 2025 Hex-Rays, <support@hex-rays.com>           |
seg000:0000 ; |                      License info: FC-C6F7-A5E0-9A                      |
seg000:0000 ; |                      SirBird <Bird@birdworld.com>                       |
seg000:0000 ; +-------------------------------------------------------------------------+
seg000:0000 ;
seg000:0000 ; Input SHA256 : 14468E227B10F0B9A8AF5F57AA2395002F0D5B260FCA905798E918C0352C8EAE
seg000:0000 ; Input MD5    : 82633ABCD9C16162C855E2A017BB5EEC
seg000:0000 ; Input CRC32  : 5FA780B5
seg000:0000 ; Compiler     : Visual C++
seg000:0000
seg000:0000 ; File Name   : C:\Users\yotam\projects\gunship_2000\analysis\SETUP.exe
seg000:0000 ; Format      : MS-DOS executable (EXE)
seg000:0000 ; Base Address: 1000h Range: 10000h-169B0h Loaded length: 4EB7h
seg000:0000 ; Entry Point : 111D:1E
seg000:0000 ; OS type         :  MS DOS
seg000:0000 ; Application type:  Executable 16bit
seg000:0000
seg000:0000                 .686p
seg000:0000                 .mmx
seg000:0000                 .model large
seg000:0000
seg000:0000 ; ===========================================================================
seg000:0000
seg000:0000 ; Segment type: Pure code
seg000:0000 seg000          segment byte public 'CODE' use16
seg000:0000                 assume cs:seg000
seg000:0000                 assume es:nothing, ss:nothing, ds:dseg, fs:nothing, gs:nothing
seg000:0000
seg000:0000 ; =============== S U B R O U T I N E =======================================
seg000:0000
seg000:0000 ; Attributes: noreturn bp-based frame
seg000:0000
seg000:0000 ; int __cdecl main(int argc, const char **argv, const char **envp)
seg000:0000 _main           proc far                ; CODE XREF: start+B8↓P
seg000:0000
seg000:0000 arg_0           = word ptr  6
seg000:0000 arg_2           = word ptr  8
seg000:0000
seg000:0000                 push    bp
seg000:0001                 mov     bp, sp
seg000:0003                 xor     ax, ax
seg000:0005                 call    __aFchkstk
seg000:000A                 push    [bp+arg_2]
seg000:000D                 push    [bp+arg_0]
seg000:0010                 push    cs
seg000:0011                 call    near ptr sub_10028
seg000:0014                 add     sp, 4
seg000:0017                 push    cs
seg000:0018                 call    near ptr sub_1011E
seg000:001B                 push    cs
seg000:001C                 call    near ptr sub_1048E
seg000:001F                 push    cs
seg000:0020                 call    near ptr sub_102F4
seg000:0020 _main           endp
seg000:0020
seg000:0023 ; ---------------------------------------------------------------------------
seg000:0023                 mov     sp, bp
seg000:0025                 pop     bp
seg000:0026                 retf
seg000:0026 ; ---------------------------------------------------------------------------
seg000:0027                 align 2
seg000:0028
seg000:0028 ; =============== S U B R O U T I N E =======================================
seg000:0028
seg000:0028 ; Attributes: bp-based frame
seg000:0028
seg000:0028 sub_10028       proc far                ; CODE XREF: _main+11↑p
seg000:0028
seg000:0028 var_6           = word ptr -6
seg000:0028 var_4           = byte ptr -4
seg000:0028 var_2           = word ptr -2
seg000:0028 arg_0           = word ptr  6
seg000:0028 arg_2           = word ptr  8
seg000:0028
seg000:0028                 push    bp
seg000:0029                 mov     bp, sp
seg000:002B                 mov     ax, 6
seg000:002E                 call    __aFchkstk
seg000:0033                 push    si
seg000:0034                 mov     byte_15F84, 0
seg000:0039                 mov     [bp+var_2], 1
seg000:003E                 jmp     short loc_10043
seg000:0040 ; ---------------------------------------------------------------------------
seg000:0040
seg000:0040 loc_10040:                              ; CODE XREF: sub_10028:loc_100A8↓j
seg000:0040                 inc     [bp+var_2]
seg000:0043
seg000:0043 loc_10043:                              ; CODE XREF: sub_10028+16↑j
seg000:0043                 mov     ax, [bp+arg_0]
seg000:0046                 cmp     [bp+var_2], ax
seg000:0049                 jge     short loc_100AA
seg000:004B                 mov     bx, [bp+var_2]
seg000:004E                 shl     bx, 1
seg000:0050                 mov     si, [bp+arg_2]
seg000:0053                 mov     bx, [bx+si]
seg000:0055                 mov     al, [bx]
seg000:0057                 mov     [bp+var_4], al
seg000:005A                 cmp     al, 2Fh ; '/'
seg000:005C                 jz      short loc_10062
seg000:005E                 cmp     al, 2Dh ; '-'
seg000:0060                 jnz     short loc_100A4
seg000:0062
seg000:0062 loc_10062:                              ; CODE XREF: sub_10028+34↑j
seg000:0062                 mov     [bp+var_6], 1
seg000:0067                 jmp     short loc_1006D
seg000:0067 ; ---------------------------------------------------------------------------
seg000:0069                 align 2
seg000:006A
seg000:006A loc_1006A:                              ; CODE XREF: sub_10028:loc_100A0↓j
seg000:006A                 inc     [bp+var_6]
seg000:006D
seg000:006D loc_1006D:                              ; CODE XREF: sub_10028+3F↑j
seg000:006D                 mov     bx, [bp+var_2]
seg000:0070                 shl     bx, 1
seg000:0072                 mov     si, [bp+arg_2]
seg000:0075                 mov     bx, [bx+si]
seg000:0077                 mov     si, [bp+var_6]
seg000:007A                 mov     al, [bx+si]
seg000:007C                 mov     [bp+var_4], al
seg000:007F                 or      al, al
seg000:0081                 jz      short loc_100A2
seg000:0083                 cbw
seg000:0084                 jmp     short loc_10094
seg000:0086 ; ---------------------------------------------------------------------------
seg000:0086
seg000:0086 loc_10086:                              ; CODE XREF: sub_10028+6F↓j
seg000:0086                                         ; sub_10028+74↓j
seg000:0086                 mov     byte_15F84, 1
seg000:008B                 jmp     short loc_100A0
seg000:008B ; ---------------------------------------------------------------------------
seg000:008D                 align 2
seg000:008E
seg000:008E loc_1008E:                              ; CODE XREF: sub_10028+76↓j
seg000:008E                 push    cs
seg000:008F                 call    near ptr sub_1010A
seg000:0092 ; ---------------------------------------------------------------------------
seg000:0092                 jmp     short loc_100A0
seg000:0094 ; ---------------------------------------------------------------------------
seg000:0094
seg000:0094 loc_10094:                              ; CODE XREF: sub_10028+5C↑j
seg000:0094                 sub     ax, 54h ; 'T'
seg000:0097                 jz      short loc_10086
seg000:0099                 sub     ax, 20h ; ' '
seg000:009C                 jz      short loc_10086
seg000:009E                 jmp     short loc_1008E
seg000:00A0 ; ---------------------------------------------------------------------------
seg000:00A0
seg000:00A0 loc_100A0:                              ; CODE XREF: sub_10028+63↑j
seg000:00A0                                         ; sub_10028+6A↑j
seg000:00A0                 jmp     short loc_1006A
seg000:00A2 ; ---------------------------------------------------------------------------
seg000:00A2
seg000:00A2 loc_100A2:                              ; CODE XREF: sub_10028+59↑j
seg000:00A2                 jmp     short loc_100A8
seg000:00A4 ; ---------------------------------------------------------------------------
seg000:00A4
seg000:00A4 loc_100A4:                              ; CODE XREF: sub_10028+38↑j
seg000:00A4                 push    cs
seg000:00A5                 call    near ptr sub_1010A
seg000:00A8 ; ---------------------------------------------------------------------------
seg000:00A8
seg000:00A8 loc_100A8:                              ; CODE XREF: sub_10028:loc_100A2↑j
seg000:00A8                 jmp     short loc_10040
seg000:00AA ; ---------------------------------------------------------------------------
seg000:00AA
seg000:00AA loc_100AA:                              ; CODE XREF: sub_10028+21↑j
seg000:00AA                 pop     si
seg000:00AB                 mov     sp, bp
seg000:00AD                 pop     bp
seg000:00AE                 retf
seg000:00AE sub_10028       endp
seg000:00AE
seg000:00AE ; ---------------------------------------------------------------------------
seg000:00AF                 align 2
seg000:00B0
seg000:00B0 ; =============== S U B R O U T I N E =======================================
seg000:00B0
seg000:00B0 ; Attributes: bp-based frame
seg000:00B0
seg000:00B0 sub_100B0       proc far                ; CODE XREF: sub_1011E+12A↓p
seg000:00B0
seg000:00B0 var_2           = dword ptr -2
seg000:00B0
seg000:00B0                 push    bp
seg000:00B1                 mov     bp, sp
seg000:00B3                 mov     ax, 2
seg000:00B6                 call    __aFchkstk
seg000:00BB                 mov     ax, 660h
seg000:00BE                 push    ax
seg000:00BF                 mov     ax, 663h
seg000:00C2                 push    ax              ; char *
seg000:00C3                 call    _fopen
seg000:00C8                 add     sp, 4
seg000:00CB                 mov     word ptr [bp+var_2], ax
seg000:00CE                 or      ax, ax
seg000:00D0                 jz      short loc_10100
seg000:00D2                 mov     bx, ax
seg000:00D4                 mov     cl, [bx+7]
seg000:00D7                 sub     ch, ch
seg000:00D9                 push    cx              ; int
seg000:00DA                 call    _filelength
seg000:00DF                 add     sp, 2
seg000:00E2                 cmp     ax, 26h ; '&'
seg000:00E5                 jnz     short loc_100F8
seg000:00E7                 push    word ptr [bp+var_2] ; FILE *
seg000:00EA                 call    _fclose
seg000:00EF                 add     sp, 2
seg000:00F2                 push    cs
seg000:00F3                 call    near ptr sub_102F4
seg000:00F6 ; ---------------------------------------------------------------------------
seg000:00F6                 jmp     short loc_10100
seg000:00F8 ; ---------------------------------------------------------------------------
seg000:00F8
seg000:00F8 loc_100F8:                              ; CODE XREF: sub_100B0+35↑j
seg000:00F8                 push    word ptr [bp+var_2] ; FILE *
seg000:00FB                 call    _fclose
seg000:0100
seg000:0100 loc_10100:                              ; CODE XREF: sub_100B0+20↑j
seg000:0100                                         ; sub_100B0+46↑j
seg000:0100                 mov     byte_15F84, 0
seg000:0105                 mov     sp, bp
seg000:0107                 pop     bp
seg000:0108                 retf
seg000:0108 sub_100B0       endp
seg000:0108
seg000:0108 ; ---------------------------------------------------------------------------
seg000:0109                 align 2
seg000:010A
seg000:010A ; =============== S U B R O U T I N E =======================================
seg000:010A
seg000:010A ; Attributes: noreturn
seg000:010A
seg000:010A sub_1010A       proc far                ; CODE XREF: sub_10028+67↑p
seg000:010A                                         ; sub_10028+7D↑p
seg000:010A                 xor     ax, ax
seg000:010C                 call    __aFchkstk
seg000:0111                 mov     ax, 1
seg000:0114                 push    ax              ; int
seg000:0115                 call    _exit
seg000:0115 sub_1010A       endp
seg000:0115
seg000:011A ; ---------------------------------------------------------------------------
seg000:011A                 add     sp, 2
seg000:011D                 retf
seg000:011E
seg000:011E ; =============== S U B R O U T I N E =======================================
seg000:011E
seg000:011E ; Attributes: bp-based frame
seg000:011E
seg000:011E sub_1011E       proc far                ; CODE XREF: _main+18↑p
seg000:011E
seg000:011E var_56          = byte ptr -56h
seg000:011E var_4           = word ptr -4
seg000:011E var_2           = word ptr -2
seg000:011E
seg000:011E                 push    bp
seg000:011F                 mov     bp, sp
seg000:0121                 mov     ax, 56h
seg000:0124                 call    __aFchkstk
seg000:0129                 call    sub_11198
seg000:012E                 or      ax, ax
seg000:0130                 jz      short loc_10163
seg000:0132                 mov     ax, 26h ; '&'
seg000:0135                 push    ax              ; int
seg000:0136                 sub     ax, ax
seg000:0138                 push    ax
seg000:0139                 mov     ax, 1D32h
seg000:013C                 push    ax              ; void *
seg000:013D                 call    _memset
seg000:0142                 add     sp, 6
seg000:0145                 or      byte_15F54, 0Fh
seg000:014A                 mov     al, byte_15F54
seg000:014D                 and     al, 0DFh
seg000:014F                 or      al, 40h
seg000:0151                 mov     byte_15F54, al
seg000:0154                 or      byte_15F54, 90h
seg000:0159                 mov     byte_15F53, 80h
seg000:015E                 mov     byte_15F52, 0
seg000:0163
seg000:0163 loc_10163:                              ; CODE XREF: sub_1011E+12↑j
seg000:0163                 mov     word_15F82, 0
seg000:0169                 mov     [bp+var_2], 0
seg000:016E                 jmp     short loc_10173
seg000:0170 ; ---------------------------------------------------------------------------
seg000:0170
seg000:0170 loc_10170:                              ; CODE XREF: sub_1011E:loc_1018E↓j
seg000:0170                 inc     [bp+var_2]
seg000:0173
seg000:0173 loc_10173:                              ; CODE XREF: sub_1011E+50↑j
seg000:0173                 cmp     [bp+var_2], 5
seg000:0177                 jge     short loc_10190
seg000:0179                 mov     al, byte_15F55
seg000:017C                 and     al, 0Fh
seg000:017E                 mov     bx, [bp+var_2]
seg000:0181                 cmp     [bx+2DCh], al
seg000:0185                 jnz     short loc_1018E
seg000:0187                 mov     word_15F82, bx
seg000:018B                 jmp     short loc_10190
seg000:018B ; ---------------------------------------------------------------------------
seg000:018D                 align 2
seg000:018E
seg000:018E loc_1018E:                              ; CODE XREF: sub_1011E+67↑j
seg000:018E                 jmp     short loc_10170
seg000:0190 ; ---------------------------------------------------------------------------
seg000:0190
seg000:0190 loc_10190:                              ; CODE XREF: sub_1011E+59↑j
seg000:0190                                         ; sub_1011E+6D↑j
seg000:0190                 cmp     byte_15F55, 0
seg000:0195                 jnz     short loc_101A0
seg000:0197                 mov     word_15F88, 0
seg000:019D                 jmp     short loc_101C3
seg000:019D ; ---------------------------------------------------------------------------
seg000:019F                 align 2
seg000:01A0
seg000:01A0 loc_101A0:                              ; CODE XREF: sub_1011E+77↑j
seg000:01A0                 cmp     byte_15F55, 20h ; ' '
seg000:01A5                 jge     short loc_101B0
seg000:01A7                 mov     word_15F88, 1
seg000:01AD                 jmp     short loc_101C3
seg000:01AD ; ---------------------------------------------------------------------------
seg000:01AF                 align 2
seg000:01B0
seg000:01B0 loc_101B0:                              ; CODE XREF: sub_1011E+87↑j
seg000:01B0                 cmp     word_15F82, 2
seg000:01B5                 jnz     short loc_101BD
seg000:01B7                 mov     word_15F82, 4
seg000:01BD
seg000:01BD loc_101BD:                              ; CODE XREF: sub_1011E+97↑j
seg000:01BD                 mov     word_15F88, 2
seg000:01C3
seg000:01C3 loc_101C3:                              ; CODE XREF: sub_1011E+7F↑j
seg000:01C3                                         ; sub_1011E+8F↑j
seg000:01C3                 mov     cl, 3
seg000:01C5                 mov     al, byte_15F54
seg000:01C8                 and     al, 8
seg000:01CA                 shr     al, cl
seg000:01CC                 sub     ah, ah
seg000:01CE                 mov     word_1618E, ax
seg000:01D1                 mov     cl, 5
seg000:01D3                 mov     al, byte_15F54
seg000:01D6                 and     al, 60h
seg000:01D8                 shr     al, cl
seg000:01DA                 dec     ax
seg000:01DB                 dec     ax
seg000:01DC                 neg     ax
seg000:01DE                 mov     word_15F80, ax
seg000:01E1                 mov     al, byte_15F54
seg000:01E4                 and     al, 4
seg000:01E6                 shr     al, 1
seg000:01E8                 shr     al, 1
seg000:01EA                 sub     ah, ah
seg000:01EC                 mov     word_16192, ax
seg000:01EF                 mov     al, byte_15F54
seg000:01F2                 and     al, 2
seg000:01F4                 shr     al, 1
seg000:01F6                 mov     word_1619E, ax
seg000:01F9                 mov     cl, 7
seg000:01FB                 mov     al, byte_15F54
seg000:01FE                 shr     al, cl
seg000:0200                 mov     word_16196, ax
seg000:0203                 mov     al, byte_15F54
seg000:0206                 and     ax, 1
seg000:0209                 mov     word_161A2, ax
seg000:020C                 mov     cl, 4
seg000:020E                 mov     al, byte_15F54
seg000:0211                 and     al, 10h
seg000:0213                 shr     al, cl
seg000:0215                 sub     ah, ah
seg000:0217                 mov     word_161A4, ax
seg000:021A                 mov     ax, word_15F70
seg000:021D                 sub     ax, 210h
seg000:0220                 cwd
seg000:0221                 xor     ax, dx
seg000:0223                 sub     ax, dx
seg000:0225                 mov     cx, 4
seg000:0228                 sar     ax, cl
seg000:022A                 xor     ax, dx
seg000:022C                 sub     ax, dx
seg000:022E                 mov     word_161A0, ax
seg000:0231                 mov     ax, word_15F74
seg000:0234                 dec     ax
seg000:0235                 dec     ax
seg000:0236                 mov     word_16194, ax
seg000:0239                 mov     ax, word_15F76
seg000:023C                 dec     ax
seg000:023D                 mov     word_16190, ax
seg000:0240                 cmp     byte_15F84, 0
seg000:0245                 jz      short loc_1024B
seg000:0247                 push    cs
seg000:0248                 call    near ptr sub_100B0
seg000:024B
seg000:024B loc_1024B:                              ; CODE XREF: sub_1011E+127↑j
seg000:024B                 push    cs
seg000:024C                 call    near ptr sub_10D3E
seg000:024F                 mov     al, byte ptr word_15F7E
seg000:0252                 mov     byte_14F6E, al
seg000:0255                 push    cs
seg000:0256                 call    near ptr sub_104AA
seg000:0259                 push    word_15F88
seg000:025D                 push    cs
seg000:025E                 call    near ptr sub_1077E
seg000:0261                 add     sp, 2
seg000:0264                 mov     al, byte_15F55
seg000:0267                 and     al, 10h
seg000:0269                 cmp     al, 1
seg000:026B                 sbb     ax, ax
seg000:026D                 inc     ax
seg000:026E                 mov     word_15F7A, ax
seg000:0271                 push    cs
seg000:0272                 call    near ptr sub_10D08
seg000:0275                 mov     [bp+var_4], ax
seg000:0278                 mov     ax, 87h
seg000:027B                 push    ax
seg000:027C                 call    sub_1386E
seg000:0281                 add     sp, 2
seg000:0284                 mov     ax, 18h
seg000:0287                 push    ax
seg000:0288                 mov     ax, 0Eh
seg000:028B                 push    ax
seg000:028C                 call    sub_1346E
seg000:0291                 add     sp, 4
seg000:0294                 mov     ax, 87h
seg000:0297                 push    ax
seg000:0298                 mov     cx, 78h ; 'x'
seg000:029B                 push    cx
seg000:029C                 push    ax
seg000:029D                 push    cx
seg000:029E                 push    ax
seg000:029F                 push    cx              ; char *
seg000:02A0                 mov     ax, 66Dh
seg000:02A3                 push    ax
seg000:02A4                 lea     ax, [bp+var_56]
seg000:02A7                 push    ax              ; char *
seg000:02A8                 call    _sprintf
seg000:02AD                 add     sp, 10h
seg000:02B0                 lea     ax, [bp+var_56]
seg000:02B3                 push    ax
seg000:02B4                 mov     ax, 24h ; '$'
seg000:02B7                 push    ax
seg000:02B8                 call    sub_135B0
seg000:02BD                 add     sp, 4
seg000:02C0                 mov     ax, 7
seg000:02C3                 push    ax
seg000:02C4                 mov     ax, 48h ; 'H'
seg000:02C7                 push    ax
seg000:02C8                 mov     ax, 1
seg000:02CB                 push    ax
seg000:02CC                 mov     ax, 4
seg000:02CF                 push    ax
seg000:02D0                 mov     ax, 2
seg000:02D3                 push    ax
seg000:02D4                 mov     ax, 1Fh
seg000:02D7                 push    ax
seg000:02D8                 call    sub_13912
seg000:02DD                 add     sp, 0Ch
seg000:02E0                 mov     ax, 6B5h
seg000:02E3                 push    ax
seg000:02E4                 call    sub_1357A
seg000:02E9                 mov     al, byte ptr word_15F82
seg000:02EC                 mov     byte_147B4, al
seg000:02EF                 mov     sp, bp
seg000:02F1                 pop     bp
seg000:02F2                 retf
seg000:02F2 sub_1011E       endp
seg000:02F2
seg000:02F2 ; ---------------------------------------------------------------------------
seg000:02F3                 align 2
seg000:02F4
seg000:02F4 ; =============== S U B R O U T I N E =======================================
seg000:02F4
seg000:02F4 ; Attributes: noreturn bp-based frame
seg000:02F4
seg000:02F4 sub_102F4       proc far                ; CODE XREF: _main+20↑p
seg000:02F4                                         ; sub_100B0+43↑p
seg000:02F4
seg000:02F4 var_6           = word ptr -6
seg000:02F4 var_4           = word ptr -4
seg000:02F4 var_2           = byte ptr -2
seg000:02F4
seg000:02F4                 push    bp
seg000:02F5                 mov     bp, sp
seg000:02F7                 mov     ax, 6
seg000:02FA                 call    __aFchkstk
seg000:02FF                 push    si
seg000:0300                 cmp     byte_15F84, 0
seg000:0305                 jz      short loc_1030A
seg000:0307                 jmp     loc_1045E
seg000:030A ; ---------------------------------------------------------------------------
seg000:030A
seg000:030A loc_1030A:                              ; CODE XREF: sub_102F4+11↑j
seg000:030A                 call    sub_138BC
seg000:030F                 mov     al, 11h
seg000:0311                 mul     byte_14878
seg000:0315                 mov     si, ax
seg000:0317                 mov     bx, word_14879
seg000:031B                 cmp     word ptr [bx+si+5], 0
seg000:031F                 jz      short loc_10324
seg000:0321                 jmp     loc_1045E
seg000:0324 ; ---------------------------------------------------------------------------
seg000:0324
seg000:0324 loc_10324:                              ; CODE XREF: sub_102F4+2B↑j
seg000:0324                 cmp     word_15F86, 1
seg000:0329                 cmc
seg000:032A                 sbb     al, al
seg000:032C                 and     al, 80h
seg000:032E                 mov     bx, word_15F7E
seg000:0332                 mov     cx, bx
seg000:0334                 shl     bx, 1
seg000:0336                 shl     bx, 1
seg000:0338                 shl     bx, 1
seg000:033A                 add     bx, cx
seg000:033C                 or      al, [bx+0C9Ah]
seg000:0340                 mov     byte_15F53, al
seg000:0343                 mov     al, [bx+0C98h]
seg000:0347                 cbw
seg000:0348                 mov     ch, [bx+0C99h]
seg000:034C                 sub     cl, cl
seg000:034E                 add     cx, ax
seg000:0350                 mov     word_15F6E, cx
seg000:0354                 cmp     word_15F88, 0
seg000:0359                 jz      short loc_10380
seg000:035B                 cmp     word_15F88, 2
seg000:0360                 jnz     short loc_10366
seg000:0362                 mov     al, 20h ; ' '
seg000:0364                 jmp     short loc_10368
seg000:0366 ; ---------------------------------------------------------------------------
seg000:0366
seg000:0366 loc_10366:                              ; CODE XREF: sub_102F4+6C↑j
seg000:0366                 sub     al, al
seg000:0368
seg000:0368 loc_10368:                              ; CODE XREF: sub_102F4+70↑j
seg000:0368                 mov     cx, ax
seg000:036A                 cmp     word_15F7A, 1
seg000:036F                 cmc
seg000:0370                 sbb     al, al
seg000:0372                 and     al, 10h
seg000:0374                 add     al, cl
seg000:0376                 mov     bx, word_15F82
seg000:037A                 add     al, [bx+2DCh]
seg000:037E                 jmp     short loc_10382
seg000:0380 ; ---------------------------------------------------------------------------
seg000:0380
seg000:0380 loc_10380:                              ; CODE XREF: sub_102F4+65↑j
seg000:0380                 sub     al, al
seg000:0382
seg000:0382 loc_10382:                              ; CODE XREF: sub_102F4+8A↑j
seg000:0382                 mov     byte_15F55, al
seg000:0385                 cmp     word_15F88, 2
seg000:038A                 jnz     short loc_103A0
seg000:038C                 sub     ax, ax
seg000:038E                 mov     word_15F64, ax
seg000:0391                 mov     word_15F68, ax
seg000:0394                 cmp     word_15F82, 4
seg000:0399                 jnz     short loc_103A0
seg000:039B                 and     byte_15F55, 0F7h
seg000:03A0
seg000:03A0 loc_103A0:                              ; CODE XREF: sub_102F4+96↑j
seg000:03A0                                         ; sub_102F4+A5↑j
seg000:03A0                 mov     cl, 7
seg000:03A2                 mov     al, byte ptr word_16196
seg000:03A5                 shl     al, cl
seg000:03A7                 mov     cl, byte ptr word_16192
seg000:03AB                 shl     cl, 1
seg000:03AD                 shl     cl, 1
seg000:03AF                 mov     dx, cx
seg000:03B1                 mov     cl, 3
seg000:03B3                 mov     bl, byte ptr word_1618E
seg000:03B7                 shl     bl, cl
seg000:03B9                 mov     [bp+var_4], ax
seg000:03BC                 mov     cl, 4
seg000:03BE                 mov     al, byte ptr word_161A4
seg000:03C1                 shl     al, cl
seg000:03C3                 mov     cx, ax
seg000:03C5                 mov     al, 0FEh
seg000:03C7                 sub     al, byte ptr word_15F80
seg000:03CB                 mov     [bp+var_6], cx
seg000:03CE                 mov     cl, 5
seg000:03D0                 shl     al, cl
seg000:03D2                 xor     al, byte_15F54
seg000:03D6                 and     al, 60h
seg000:03D8                 xor     byte_15F54, al
seg000:03DC                 xor     bl, byte_15F54
seg000:03E0                 and     bl, 8
seg000:03E3                 xor     byte_15F54, bl
seg000:03E7                 xor     dl, byte_15F54
seg000:03EB                 and     dl, 4
seg000:03EE                 xor     byte_15F54, dl
seg000:03F2                 mov     al, byte_15F54
seg000:03F5                 xor     al, byte ptr [bp+var_4]
seg000:03F8                 and     al, 7Fh
seg000:03FA                 xor     al, byte ptr [bp+var_4]
seg000:03FD                 mov     byte_15F54, al
seg000:0400                 mov     cl, byte ptr word_1619E
seg000:0404                 shl     cl, 1
seg000:0406                 xor     al, cl
seg000:0408                 and     al, 2
seg000:040A                 xor     byte_15F54, al
seg000:040E                 mov     al, byte_15F54
seg000:0411                 xor     al, byte ptr word_161A2
seg000:0415                 and     al, 1
seg000:0417                 xor     byte_15F54, al
seg000:041B                 mov     al, byte_15F54
seg000:041E                 xor     al, byte ptr [bp+var_6]
seg000:0421                 and     al, 10h
seg000:0423                 xor     byte_15F54, al
seg000:0427                 mov     bx, word_15F7E
seg000:042B                 mov     ax, bx
seg000:042D                 shl     bx, 1
seg000:042F                 shl     bx, 1
seg000:0431                 shl     bx, 1
seg000:0433                 add     bx, ax
seg000:0435                 mov     al, [bx+0CA0h]
seg000:0439                 cbw
seg000:043A                 mov     word_15F72, ax
seg000:043D                 mov     cl, 4
seg000:043F                 mov     ax, word_161A0
seg000:0442                 add     ax, 21h ; '!'
seg000:0445                 shl     ax, cl
seg000:0447                 mov     word_15F70, ax
seg000:044A                 mov     ax, word_16194
seg000:044D                 inc     ax
seg000:044E                 inc     ax
seg000:044F                 mov     word_15F74, ax
seg000:0452                 mov     ax, word_16190
seg000:0455                 inc     ax
seg000:0456                 mov     word_15F76, ax
seg000:0459                 call    sub_1113A
seg000:045E
seg000:045E loc_1045E:                              ; CODE XREF: sub_102F4+13↑j
seg000:045E                                         ; sub_102F4+2D↑j
seg000:045E                 cmp     word_15F80, 2
seg000:0463                 jb      short loc_1046A
seg000:0465                 mov     al, 4Eh ; 'N'
seg000:0467                 jmp     short loc_1046D
seg000:0467 ; ---------------------------------------------------------------------------
seg000:0469                 align 2
seg000:046A
seg000:046A loc_1046A:                              ; CODE XREF: sub_102F4+16F↑j
seg000:046A                 mov     al, byte_15F53
seg000:046D
seg000:046D loc_1046D:                              ; CODE XREF: sub_102F4+173↑j
seg000:046D                 and     al, 7Fh
seg000:046F                 mov     [bp+var_2], al
seg000:0472                 cmp     al, 44h ; 'D'
seg000:0474                 jnz     short loc_1047A
seg000:0476                 mov     [bp+var_2], 52h ; 'R'
seg000:047A
seg000:047A loc_1047A:                              ; CODE XREF: sub_102F4+180↑j
seg000:047A                 mov     al, [bp+var_2]
seg000:047D                 or      al, 60h
seg000:047F                 cbw
seg000:0480                 push    ax              ; int
seg000:0481                 call    _exit
seg000:0481 sub_102F4       endp
seg000:0481
seg000:0486 ; ---------------------------------------------------------------------------
seg000:0486                 add     sp, 2
seg000:0489                 pop     si
seg000:048A                 mov     sp, bp
seg000:048C                 pop     bp
seg000:048D                 retf
seg000:048E
seg000:048E ; =============== S U B R O U T I N E =======================================
seg000:048E
seg000:048E
seg000:048E sub_1048E       proc far                ; CODE XREF: _main+1C↑p
seg000:048E                 xor     ax, ax
seg000:0490                 call    __aFchkstk
seg000:0495
seg000:0495 loc_10495:                              ; CODE XREF: sub_1048E+18↓j
seg000:0495                 mov     ax, 650h
seg000:0498                 push    ax
seg000:0499                 call    sub_13CD0
seg000:049E                 add     sp, 2
seg000:04A1                 cmp     ax, 1Bh
seg000:04A4                 jnz     short locret_104A8
seg000:04A6                 jmp     short loc_10495
seg000:04A8 ; ---------------------------------------------------------------------------
seg000:04A8
seg000:04A8 locret_104A8:                           ; CODE XREF: sub_1048E+16↑j
seg000:04A8                 retf
seg000:04A8 sub_1048E       endp
seg000:04A8
seg000:04A8 ; ---------------------------------------------------------------------------
seg000:04A9                 align 2
seg000:04AA
seg000:04AA ; =============== S U B R O U T I N E =======================================
seg000:04AA
seg000:04AA
seg000:04AA sub_104AA       proc far                ; CODE XREF: sub_1011E+138↑p
seg000:04AA                                         ; DATA XREF: sub_10FA6+51↓o
seg000:04AA                 xor     ax, ax
seg000:04AC                 call    __aFchkstk
seg000:04B1                 mov     bl, byte_147C0
seg000:04B5                 sub     bh, bh
seg000:04B7                 mov     ax, bx
seg000:04B9                 shl     bx, 1
seg000:04BB                 shl     bx, 1
seg000:04BD                 shl     bx, 1
seg000:04BF                 add     bx, ax
seg000:04C1                 cmp     byte ptr [bx+0C9Ch], 0
seg000:04C6                 jz      short loc_104DC
seg000:04C8                 mov     bx, word_14879
seg000:04CC                 mov     byte ptr [bx+37h], 1
seg000:04D0                 mov     ax, word_15F86
seg000:04D3                 mov     bx, word_14879
seg000:04D7                 mov     [bx+38h], ax
seg000:04DA                 jmp     short loc_104ED
seg000:04DC ; ---------------------------------------------------------------------------
seg000:04DC
seg000:04DC loc_104DC:                              ; CODE XREF: sub_104AA+1C↑j
seg000:04DC                 mov     bx, word_14879
seg000:04E0                 mov     byte ptr [bx+37h], 0
seg000:04E4                 mov     bx, word_14879
seg000:04E8                 mov     word ptr [bx+38h], 0
seg000:04ED
seg000:04ED loc_104ED:                              ; CODE XREF: sub_104AA+30↑j
seg000:04ED                 mov     bl, byte_147C0
seg000:04F1                 sub     bh, bh
seg000:04F3                 mov     ax, bx
seg000:04F5                 shl     bx, 1
seg000:04F7                 shl     bx, 1
seg000:04F9                 shl     bx, 1
seg000:04FB                 add     bx, ax
seg000:04FD                 cmp     byte ptr [bx+0C9Dh], 0
seg000:0502                 jz      short loc_1050E
seg000:0504                 mov     bx, word_14879
seg000:0508                 mov     byte ptr [bx+48h], 1
seg000:050C                 jmp     short loc_10516
seg000:050E ; ---------------------------------------------------------------------------
seg000:050E
seg000:050E loc_1050E:                              ; CODE XREF: sub_104AA+58↑j
seg000:050E                 mov     bx, word_14879
seg000:0512                 mov     byte ptr [bx+48h], 0
seg000:0516
seg000:0516 loc_10516:                              ; CODE XREF: sub_104AA+62↑j
seg000:0516                 mov     bl, byte_147C0
seg000:051A                 sub     bh, bh
seg000:051C                 mov     ax, bx
seg000:051E                 shl     bx, 1
seg000:0520                 shl     bx, 1
seg000:0522                 shl     bx, 1
seg000:0524                 add     bx, ax
seg000:0526                 cmp     byte ptr [bx+0C9Eh], 0
seg000:052B                 jnz     short loc_10538
seg000:052D                 mov     bx, word_147E5
seg000:0531                 mov     byte ptr [bx+15h], 0
seg000:0535                 jmp     short loc_10540
seg000:0535 ; ---------------------------------------------------------------------------
seg000:0537                 align 2
seg000:0538
seg000:0538 loc_10538:                              ; CODE XREF: sub_104AA+81↑j
seg000:0538                 mov     bx, word_147E5
seg000:053C                 mov     byte ptr [bx+15h], 1
seg000:0540
seg000:0540 loc_10540:                              ; CODE XREF: sub_104AA+8B↑j
seg000:0540                 mov     bl, byte_147C0
seg000:0544                 sub     bh, bh
seg000:0546                 mov     ax, bx
seg000:0548                 shl     bx, 1
seg000:054A                 shl     bx, 1
seg000:054C                 shl     bx, 1
seg000:054E                 add     bx, ax
seg000:0550                 cmp     byte ptr [bx+0C9Fh], 0
seg000:0555                 jnz     short loc_1056A
seg000:0557                 mov     bx, word_147E5
seg000:055B                 mov     byte ptr [bx+26h], 0
seg000:055F                 mov     bx, word_147E5
seg000:0563                 mov     byte ptr [bx+37h], 0
seg000:0567                 jmp     short loc_1057A
seg000:0567 ; ---------------------------------------------------------------------------
seg000:0569                 align 2
seg000:056A
seg000:056A loc_1056A:                              ; CODE XREF: sub_104AA+AB↑j
seg000:056A                 mov     bx, word_147E5
seg000:056E                 mov     byte ptr [bx+37h], 1
seg000:0572                 mov     bx, word_147E5
seg000:0576                 mov     byte ptr [bx+26h], 1
seg000:057A
seg000:057A loc_1057A:                              ; CODE XREF: sub_104AA+BD↑j
seg000:057A                 mov     al, byte_14F6E
seg000:057D                 cbw
seg000:057E                 mov     cl, byte_147C0
seg000:0582                 sub     ch, ch
seg000:0584                 cmp     ax, cx
seg000:0586                 jz      short locret_1059F
seg000:0588                 mov     word_161A0, 1
seg000:058E                 mov     word_16194, 5
seg000:0594                 mov     word_16190, 0
seg000:059A                 mov     al, cl
seg000:059C                 mov     byte_14F6E, al
seg000:059F
seg000:059F locret_1059F:                           ; CODE XREF: sub_104AA+DC↑j
seg000:059F                 retf
seg000:059F sub_104AA       endp
seg000:059F
seg000:05A0 ; ---------------------------------------------------------------------------
seg000:05A0
seg000:05A0 loc_105A0:                              ; DATA XREF: dseg:02EF↓o
seg000:05A0                                         ; dseg:0300↓o ...
seg000:05A0                 push    bp
seg000:05A1                 mov     bp, sp
seg000:05A3                 mov     ax, 2
seg000:05A6                 call    __aFchkstk
seg000:05AB                 mov     ax, word_15F88
seg000:05AE                 mov     [bp-2], ax
seg000:05B1                 cmp     byte_147A8, 0
seg000:05B6                 jnz     short loc_105C0
seg000:05B8                 mov     al, byte_147A8
seg000:05BB                 sub     ah, ah
seg000:05BD                 mov     [bp-2], ax
seg000:05C0
seg000:05C0 loc_105C0:                              ; CODE XREF: seg000:05B6↑j
seg000:05C0                 cmp     byte_147A8, 1
seg000:05C5                 jnz     short loc_1060C
seg000:05C7                 sub     ax, ax
seg000:05C9                 push    ax
seg000:05CA                 mov     cx, 3
seg000:05CD                 push    cx
seg000:05CE                 push    cx
seg000:05CF                 mov     cx, 30h ; '0'
seg000:05D2                 push    cx
seg000:05D3                 push    word_1487E
seg000:05D7                 push    word_1487C
seg000:05DB                 mov     cx, 73Ch
seg000:05DE                 push    cx
seg000:05DF                 mov     cx, 745h
seg000:05E2                 push    cx
seg000:05E3                 push    cs
seg000:05E4                 call    near ptr sub_107FE
seg000:05E7                 add     sp, 10h
seg000:05EA                 or      ax, ax
seg000:05EC                 jnz     short loc_1060A
seg000:05EE                 mov     al, byte_147A8
seg000:05F1                 sub     ah, ah
seg000:05F3                 mov     [bp-2], ax
seg000:05F6                 mov     ax, 0Ch
seg000:05F9                 push    ax
seg000:05FA                 mov     ax, 0D50h
seg000:05FD                 push    ax
seg000:05FE                 mov     ax, 1D36h
seg000:0601                 push    ax
seg000:0602                 call    _memcpy
seg000:0607                 add     sp, 6
seg000:060A
seg000:060A loc_1060A:                              ; CODE XREF: seg000:05EC↑j
seg000:060A                 jmp     short loc_1066D
seg000:060C ; ---------------------------------------------------------------------------
seg000:060C
seg000:060C loc_1060C:                              ; CODE XREF: seg000:05C5↑j
seg000:060C                 cmp     byte_147A8, 2
seg000:0611                 jnz     short loc_1066D
seg000:0613                 mov     ax, 1
seg000:0616                 push    ax
seg000:0617                 mov     ax, 0Fh
seg000:061A                 push    ax
seg000:061B                 mov     ax, 3
seg000:061E                 push    ax
seg000:061F                 mov     ax, 10h
seg000:0622                 push    ax
seg000:0623                 push    word_1487E
seg000:0627                 push    word_1487C
seg000:062B                 mov     ax, 753h
seg000:062E                 push    ax
seg000:062F                 mov     ax, 760h
seg000:0632                 push    ax
seg000:0633                 push    cs
seg000:0634                 call    near ptr sub_107FE
seg000:0637                 add     sp, 10h
seg000:063A                 or      ax, ax
seg000:063C                 jnz     short loc_1066D
seg000:063E                 mov     al, byte_147A8
seg000:0641                 sub     ah, ah
seg000:0643                 mov     [bp-2], ax
seg000:0646                 mov     ax, 0Ch
seg000:0649                 push    ax
seg000:064A                 mov     ax, 0D50h
seg000:064D                 push    ax
seg000:064E                 mov     ax, 1D36h
seg000:0651                 push    ax
seg000:0652                 call    _memcpy
seg000:0657                 add     sp, 6
seg000:065A                 sub     ax, ax
seg000:065C                 push    ax
seg000:065D                 mov     cx, 8
seg000:0660                 push    cx
seg000:0661                 mov     cx, 1D4Ch
seg000:0664                 push    cx
seg000:0665                 push    ax
seg000:0666                 push    cs
seg000:0667                 call    near ptr sub_10C06
seg000:066A                 add     sp, 8
seg000:066D
seg000:066D loc_1066D:                              ; CODE XREF: seg000:loc_1060A↑j
seg000:066D                                         ; seg000:0611↑j ...
seg000:066D                 mov     al, [bp-2]
seg000:0670                 mov     byte_147A8, al
seg000:0673                 sub     ah, ah
seg000:0675                 push    ax
seg000:0676                 push    cs
seg000:0677                 call    near ptr sub_1077E
seg000:067A                 mov     sp, bp
seg000:067C                 pop     bp
seg000:067D                 retf
seg000:067E ; ---------------------------------------------------------------------------
seg000:067E
seg000:067E loc_1067E:                              ; DATA XREF: dseg:0345↓o
seg000:067E                                         ; dseg:0356↓o ...
seg000:067E                 push    bp
seg000:067F                 mov     bp, sp
seg000:0681                 mov     ax, 2
seg000:0684                 call    __aFchkstk
seg000:0689                 mov     ax, word_15F82
seg000:068C                 mov     [bp-2], ax
seg000:068F                 cmp     byte_147B4, 2
seg000:0694                 jnz     short loc_106DC
seg000:0696                 sub     ax, ax
seg000:0698                 push    ax
seg000:0699                 mov     cx, 0Ch
seg000:069C                 push    cx
seg000:069D                 push    cx
seg000:069E                 mov     cx, 20h ; ' '
seg000:06A1                 push    cx
seg000:06A2                 push    word_1487E
seg000:06A6                 push    word_1487C
seg000:06AA                 mov     cx, 76Dh
seg000:06AD                 push    cx
seg000:06AE                 mov     cx, 77Ah
seg000:06B1                 push    cx
seg000:06B2                 push    cs
seg000:06B3                 call    near ptr sub_107FE
seg000:06B6                 add     sp, 10h
seg000:06B9                 or      ax, ax
seg000:06BB                 jnz     short loc_106D9
seg000:06BD                 mov     al, byte_147B4
seg000:06C0                 sub     ah, ah
seg000:06C2                 mov     [bp-2], ax
seg000:06C5                 mov     ax, 0Ch
seg000:06C8                 push    ax
seg000:06C9                 mov     ax, 0D50h
seg000:06CC                 push    ax
seg000:06CD                 mov     ax, 1D42h
seg000:06D0                 push    ax
seg000:06D1                 call    _memcpy
seg000:06D6                 add     sp, 6
seg000:06D9
seg000:06D9 loc_106D9:                              ; CODE XREF: seg000:06BB↑j
seg000:06D9                 jmp     loc_1076E
seg000:06DC ; ---------------------------------------------------------------------------
seg000:06DC
seg000:06DC loc_106DC:                              ; CODE XREF: seg000:0694↑j
seg000:06DC                 cmp     byte_147B4, 3
seg000:06E1                 jnz     short loc_1072A
seg000:06E3                 sub     ax, ax
seg000:06E5                 push    ax
seg000:06E6                 mov     cx, 0Fh
seg000:06E9                 push    cx
seg000:06EA                 mov     cx, 8
seg000:06ED                 push    cx
seg000:06EE                 mov     cx, 20h ; ' '
seg000:06F1                 push    cx
seg000:06F2                 mov     cx, 785h
seg000:06F5                 push    cx
seg000:06F6                 mov     cx, 78Ch
seg000:06F9                 push    cx
seg000:06FA                 mov     cx, 790h
seg000:06FD                 push    cx
seg000:06FE                 mov     cx, 79Bh
seg000:0701                 push    cx
seg000:0702                 push    cs
seg000:0703                 call    near ptr sub_107FE
seg000:0706                 add     sp, 10h
seg000:0709                 or      ax, ax
seg000:070B                 jnz     short loc_10727
seg000:070D                 mov     al, byte_147B4
seg000:0710                 sub     ah, ah
seg000:0712                 mov     [bp-2], ax
seg000:0715                 mov     ax, word_14F72
seg000:0718                 mov     word_15F64, ax
seg000:071B                 mov     ax, word_14F76
seg000:071E                 mov     word_15F68, ax
seg000:0721                 mov     ax, word_14F7A
seg000:0724                 mov     word_15F6C, ax
seg000:0727
seg000:0727 loc_10727:                              ; CODE XREF: seg000:070B↑j
seg000:0727                 jmp     short loc_1076E
seg000:0727 ; ---------------------------------------------------------------------------
seg000:0729                 align 2
seg000:072A
seg000:072A loc_1072A:                              ; CODE XREF: seg000:06E1↑j
seg000:072A                 sub     ax, ax
seg000:072C                 push    ax
seg000:072D                 mov     cx, 0Fh
seg000:0730                 push    cx
seg000:0731                 mov     cx, 4
seg000:0734                 push    cx
seg000:0735                 mov     cx, 20h ; ' '
seg000:0738                 push    cx
seg000:0739                 mov     cx, 7AEh
seg000:073C                 push    cx
seg000:073D                 mov     cx, 7B8h
seg000:0740                 push    cx
seg000:0741                 mov     cx, 7C1h
seg000:0744                 push    cx
seg000:0745                 mov     cx, 7C8h
seg000:0748                 push    cx
seg000:0749                 push    cs
seg000:074A                 call    near ptr sub_107FE
seg000:074D                 add     sp, 10h
seg000:0750                 or      ax, ax
seg000:0752                 jnz     short loc_1076E
seg000:0754                 mov     al, byte_147B4
seg000:0757                 sub     ah, ah
seg000:0759                 mov     [bp-2], ax
seg000:075C                 mov     ax, word_14F70
seg000:075F                 mov     word_15F62, ax
seg000:0762                 mov     ax, word_14F74
seg000:0765                 mov     word_15F66, ax
seg000:0768                 mov     ax, word_14F78
seg000:076B                 mov     word_15F6A, ax
seg000:076E
seg000:076E loc_1076E:                              ; CODE XREF: seg000:loc_106D9↑j
seg000:076E                                         ; seg000:loc_10727↑j ...
seg000:076E                 mov     al, [bp-2]
seg000:0771                 mov     byte_147B4, al
seg000:0774                 sub     ah, ah
seg000:0776                 mov     word_15F82, ax
seg000:0779                 mov     sp, bp
seg000:077B                 pop     bp
seg000:077C                 retf
seg000:077C ; ---------------------------------------------------------------------------
seg000:077D                 align 2
seg000:077E
seg000:077E ; =============== S U B R O U T I N E =======================================
seg000:077E
seg000:077E ; Attributes: bp-based frame
seg000:077E
seg000:077E sub_1077E       proc far                ; CODE XREF: sub_1011E+140↑p
seg000:077E                                         ; seg000:0677↑p
seg000:077E
seg000:077E var_2           = word ptr -2
seg000:077E arg_0           = word ptr  6
seg000:077E
seg000:077E                 push    bp
seg000:077F                 mov     bp, sp
seg000:0781                 mov     ax, 2
seg000:0784                 call    __aFchkstk
seg000:0789                 push    si
seg000:078A                 cmp     [bp+arg_0], 0
seg000:078E                 jnz     short loc_107AE
seg000:0790                 mov     bx, word_14879
seg000:0794                 mov     byte ptr [bx+15h], 0
seg000:0798                 mov     byte_147B4, 0
seg000:079D                 sub     ax, ax
seg000:079F                 mov     word_15F82, ax
seg000:07A2                 mov     bx, word_14879
seg000:07A6                 mov     [bx+16h], ax
seg000:07A9                 pop     si
seg000:07AA                 mov     sp, bp
seg000:07AC                 pop     bp
seg000:07AD                 retf
seg000:07AE ; ---------------------------------------------------------------------------
seg000:07AE
seg000:07AE loc_107AE:                              ; CODE XREF: sub_1077E+10↑j
seg000:07AE                 mov     bx, word_14879
seg000:07B2                 mov     byte ptr [bx+15h], 1
seg000:07B6                 cmp     [bp+arg_0], 1
seg000:07BA                 jnz     short loc_107C2
seg000:07BC                 mov     ax, 1
seg000:07BF                 jmp     short loc_107C4
seg000:07BF ; ---------------------------------------------------------------------------
seg000:07C1                 align 2
seg000:07C2
seg000:07C2 loc_107C2:                              ; CODE XREF: sub_1077E+3C↑j
seg000:07C2                 sub     ax, ax
seg000:07C4
seg000:07C4 loc_107C4:                              ; CODE XREF: sub_1077E+41↑j
seg000:07C4                 mov     [bp+var_2], ax
seg000:07C7                 mov     bx, word_147B5
seg000:07CB                 mov     [bx+26h], al
seg000:07CE                 mov     bx, word_147B5
seg000:07D2                 mov     [bx+37h], al
seg000:07D5                 mov     ax, 11h
seg000:07D8                 mul     word_15F82
seg000:07DC                 mov     si, ax
seg000:07DE                 mov     bx, word_147B5
seg000:07E2                 cmp     byte ptr [bx+si+4], 0
seg000:07E6                 jnz     short loc_107F9
seg000:07E8                 mov     byte_147B4, 0
seg000:07ED                 sub     ax, ax
seg000:07EF                 mov     word_15F82, ax
seg000:07F2                 mov     bx, word_14879
seg000:07F6                 mov     [bx+16h], ax
seg000:07F9
seg000:07F9 loc_107F9:                              ; CODE XREF: sub_1077E+68↑j
seg000:07F9                 pop     si
seg000:07FA                 mov     sp, bp
seg000:07FC                 pop     bp
seg000:07FD                 retf
seg000:07FD sub_1077E       endp
seg000:07FD
seg000:07FE
seg000:07FE ; =============== S U B R O U T I N E =======================================
seg000:07FE
seg000:07FE ; Attributes: bp-based frame
seg000:07FE
seg000:07FE sub_107FE       proc far                ; CODE XREF: seg000:05E4↑p
seg000:07FE                                         ; seg000:0634↑p ...
seg000:07FE
seg000:07FE var_4           = word ptr -4
seg000:07FE var_2           = word ptr -2
seg000:07FE arg_0           = word ptr  6
seg000:07FE arg_2           = word ptr  8
seg000:07FE arg_4           = word ptr  0Ah
seg000:07FE arg_6           = word ptr  0Ch
seg000:07FE arg_8           = word ptr  0Eh
seg000:07FE arg_A           = word ptr  10h
seg000:07FE arg_C           = word ptr  12h
seg000:07FE arg_E           = word ptr  14h
seg000:07FE
seg000:07FE                 push    bp
seg000:07FF                 mov     bp, sp
seg000:0801                 mov     ax, 4
seg000:0804                 call    __aFchkstk
seg000:0809                 jmp     short loc_10811
seg000:0809 ; ---------------------------------------------------------------------------
seg000:080B                 align 2
seg000:080C
seg000:080C loc_1080C:                              ; CODE XREF: sub_107FE:loc_10A3B↓j
seg000:080C                                         ; sub_107FE:loc_10B1B↓j ...
seg000:080C                 call    sub_138DC
seg000:0811
seg000:0811 loc_10811:                              ; CODE XREF: sub_107FE+B↑j
seg000:0811                 mov     ax, 0Bh
seg000:0814                 push    ax
seg000:0815                 mov     cx, 24h ; '$'
seg000:0818                 push    cx
seg000:0819                 mov     cx, 0Ah
seg000:081C                 push    cx
seg000:081D                 mov     cx, 18h
seg000:0820                 push    cx
seg000:0821                 mov     cx, 2
seg000:0824                 push    cx
seg000:0825                 add     ax, [bp+arg_8]
seg000:0828                 push    ax
seg000:0829                 call    sub_13912
seg000:082E                 add     sp, 0Ch
seg000:0831                 push    [bp+arg_A]
seg000:0834                 push    cs
seg000:0835                 call    near ptr sub_10C7A
seg000:0838                 add     sp, 2
seg000:083B                 or      ax, ax
seg000:083D                 jz      short loc_10874
seg000:083F                 mov     ax, [bp+arg_8]
seg000:0842                 add     ax, 4
seg000:0845                 push    ax
seg000:0846                 call    sub_130FE
seg000:084B                 add     sp, 2
seg000:084E                 mov     ax, 7D7h
seg000:0851                 push    ax
seg000:0852                 call    sub_1357A
seg000:0857                 add     sp, 2
seg000:085A                 push    [bp+arg_0]
seg000:085D                 call    sub_1357A
seg000:0862                 add     sp, 2
seg000:0865                 mov     ax, 7F3h
seg000:0868                 push    ax
seg000:0869                 call    sub_1357A
seg000:086E                 add     sp, 2
seg000:0871                 jmp     short loc_108B4
seg000:0871 ; ---------------------------------------------------------------------------
seg000:0873                 align 2
seg000:0874
seg000:0874 loc_10874:                              ; CODE XREF: sub_107FE+3F↑j
seg000:0874                 push    [bp+arg_8]
seg000:0877                 call    sub_130FE
seg000:087C                 add     sp, 2
seg000:087F                 mov     ax, 81Ch
seg000:0882                 push    ax
seg000:0883                 call    sub_1357A
seg000:0888                 add     sp, 2
seg000:088B                 push    [bp+arg_0]
seg000:088E                 call    sub_1357A
seg000:0893                 add     sp, 2
seg000:0896                 mov     ax, 84Bh
seg000:0899                 push    ax
seg000:089A                 call    sub_1357A
seg000:089F                 add     sp, 2
seg000:08A2                 cmp     [bp+arg_E], 0
seg000:08A6                 jz      short loc_108B4
seg000:08A8                 mov     ax, 84Eh
seg000:08AB                 push    ax
seg000:08AC                 call    sub_1357A
seg000:08B1                 add     sp, 2
seg000:08B4
seg000:08B4 loc_108B4:                              ; CODE XREF: sub_107FE+73↑j
seg000:08B4                                         ; sub_107FE+A8↑j
seg000:08B4                 mov     ax, [bp+arg_8]
seg000:08B7                 add     ax, 0Bh
seg000:08BA                 push    ax
seg000:08BB                 call    sub_130FE
seg000:08C0                 add     sp, 2
seg000:08C3                 mov     ax, 86Fh
seg000:08C6                 push    ax
seg000:08C7                 call    sub_1357A
seg000:08CC                 add     sp, 2
seg000:08CF                 push    [bp+arg_2]
seg000:08D2                 call    sub_1357A
seg000:08D7                 add     sp, 2
seg000:08DA                 mov     ax, 876h
seg000:08DD                 push    ax
seg000:08DE                 call    sub_1357A
seg000:08E3                 add     sp, 2
seg000:08E6                 push    [bp+arg_C]
seg000:08E9                 push    [bp+arg_A]
seg000:08EC                 mov     ax, 0D56h
seg000:08EF                 push    ax
seg000:08F0                 mov     ax, 0D54h
seg000:08F3                 push    ax
seg000:08F4                 push    cs
seg000:08F5                 call    near ptr sub_10B2C
seg000:08F8                 add     sp, 8
seg000:08FB                 or      ax, ax
seg000:08FD                 jz      short loc_1090C
seg000:08FF                 call    sub_138DC
seg000:0904                 mov     ax, 1
seg000:0907                 mov     sp, bp
seg000:0909                 pop     bp
seg000:090A                 retf
seg000:090A ; ---------------------------------------------------------------------------
seg000:090B                 align 2
seg000:090C
seg000:090C loc_1090C:                              ; CODE XREF: sub_107FE+FF↑j
seg000:090C                 lea     ax, [bp+var_4]
seg000:090F                 push    ax
seg000:0910                 lea     cx, [bp+var_2]
seg000:0913                 push    cx
seg000:0914                 call    sub_137E2
seg000:0919                 add     sp, 4
seg000:091C                 mov     ax, [bp+arg_8]
seg000:091F                 add     ax, 9
seg000:0922                 push    ax
seg000:0923                 call    sub_130FE
seg000:0928                 add     sp, 2
seg000:092B                 mov     ax, [bp+var_4]
seg000:092E                 dec     ax
seg000:092F                 push    ax
seg000:0930                 push    [bp+var_2]
seg000:0933                 call    sub_1346E
seg000:0938                 add     sp, 4
seg000:093B                 mov     ax, [bp+var_4]
seg000:093E                 dec     ax
seg000:093F                 dec     ax
seg000:0940                 push    ax
seg000:0941                 mov     ax, [bp+var_2]
seg000:0944                 add     ax, 1Fh
seg000:0947                 push    ax
seg000:0948                 call    sub_131C2
seg000:094D                 add     sp, 4
seg000:0950                 push    [bp+arg_C]
seg000:0953                 push    [bp+arg_A]
seg000:0956                 push    cs
seg000:0957                 call    near ptr sub_10BA6
seg000:095A                 add     sp, 4
seg000:095D                 mov     ax, [bp+arg_8]
seg000:0960                 add     ax, 0Bh
seg000:0963                 push    ax
seg000:0964                 call    sub_130FE
seg000:0969                 add     sp, 2
seg000:096C                 mov     ax, 89Fh
seg000:096F                 push    ax
seg000:0970                 call    sub_1357A
seg000:0975                 add     sp, 2
seg000:0978                 push    [bp+arg_2]
seg000:097B                 call    sub_1357A
seg000:0980                 add     sp, 2
seg000:0983                 mov     ax, 8A6h
seg000:0986                 push    ax
seg000:0987                 call    sub_1357A
seg000:098C                 add     sp, 2
seg000:098F                 push    [bp+arg_4]
seg000:0992                 call    sub_1357A
seg000:0997                 add     sp, 2
seg000:099A                 mov     ax, 8ABh
seg000:099D                 push    ax
seg000:099E                 call    sub_1357A
seg000:09A3                 add     sp, 2
seg000:09A6                 push    [bp+arg_C]
seg000:09A9                 push    [bp+arg_A]
seg000:09AC                 mov     ax, 0D52h
seg000:09AF                 push    ax
seg000:09B0                 mov     ax, 0D50h
seg000:09B3                 push    ax
seg000:09B4                 push    cs
seg000:09B5                 call    near ptr sub_10B2C
seg000:09B8                 add     sp, 8
seg000:09BB                 or      ax, ax
seg000:09BD                 jz      short loc_109CC
seg000:09BF                 call    sub_138DC
seg000:09C4                 mov     ax, 1
seg000:09C7                 mov     sp, bp
seg000:09C9                 pop     bp
seg000:09CA                 retf
seg000:09CA ; ---------------------------------------------------------------------------
seg000:09CB                 align 2
seg000:09CC
seg000:09CC loc_109CC:                              ; CODE XREF: sub_107FE+1BF↑j
seg000:09CC                 lea     ax, [bp+var_4]
seg000:09CF                 push    ax
seg000:09D0                 lea     cx, [bp+var_2]
seg000:09D3                 push    cx
seg000:09D4                 call    sub_137E2
seg000:09D9                 add     sp, 4
seg000:09DC                 mov     ax, [bp+arg_8]
seg000:09DF                 add     ax, 9
seg000:09E2                 push    ax
seg000:09E3                 call    sub_130FE
seg000:09E8                 add     sp, 2
seg000:09EB                 mov     ax, [bp+var_4]
seg000:09EE                 dec     ax
seg000:09EF                 push    ax
seg000:09F0                 push    [bp+var_2]
seg000:09F3                 call    sub_1346E
seg000:09F8                 add     sp, 4
seg000:09FB                 mov     ax, [bp+var_4]
seg000:09FE                 dec     ax
seg000:09FF                 dec     ax
seg000:0A00                 push    ax
seg000:0A01                 mov     ax, [bp+var_2]
seg000:0A04                 add     ax, 1Fh
seg000:0A07                 push    ax
seg000:0A08                 call    sub_131C2
seg000:0A0D                 add     sp, 4
seg000:0A10                 push    [bp+arg_C]
seg000:0A13                 push    [bp+arg_A]
seg000:0A16                 push    cs
seg000:0A17                 call    near ptr sub_10BA6
seg000:0A1A                 add     sp, 4
seg000:0A1D                 test    byte ptr [bp+arg_A], 5
seg000:0A21                 jz      short loc_10A2C
seg000:0A23                 mov     ax, word_14F70
seg000:0A26                 cmp     word_14F74, ax
seg000:0A2A                 jle     short loc_10A3B
seg000:0A2C
seg000:0A2C loc_10A2C:                              ; CODE XREF: sub_107FE+223↑j
seg000:0A2C                 test    byte ptr [bp+arg_A], 0Ah
seg000:0A30                 jz      short loc_10A3E
seg000:0A32                 mov     ax, word_14F76
seg000:0A35                 cmp     word_14F72, ax
seg000:0A39                 jl      short loc_10A3E
seg000:0A3B
seg000:0A3B loc_10A3B:                              ; CODE XREF: sub_107FE+22C↑j
seg000:0A3B                 jmp     loc_1080C
seg000:0A3E ; ---------------------------------------------------------------------------
seg000:0A3E
seg000:0A3E loc_10A3E:                              ; CODE XREF: sub_107FE+232↑j
seg000:0A3E                                         ; sub_107FE+23B↑j
seg000:0A3E                 mov     ax, [bp+arg_8]
seg000:0A41                 add     ax, 0Bh
seg000:0A44                 push    ax
seg000:0A45                 call    sub_130FE
seg000:0A4A                 add     sp, 2
seg000:0A4D                 mov     ax, 8CAh
seg000:0A50                 push    ax
seg000:0A51                 call    sub_1357A
seg000:0A56                 add     sp, 2
seg000:0A59                 push    [bp+arg_2]
seg000:0A5C                 call    sub_1357A
seg000:0A61                 add     sp, 2
seg000:0A64                 mov     ax, 8D1h
seg000:0A67                 push    ax
seg000:0A68                 call    sub_1357A
seg000:0A6D                 add     sp, 2
seg000:0A70                 push    [bp+arg_6]
seg000:0A73                 call    sub_1357A
seg000:0A78                 add     sp, 2
seg000:0A7B                 mov     ax, 8D6h
seg000:0A7E                 push    ax
seg000:0A7F                 call    sub_1357A
seg000:0A84                 add     sp, 2
seg000:0A87                 push    [bp+arg_C]
seg000:0A8A                 push    [bp+arg_A]
seg000:0A8D                 mov     ax, 0D5Ah
seg000:0A90                 push    ax
seg000:0A91                 mov     ax, 0D58h
seg000:0A94                 push    ax
seg000:0A95                 push    cs
seg000:0A96                 call    near ptr sub_10B2C
seg000:0A99                 add     sp, 8
seg000:0A9C                 or      ax, ax
seg000:0A9E                 jz      short loc_10AAC
seg000:0AA0                 call    sub_138DC
seg000:0AA5                 mov     ax, 1
seg000:0AA8                 mov     sp, bp
seg000:0AAA                 pop     bp
seg000:0AAB                 retf
seg000:0AAC ; ---------------------------------------------------------------------------
seg000:0AAC
seg000:0AAC loc_10AAC:                              ; CODE XREF: sub_107FE+2A0↑j
seg000:0AAC                 lea     ax, [bp+var_4]
seg000:0AAF                 push    ax
seg000:0AB0                 lea     cx, [bp+var_2]
seg000:0AB3                 push    cx
seg000:0AB4                 call    sub_137E2
seg000:0AB9                 add     sp, 4
seg000:0ABC                 mov     ax, [bp+arg_8]
seg000:0ABF                 add     ax, 9
seg000:0AC2                 push    ax
seg000:0AC3                 call    sub_130FE
seg000:0AC8                 add     sp, 2
seg000:0ACB                 mov     ax, [bp+var_4]
seg000:0ACE                 dec     ax
seg000:0ACF                 push    ax
seg000:0AD0                 push    [bp+var_2]
seg000:0AD3                 call    sub_1346E
seg000:0AD8                 add     sp, 4
seg000:0ADB                 mov     ax, [bp+var_4]
seg000:0ADE                 dec     ax
seg000:0ADF                 dec     ax
seg000:0AE0                 push    ax
seg000:0AE1                 mov     ax, [bp+var_2]
seg000:0AE4                 add     ax, 1Fh
seg000:0AE7                 push    ax
seg000:0AE8                 call    sub_131C2
seg000:0AED                 add     sp, 4
seg000:0AF0                 push    [bp+arg_C]
seg000:0AF3                 push    [bp+arg_A]
seg000:0AF6                 push    cs
seg000:0AF7                 call    near ptr sub_10BA6
seg000:0AFA                 add     sp, 4
seg000:0AFD                 test    byte ptr [bp+arg_A], 5
seg000:0B01                 jz      short loc_10B0C
seg000:0B03                 mov     ax, word_14F78
seg000:0B06                 cmp     word_14F74, ax
seg000:0B0A                 jge     short loc_10B1B
seg000:0B0C
seg000:0B0C loc_10B0C:                              ; CODE XREF: sub_107FE+303↑j
seg000:0B0C                 test    byte ptr [bp+arg_A], 0Ah
seg000:0B10                 jz      short loc_10B1E
seg000:0B12                 mov     ax, word_14F7A
seg000:0B15                 cmp     word_14F76, ax
seg000:0B19                 jl      short loc_10B1E
seg000:0B1B
seg000:0B1B loc_10B1B:                              ; CODE XREF: sub_107FE+30C↑j
seg000:0B1B                 jmp     loc_1080C
seg000:0B1E ; ---------------------------------------------------------------------------
seg000:0B1E
seg000:0B1E loc_10B1E:                              ; CODE XREF: sub_107FE+312↑j
seg000:0B1E                                         ; sub_107FE+31B↑j
seg000:0B1E                 call    sub_138DC
seg000:0B23                 sub     ax, ax
seg000:0B25                 mov     sp, bp
seg000:0B27                 pop     bp
seg000:0B28                 retf
seg000:0B28 sub_107FE       endp
seg000:0B28
seg000:0B29 ; ---------------------------------------------------------------------------
seg000:0B29                 jmp     loc_1080C
seg000:0B2C
seg000:0B2C ; =============== S U B R O U T I N E =======================================
seg000:0B2C
seg000:0B2C ; Attributes: bp-based frame
seg000:0B2C
seg000:0B2C sub_10B2C       proc far                ; CODE XREF: sub_107FE+F7↑p
seg000:0B2C                                         ; sub_107FE+1B7↑p ...
seg000:0B2C
seg000:0B2C var_6           = word ptr -6
seg000:0B2C var_4           = word ptr -4
seg000:0B2C var_2           = word ptr -2
seg000:0B2C arg_0           = word ptr  6
seg000:0B2C arg_2           = word ptr  8
seg000:0B2C arg_4           = word ptr  0Ah
seg000:0B2C arg_6           = word ptr  0Ch
seg000:0B2C
seg000:0B2C                 push    bp
seg000:0B2D                 mov     bp, sp
seg000:0B2F                 mov     ax, 6
seg000:0B32                 call    __aFchkstk
seg000:0B37                 push    [bp+arg_4]
seg000:0B3A                 sub     ax, ax
seg000:0B3C                 push    ax
seg000:0B3D                 push    ax
seg000:0B3E                 push    cs
seg000:0B3F                 call    near ptr sub_10C06
seg000:0B42                 add     sp, 6
seg000:0B45                 mov     [bp+var_2], ax
seg000:0B48
seg000:0B48 loc_10B48:                              ; CODE XREF: sub_10B2C:loc_10BA3↓j
seg000:0B48                 call    sub_130A0
seg000:0B4D                 mov     [bp+var_6], ax
seg000:0B50                 cmp     ax, 1Bh
seg000:0B53                 jnz     short loc_10B5C
seg000:0B55                 mov     ax, 1
seg000:0B58                 mov     sp, bp
seg000:0B5A                 pop     bp
seg000:0B5B                 retf
seg000:0B5C ; ---------------------------------------------------------------------------
seg000:0B5C
seg000:0B5C loc_10B5C:                              ; CODE XREF: sub_10B2C+27↑j
seg000:0B5C                 push    [bp+arg_6]
seg000:0B5F                 push    [bp+arg_4]
seg000:0B62                 push    [bp+arg_2]
seg000:0B65                 push    [bp+arg_0]
seg000:0B68                 push    cs
seg000:0B69                 call    near ptr sub_10C06
seg000:0B6C                 add     sp, 8
seg000:0B6F                 or      ax, ax
seg000:0B71                 jnz     short loc_10B79
seg000:0B73                 cmp     [bp+var_6], 0Dh
seg000:0B77                 jnz     short loc_10B80
seg000:0B79
seg000:0B79 loc_10B79:                              ; CODE XREF: sub_10B2C+45↑j
seg000:0B79                 mov     [bp+var_4], 1
seg000:0B7E                 jmp     short loc_10B83
seg000:0B80 ; ---------------------------------------------------------------------------
seg000:0B80
seg000:0B80 loc_10B80:                              ; CODE XREF: sub_10B2C+4B↑j
seg000:0B80                 mov     [bp+var_4], ax
seg000:0B83
seg000:0B83 loc_10B83:                              ; CODE XREF: sub_10B2C+52↑j
seg000:0B83                 cmp     [bp+var_4], 0
seg000:0B87                 jz      short loc_10B98
seg000:0B89                 cmp     [bp+var_2], 0
seg000:0B8D                 jnz     short loc_10B98
seg000:0B8F                 sub     ax, ax
seg000:0B91                 mov     sp, bp
seg000:0B93                 pop     bp
seg000:0B94                 retf
seg000:0B95 ; ---------------------------------------------------------------------------
seg000:0B95                 jmp     short loc_10BA3
seg000:0B95 ; ---------------------------------------------------------------------------
seg000:0B97                 align 2
seg000:0B98
seg000:0B98 loc_10B98:                              ; CODE XREF: sub_10B2C+5B↑j
seg000:0B98                                         ; sub_10B2C+61↑j
seg000:0B98                 cmp     [bp+var_4], 0
seg000:0B9C                 jnz     short loc_10BA3
seg000:0B9E                 mov     [bp+var_2], 0
seg000:0BA3
seg000:0BA3 loc_10BA3:                              ; CODE XREF: sub_10B2C+69↑j
seg000:0BA3                                         ; sub_10B2C+70↑j
seg000:0BA3                 jmp     short loc_10B48
seg000:0BA3 sub_10B2C       endp
seg000:0BA3
seg000:0BA3 ; ---------------------------------------------------------------------------
seg000:0BA5                 align 2
seg000:0BA6
seg000:0BA6 ; =============== S U B R O U T I N E =======================================
seg000:0BA6
seg000:0BA6 ; Attributes: bp-based frame
seg000:0BA6
seg000:0BA6 sub_10BA6       proc far                ; CODE XREF: sub_107FE+159↑p
seg000:0BA6                                         ; sub_107FE+219↑p ...
seg000:0BA6
seg000:0BA6 var_2           = word ptr -2
seg000:0BA6 arg_0           = word ptr  6
seg000:0BA6 arg_2           = word ptr  8
seg000:0BA6
seg000:0BA6                 push    bp
seg000:0BA7                 mov     bp, sp
seg000:0BA9                 mov     ax, 2
seg000:0BAC                 call    __aFchkstk
seg000:0BB1                 mov     [bp+var_2], 0
seg000:0BB6                 jmp     short loc_10BBB
seg000:0BB8 ; ---------------------------------------------------------------------------
seg000:0BB8
seg000:0BB8 loc_10BB8:                              ; CODE XREF: sub_10BA6:loc_10C00↓j
seg000:0BB8                 inc     [bp+var_2]
seg000:0BBB
seg000:0BBB loc_10BBB:                              ; CODE XREF: sub_10BA6+10↑j
seg000:0BBB                 cmp     [bp+var_2], 0Ch
seg000:0BBF                 jge     short loc_10C02
seg000:0BC1
seg000:0BC1 loc_10BC1:                              ; CODE XREF: sub_10BA6+2B↓j
seg000:0BC1                 mov     ax, 3DAh
seg000:0BC4                 push    ax              ; unsigned int
seg000:0BC5                 call    _inp
seg000:0BCA                 add     sp, 2
seg000:0BCD                 test    al, 8
seg000:0BCF                 jz      short loc_10BD4
seg000:0BD1                 jmp     short loc_10BC1
seg000:0BD1 ; ---------------------------------------------------------------------------
seg000:0BD3                 align 2
seg000:0BD4
seg000:0BD4 loc_10BD4:                              ; CODE XREF: sub_10BA6+29↑j
seg000:0BD4                                         ; sub_10BA6+3E↓j
seg000:0BD4                 mov     ax, 3DAh
seg000:0BD7                 push    ax              ; unsigned int
seg000:0BD8                 call    _inp
seg000:0BDD                 add     sp, 2
seg000:0BE0                 test    al, 8
seg000:0BE2                 jnz     short loc_10BE6
seg000:0BE4                 jmp     short loc_10BD4
seg000:0BE6 ; ---------------------------------------------------------------------------
seg000:0BE6
seg000:0BE6 loc_10BE6:                              ; CODE XREF: sub_10BA6+3C↑j
seg000:0BE6                 push    [bp+arg_2]
seg000:0BE9                 push    [bp+arg_0]
seg000:0BEC                 sub     ax, ax
seg000:0BEE                 push    ax
seg000:0BEF                 push    ax
seg000:0BF0                 push    cs
seg000:0BF1                 call    near ptr sub_10C06
seg000:0BF4                 add     sp, 8
seg000:0BF7                 or      ax, ax
seg000:0BF9                 jz      short loc_10C00
seg000:0BFB                 mov     [bp+var_2], 0
seg000:0C00
seg000:0C00 loc_10C00:                              ; CODE XREF: sub_10BA6+53↑j
seg000:0C00                 jmp     short loc_10BB8
seg000:0C02 ; ---------------------------------------------------------------------------
seg000:0C02
seg000:0C02 loc_10C02:                              ; CODE XREF: sub_10BA6+19↑j
seg000:0C02                 mov     sp, bp
seg000:0C04                 pop     bp
seg000:0C05                 retf
seg000:0C05 sub_10BA6       endp
seg000:0C05
seg000:0C06
seg000:0C06 ; =============== S U B R O U T I N E =======================================
seg000:0C06
seg000:0C06 ; Attributes: bp-based frame
seg000:0C06
seg000:0C06 sub_10C06       proc far                ; CODE XREF: seg000:0667↑p
seg000:0C06                                         ; sub_10B2C+13↑p ...
seg000:0C06
seg000:0C06 arg_0           = word ptr  6
seg000:0C06 arg_2           = word ptr  8
seg000:0C06 arg_4           = word ptr  0Ah
seg000:0C06 arg_6           = byte ptr  0Ch
seg000:0C06
seg000:0C06                 push    bp
seg000:0C07                 mov     bp, sp
seg000:0C09                 xor     ax, ax
seg000:0C0B                 call    __aFchkstk
seg000:0C10                 mov     ax, [bp+arg_4]
seg000:0C13                 mov     word_15F50, ax
seg000:0C16                 call    sub_12F5C
seg000:0C1B                 cmp     [bp+arg_0], 0
seg000:0C1F                 jz      short loc_10C3A
seg000:0C21                 test    byte ptr [bp+arg_4], 3
seg000:0C25                 jz      short loc_10C32
seg000:0C27                 mov     ax, word_1618A
seg000:0C2A                 mov     bx, [bp+arg_0]
seg000:0C2D                 mov     [bx], ax
seg000:0C2F                 jmp     short loc_10C3A
seg000:0C2F ; ---------------------------------------------------------------------------
seg000:0C31                 align 2
seg000:0C32
seg000:0C32 loc_10C32:                              ; CODE XREF: sub_10C06+1F↑j
seg000:0C32                 mov     ax, word_16198
seg000:0C35                 mov     bx, [bp+arg_0]
seg000:0C38                 mov     [bx], ax
seg000:0C3A
seg000:0C3A loc_10C3A:                              ; CODE XREF: sub_10C06+19↑j
seg000:0C3A                                         ; sub_10C06+29↑j
seg000:0C3A                 cmp     [bp+arg_2], 0
seg000:0C3E                 jz      short loc_10C58
seg000:0C40                 test    byte ptr [bp+arg_4], 3
seg000:0C44                 jz      short loc_10C50
seg000:0C46                 mov     ax, word_1618C
seg000:0C49                 mov     bx, [bp+arg_2]
seg000:0C4C                 mov     [bx], ax
seg000:0C4E                 jmp     short loc_10C58
seg000:0C50 ; ---------------------------------------------------------------------------
seg000:0C50
seg000:0C50 loc_10C50:                              ; CODE XREF: sub_10C06+3E↑j
seg000:0C50                 mov     ax, word_1619A
seg000:0C53                 mov     bx, [bp+arg_2]
seg000:0C56                 mov     [bx], ax
seg000:0C58
seg000:0C58 loc_10C58:                              ; CODE XREF: sub_10C06+38↑j
seg000:0C58                                         ; sub_10C06+48↑j
seg000:0C58                 mov     dx, 201h
seg000:0C5B                 in      al, dx          ; Game I/O port
seg000:0C5B                                         ; bits 0-3: Coordinates (resistive, time-dependent inputs)
seg000:0C5B                                         ; bits 4-7: Buttons/Triggers (digital inputs)
seg000:0C5C                 not     al
seg000:0C5E                 shr     al, 1
seg000:0C60                 shr     al, 1
seg000:0C62                 shr     al, 1
seg000:0C64                 shr     al, 1
seg000:0C66                 xor     ah, ah
seg000:0C68                 and     al, [bp+arg_6]
seg000:0C6B                 mov     word_15F7C, ax
seg000:0C6E                 mov     ax, word_15F7C
seg000:0C71                 mov     sp, bp
seg000:0C73                 pop     bp
seg000:0C74                 retf
seg000:0C74 sub_10C06       endp
seg000:0C74
seg000:0C75 ; ---------------------------------------------------------------------------
seg000:0C75                 mov     sp, bp
seg000:0C77                 pop     bp
seg000:0C78                 retf
seg000:0C78 ; ---------------------------------------------------------------------------
seg000:0C79                 align 2
seg000:0C7A
seg000:0C7A ; =============== S U B R O U T I N E =======================================
seg000:0C7A
seg000:0C7A ; Attributes: bp-based frame
seg000:0C7A
seg000:0C7A sub_10C7A       proc far                ; CODE XREF: sub_107FE+37↑p
seg000:0C7A
seg000:0C7A var_6           = word ptr -6
seg000:0C7A var_4           = word ptr -4
seg000:0C7A var_2           = word ptr -2
seg000:0C7A arg_0           = word ptr  6
seg000:0C7A
seg000:0C7A                 push    bp
seg000:0C7B                 mov     bp, sp
seg000:0C7D                 mov     ax, 6
seg000:0C80                 call    __aFchkstk
seg000:0C85                 mov     ax, word_15F5E
seg000:0C88                 cmp     ax, word_15F60
seg000:0C8C                 jge     short loc_10C91
seg000:0C8E                 mov     ax, word_15F60
seg000:0C91
seg000:0C91 loc_10C91:                              ; CODE XREF: sub_10C7A+12↑j
seg000:0C91                 shl     ax, 1
seg000:0C93                 shl     ax, 1
seg000:0C95                 cwd
seg000:0C96                 mov     [bp+var_4], ax
seg000:0C99                 mov     [bp+var_2], dx
seg000:0C9C                 test    byte ptr [bp+arg_0], 4
seg000:0CA0                 jz      short loc_10CCC
seg000:0CA2                 sub     ax, ax
seg000:0CA4                 push    ax
seg000:0CA5                 push    [bp+arg_0]
seg000:0CA8                 push    ax
seg000:0CA9                 lea     ax, [bp+var_6]
seg000:0CAC                 push    ax
seg000:0CAD                 push    cs
seg000:0CAE                 call    near ptr sub_10C06
seg000:0CB1                 add     sp, 8
seg000:0CB4                 mov     ax, [bp+var_6]
seg000:0CB7                 cwd
seg000:0CB8                 cmp     dx, [bp+var_2]
seg000:0CBB                 jl      short loc_10CCC
seg000:0CBD                 jg      short loc_10CC4
seg000:0CBF                 cmp     ax, [bp+var_4]
seg000:0CC2                 jbe     short loc_10CCC
seg000:0CC4
seg000:0CC4 loc_10CC4:                              ; CODE XREF: sub_10C7A+43↑j
seg000:0CC4                 mov     ax, 1
seg000:0CC7                 mov     sp, bp
seg000:0CC9                 pop     bp
seg000:0CCA                 retf
seg000:0CCA ; ---------------------------------------------------------------------------
seg000:0CCB                 align 2
seg000:0CCC
seg000:0CCC loc_10CCC:                              ; CODE XREF: sub_10C7A+26↑j
seg000:0CCC                                         ; sub_10C7A+41↑j ...
seg000:0CCC                 test    byte ptr [bp+arg_0], 8
seg000:0CD0                 jz      short loc_10CFE
seg000:0CD2                 sub     ax, ax
seg000:0CD4                 push    ax
seg000:0CD5                 push    [bp+arg_0]
seg000:0CD8                 lea     ax, [bp+var_6]
seg000:0CDB                 push    ax
seg000:0CDC                 sub     cx, cx
seg000:0CDE                 push    cx
seg000:0CDF                 push    cs
seg000:0CE0                 call    near ptr sub_10C06
seg000:0CE3                 add     sp, 8
seg000:0CE6                 mov     ax, [bp+var_6]
seg000:0CE9                 cwd
seg000:0CEA                 cmp     dx, [bp+var_2]
seg000:0CED                 jl      short loc_10CFE
seg000:0CEF                 jg      short loc_10CF6
seg000:0CF1                 cmp     ax, [bp+var_4]
seg000:0CF4                 jbe     short loc_10CFE
seg000:0CF6
seg000:0CF6 loc_10CF6:                              ; CODE XREF: sub_10C7A+75↑j
seg000:0CF6                 mov     ax, 1
seg000:0CF9                 mov     sp, bp
seg000:0CFB                 pop     bp
seg000:0CFC                 retf
seg000:0CFC ; ---------------------------------------------------------------------------
seg000:0CFD                 align 2
seg000:0CFE
seg000:0CFE loc_10CFE:                              ; CODE XREF: sub_10C7A+56↑j
seg000:0CFE                                         ; sub_10C7A+73↑j ...
seg000:0CFE                 sub     ax, ax
seg000:0D00                 mov     sp, bp
seg000:0D02                 pop     bp
seg000:0D03                 retf
seg000:0D03 sub_10C7A       endp
seg000:0D03
seg000:0D04 ; ---------------------------------------------------------------------------
seg000:0D04                 mov     sp, bp
seg000:0D06                 pop     bp
seg000:0D07                 retf
seg000:0D08
seg000:0D08 ; =============== S U B R O U T I N E =======================================
seg000:0D08
seg000:0D08 ; Attributes: bp-based frame
seg000:0D08
seg000:0D08 sub_10D08       proc far                ; CODE XREF: sub_1011E+154↑p
seg000:0D08
seg000:0D08 var_2           = word ptr -2
seg000:0D08
seg000:0D08                 push    bp
seg000:0D09                 mov     bp, sp
seg000:0D0B                 mov     ax, 2
seg000:0D0E                 call    __aFchkstk
seg000:0D13                 mov     dx, 201h
seg000:0D16                 out     dx, al          ; Game I/O port
seg000:0D16                                         ; bits 0-3: Coordinates (resistive, time-dependent inputs)
seg000:0D16                                         ; bits 4-7: Buttons/Triggers (digital inputs)
seg000:0D17                 xor     bx, bx
seg000:0D19                 jmp     short loc_10D1C
seg000:0D19 ; ---------------------------------------------------------------------------
seg000:0D1B                 align 2
seg000:0D1C
seg000:0D1C loc_10D1C:                              ; CODE XREF: sub_10D08+11↑j
seg000:0D1C                 jmp     short $+2
seg000:0D1E ; ---------------------------------------------------------------------------
seg000:0D1E
seg000:0D1E loc_10D1E:                              ; CODE XREF: sub_10D08:loc_10D1C↑j
seg000:0D1E                 in      al, dx          ; Game I/O port
seg000:0D1E                                         ; bits 0-3: Coordinates (resistive, time-dependent inputs)
seg000:0D1E                                         ; bits 4-7: Buttons/Triggers (digital inputs)
seg000:0D1F                 and     al, 0Fh
seg000:0D21                 cmp     al, 0
seg000:0D23                 jz      short loc_10D2D
seg000:0D25
seg000:0D25 loc_10D25:                              ; CODE XREF: sub_10D08+1F↓j
seg000:0D25                 in      al, dx          ; Game I/O port
seg000:0D25                                         ; bits 0-3: Coordinates (resistive, time-dependent inputs)
seg000:0D25                                         ; bits 4-7: Buttons/Triggers (digital inputs)
seg000:0D26                 dec     bx
seg000:0D27                 jnz     short loc_10D25
seg000:0D29                 and     al, 0Fh
seg000:0D2B                 xor     al, 0Fh
seg000:0D2D
seg000:0D2D loc_10D2D:                              ; CODE XREF: sub_10D08+1B↑j
seg000:0D2D                 xor     ah, ah
seg000:0D2F                 mov     [bp+var_2], ax
seg000:0D32                 mov     ax, [bp+var_2]
seg000:0D35                 mov     sp, bp
seg000:0D37                 pop     bp
seg000:0D38                 retf
seg000:0D38 sub_10D08       endp
seg000:0D38
seg000:0D39 ; ---------------------------------------------------------------------------
seg000:0D39                 mov     sp, bp
seg000:0D3B                 pop     bp
seg000:0D3C                 retf
seg000:0D3C ; ---------------------------------------------------------------------------
seg000:0D3D                 align 2
seg000:0D3E
seg000:0D3E ; =============== S U B R O U T I N E =======================================
seg000:0D3E
seg000:0D3E ; Attributes: bp-based frame
seg000:0D3E
seg000:0D3E sub_10D3E       proc far                ; CODE XREF: sub_1011E+12E↑p
seg000:0D3E
seg000:0D3E var_4A          = word ptr -4Ah
seg000:0D3E var_48          = word ptr -48h
seg000:0D3E var_46          = byte ptr -46h
seg000:0D3E var_32          = word ptr -32h
seg000:0D3E var_30          = word ptr -30h
seg000:0D3E var_14          = word ptr -14h
seg000:0D3E var_12          = word ptr -12h
seg000:0D3E var_10          = byte ptr -10h
seg000:0D3E var_2           = word ptr -2
seg000:0D3E
seg000:0D3E                 push    bp
seg000:0D3F                 mov     bp, sp
seg000:0D41                 mov     ax, 4Ah
seg000:0D44                 call    __aFchkstk
seg000:0D49                 push    di
seg000:0D4A                 push    si              ; struct _find_t *
seg000:0D4B                 mov     word_147C1, 0
seg000:0D51                 lea     ax, [bp+var_30+2]
seg000:0D54                 push    ax              ; unsigned int
seg000:0D55                 sub     ax, ax
seg000:0D57                 push    ax
seg000:0D58                 mov     ax, 8F5h
seg000:0D5B                 push    ax              ; char *
seg000:0D5C                 call    __dos_findfirst
seg000:0D61                 add     sp, 6
seg000:0D64
seg000:0D64 loc_10D64:                              ; CODE XREF: sub_10D3E+109↓j
seg000:0D64                 mov     ax, 900h
seg000:0D67                 push    ax
seg000:0D68                 lea     ax, [bp+var_10]
seg000:0D6B                 push    ax              ; char *
seg000:0D6C                 call    _fopen
seg000:0D71                 add     sp, 4
seg000:0D74                 mov     [bp+var_30], ax
seg000:0D77                 cmp     [bp+var_12], 0
seg000:0D7B                 jl      short loc_10DD6
seg000:0D7D                 jg      short loc_10D86
seg000:0D7F                 cmp     [bp+var_14], 210h
seg000:0D84                 jbe     short loc_10DD6
seg000:0D86
seg000:0D86 loc_10D86:                              ; CODE XREF: sub_10D3E+3F↑j
seg000:0D86                 sub     ax, ax
seg000:0D88                 push    ax
seg000:0D89                 mov     cx, 210h
seg000:0D8C                 sub     dx, dx
seg000:0D8E                 push    dx              ; __int32
seg000:0D8F                 push    cx
seg000:0D90                 push    [bp+var_30]     ; FILE *
seg000:0D93                 call    _fseek
seg000:0D98                 add     sp, 8
seg000:0D9B                 push    [bp+var_30]     ; size_t
seg000:0D9E                 mov     ax, 1
seg000:0DA1                 push    ax              ; size_t
seg000:0DA2                 mov     ax, 14h
seg000:0DA5                 push    ax
seg000:0DA6                 lea     ax, [bp+var_46]
seg000:0DA9                 push    ax              ; void *
seg000:0DAA                 call    _fread
seg000:0DAF                 add     sp, 8
seg000:0DB2                 sub     ax, ax
seg000:0DB4                 push    ax
seg000:0DB5                 mov     al, [bp+var_10]
seg000:0DB8                 cbw
seg000:0DB9                 push    ax
seg000:0DBA                 sub     sp, 14h
seg000:0DBD                 lea     si, [bp+var_46]
seg000:0DC0                 mov     di, sp
seg000:0DC2                 push    ss
seg000:0DC3                 pop     es
seg000:0DC4                 mov     cx, 0Ah
seg000:0DC7                 rep movsw
seg000:0DC9                 push    cs
seg000:0DCA                 call    near ptr sub_10FA6
seg000:0DCD                 add     sp, 18h
seg000:0DD0                 mov     [bp+var_4A], ax
seg000:0DD3                 jmp     short loc_10E26
seg000:0DD3 ; ---------------------------------------------------------------------------
seg000:0DD5                 align 2
seg000:0DD6
seg000:0DD6 loc_10DD6:                              ; CODE XREF: sub_10D3E+3D↑j
seg000:0DD6                                         ; sub_10D3E+46↑j
seg000:0DD6                 mov     [bp+var_32], 0
seg000:0DDB                 jmp     short loc_10DE1
seg000:0DDB ; ---------------------------------------------------------------------------
seg000:0DDD                 align 2
seg000:0DDE
seg000:0DDE loc_10DDE:                              ; CODE XREF: sub_10D3E:loc_10E24↓j
seg000:0DDE                 inc     [bp+var_32]
seg000:0DE1
seg000:0DE1 loc_10DE1:                              ; CODE XREF: sub_10D3E+9D↑j
seg000:0DE1                 push    [bp+var_30]     ; size_t
seg000:0DE4                 mov     ax, 1
seg000:0DE7                 push    ax              ; size_t
seg000:0DE8                 mov     ax, 14h
seg000:0DEB                 push    ax
seg000:0DEC                 lea     ax, [bp+var_46]
seg000:0DEF                 push    ax              ; void *
seg000:0DF0                 call    _fread
seg000:0DF5                 add     sp, 8
seg000:0DF8                 or      ax, ax
seg000:0DFA                 jz      short loc_10E26
seg000:0DFC                 push    [bp+var_32]
seg000:0DFF                 mov     al, [bp+var_10]
seg000:0E02                 cbw
seg000:0E03                 push    ax
seg000:0E04                 sub     sp, 14h
seg000:0E07                 lea     si, [bp+var_46]
seg000:0E0A                 mov     di, sp
seg000:0E0C                 push    ss
seg000:0E0D                 pop     es
seg000:0E0E                 mov     cx, 0Ah
seg000:0E11                 rep movsw
seg000:0E13                 push    cs
seg000:0E14                 call    near ptr sub_10FA6
seg000:0E17                 add     sp, 18h
seg000:0E1A                 mov     [bp+var_4A], ax
seg000:0E1D                 or      ax, ax
seg000:0E1F                 jz      short loc_10E24
seg000:0E21                 jmp     short loc_10E26
seg000:0E21 ; ---------------------------------------------------------------------------
seg000:0E23                 align 2
seg000:0E24
seg000:0E24 loc_10E24:                              ; CODE XREF: sub_10D3E+E1↑j
seg000:0E24                 jmp     short loc_10DDE
seg000:0E26 ; ---------------------------------------------------------------------------
seg000:0E26
seg000:0E26 loc_10E26:                              ; CODE XREF: sub_10D3E+95↑j
seg000:0E26                                         ; sub_10D3E+BC↑j ...
seg000:0E26                 push    [bp+var_30]     ; FILE *
seg000:0E29                 call    _fclose
seg000:0E2E                 add     sp, 2
seg000:0E31                 cmp     [bp+var_4A], 0
seg000:0E35                 jnz     short loc_10E4A
seg000:0E37                 lea     ax, [bp+var_30+2]
seg000:0E3A                 push    ax              ; struct _find_t *
seg000:0E3B                 call    __dos_findnext
seg000:0E40                 add     sp, 2
seg000:0E43                 or      ax, ax
seg000:0E45                 jnz     short loc_10E4A
seg000:0E47                 jmp     loc_10D64
seg000:0E4A ; ---------------------------------------------------------------------------
seg000:0E4A
seg000:0E4A loc_10E4A:                              ; CODE XREF: sub_10D3E+F7↑j
seg000:0E4A                                         ; sub_10D3E+107↑j
seg000:0E4A                 mov     [bp+var_32], 0
seg000:0E4F                 jmp     short loc_10E55
seg000:0E4F ; ---------------------------------------------------------------------------
seg000:0E51                 align 2
seg000:0E52
seg000:0E52 loc_10E52:                              ; CODE XREF: sub_10D3E:loc_10F0F↓j
seg000:0E52                 inc     [bp+var_32]
seg000:0E55
seg000:0E55 loc_10E55:                              ; CODE XREF: sub_10D3E+111↑j
seg000:0E55                 mov     ax, [bp+var_32]
seg000:0E58                 cmp     word_14F6C, ax
seg000:0E5C                 jg      short loc_10E61
seg000:0E5E                 jmp     loc_10F12
seg000:0E61 ; ---------------------------------------------------------------------------
seg000:0E61
seg000:0E61 loc_10E61:                              ; CODE XREF: sub_10D3E+11E↑j
seg000:0E61                 mov     [bp+var_48], 0
seg000:0E66                 jmp     short loc_10E6B
seg000:0E68 ; ---------------------------------------------------------------------------
seg000:0E68
seg000:0E68 loc_10E68:                              ; CODE XREF: sub_10D3E:loc_10EAC↓j
seg000:0E68                 inc     [bp+var_48]
seg000:0E6B
seg000:0E6B loc_10E6B:                              ; CODE XREF: sub_10D3E+128↑j
seg000:0E6B                 mov     ax, [bp+var_48]
seg000:0E6E                 cmp     word_14F6C, ax
seg000:0E72                 jle     short loc_10EAE
seg000:0E74                 mov     bx, [bp+var_32]
seg000:0E77                 mov     ax, bx
seg000:0E79                 shl     bx, 1
seg000:0E7B                 shl     bx, 1
seg000:0E7D                 shl     bx, 1
seg000:0E7F                 add     bx, ax
seg000:0E81                 mov     al, [bx+0C9Ah]
seg000:0E85                 cbw
seg000:0E86                 mov     [bp+var_2], ax
seg000:0E89                 cmp     ax, 44h ; 'D'
seg000:0E8C                 jnz     short loc_10E93
seg000:0E8E                 mov     [bp+var_2], 52h ; 'R'
seg000:0E93
seg000:0E93 loc_10E93:                              ; CODE XREF: sub_10D3E+14E↑j
seg000:0E93                 mov     bx, [bp+var_48]
seg000:0E96                 mov     ax, bx
seg000:0E98                 shl     bx, 1
seg000:0E9A                 shl     bx, 1
seg000:0E9C                 shl     bx, 1
seg000:0E9E                 add     bx, ax
seg000:0EA0                 mov     al, [bx+0C98h]
seg000:0EA4                 cbw
seg000:0EA5                 cmp     ax, [bp+var_2]
seg000:0EA8                 jnz     short loc_10EAC
seg000:0EAA                 jmp     short loc_10EAE
seg000:0EAC ; ---------------------------------------------------------------------------
seg000:0EAC
seg000:0EAC loc_10EAC:                              ; CODE XREF: sub_10D3E+16A↑j
seg000:0EAC                 jmp     short loc_10E68
seg000:0EAE ; ---------------------------------------------------------------------------
seg000:0EAE
seg000:0EAE loc_10EAE:                              ; CODE XREF: sub_10D3E+134↑j
seg000:0EAE                                         ; sub_10D3E+16C↑j
seg000:0EAE                 mov     ax, [bp+var_48]
seg000:0EB1                 cmp     word_14F6C, ax
seg000:0EB5                 jnz     short loc_10F0F
seg000:0EB7                 mov     ax, [bp+var_32]
seg000:0EBA                 mov     [bp+var_48], ax
seg000:0EBD                 jmp     short loc_10EC3
seg000:0EBD ; ---------------------------------------------------------------------------
seg000:0EBF                 align 2
seg000:0EC0
seg000:0EC0 loc_10EC0:                              ; CODE XREF: sub_10D3E+1C5↓j
seg000:0EC0                 inc     [bp+var_48]
seg000:0EC3
seg000:0EC3 loc_10EC3:                              ; CODE XREF: sub_10D3E+17F↑j
seg000:0EC3                 mov     ax, word_14F6C
seg000:0EC6                 dec     ax
seg000:0EC7                 cmp     ax, [bp+var_48]
seg000:0ECA                 jle     short loc_10F06
seg000:0ECC                 mov     ax, 11h
seg000:0ECF                 imul    [bp+var_48]
seg000:0ED2                 mov     bx, word_147C1
seg000:0ED6                 add     bx, ax
seg000:0ED8                 mov     di, bx
seg000:0EDA                 lea     si, [bx+11h]
seg000:0EDD                 mov     ax, ds
seg000:0EDF                 mov     es, ax
seg000:0EE1                 assume es:dseg
seg000:0EE1                 mov     cx, 8
seg000:0EE4                 rep movsw
seg000:0EE6                 movsb
seg000:0EE7                 mov     bx, [bp+var_48]
seg000:0EEA                 mov     ax, bx
seg000:0EEC                 shl     bx, 1
seg000:0EEE                 shl     bx, 1
seg000:0EF0                 shl     bx, 1
seg000:0EF2                 add     bx, ax
seg000:0EF4                 lea     di, [bx+0C98h]
seg000:0EF8                 lea     si, [bx+0CA1h]
seg000:0EFC                 mov     ax, ds
seg000:0EFE                 movsw
seg000:0EFF                 movsw
seg000:0F00                 movsw
seg000:0F01                 movsw
seg000:0F02                 movsb
seg000:0F03                 jmp     short loc_10EC0
seg000:0F03 ; ---------------------------------------------------------------------------
seg000:0F05                 align 2
seg000:0F06
seg000:0F06 loc_10F06:                              ; CODE XREF: sub_10D3E+18C↑j
seg000:0F06                 dec     word_14F6C
seg000:0F0A                 mov     [bp+var_32], 0
seg000:0F0F
seg000:0F0F loc_10F0F:                              ; CODE XREF: sub_10D3E+177↑j
seg000:0F0F                 jmp     loc_10E52
seg000:0F12 ; ---------------------------------------------------------------------------
seg000:0F12
seg000:0F12 loc_10F12:                              ; CODE XREF: sub_10D3E+120↑j
seg000:0F12                 mov     word_15F7E, 0
seg000:0F18                 mov     [bp+var_32], 0
seg000:0F1D                 jmp     short loc_10F23
seg000:0F1D ; ---------------------------------------------------------------------------
seg000:0F1F                 align 2
seg000:0F20
seg000:0F20 loc_10F20:                              ; CODE XREF: sub_10D3E:loc_10F70↓j
seg000:0F20                 inc     [bp+var_32]
seg000:0F23
seg000:0F23 loc_10F23:                              ; CODE XREF: sub_10D3E+1DF↑j
seg000:0F23                 mov     ax, [bp+var_32]
seg000:0F26                 cmp     word_14F6C, ax
seg000:0F2A                 jle     short loc_10F72
seg000:0F2C                 mov     ax, word_15F6E
seg000:0F2F                 mov     cx, 100h
seg000:0F32                 cwd
seg000:0F33                 idiv    cx
seg000:0F35                 mov     bx, [bp+var_32]
seg000:0F38                 mov     ax, bx
seg000:0F3A                 shl     bx, 1
seg000:0F3C                 shl     bx, 1
seg000:0F3E                 shl     bx, 1
seg000:0F40                 add     bx, ax
seg000:0F42                 mov     al, [bx+0C98h]
seg000:0F46                 cbw
seg000:0F47                 cmp     ax, dx
seg000:0F49                 jnz     short loc_10F70
seg000:0F4B                 mov     ax, word_15F6E
seg000:0F4E                 cwd
seg000:0F4F                 xor     ax, dx
seg000:0F51                 sub     ax, dx
seg000:0F53                 mov     cx, 8
seg000:0F56                 sar     ax, cl
seg000:0F58                 xor     ax, dx
seg000:0F5A                 sub     ax, dx
seg000:0F5C                 mov     cx, ax
seg000:0F5E                 mov     al, [bx+0C99h]
seg000:0F62                 cbw
seg000:0F63                 cmp     ax, cx
seg000:0F65                 jnz     short loc_10F70
seg000:0F67                 mov     ax, [bp+var_32]
seg000:0F6A                 mov     word_15F7E, ax
seg000:0F6D                 jmp     short loc_10F72
seg000:0F6D ; ---------------------------------------------------------------------------
seg000:0F6F                 align 2
seg000:0F70
seg000:0F70 loc_10F70:                              ; CODE XREF: sub_10D3E+20B↑j
seg000:0F70                                         ; sub_10D3E+227↑j
seg000:0F70                 jmp     short loc_10F20
seg000:0F72 ; ---------------------------------------------------------------------------
seg000:0F72
seg000:0F72 loc_10F72:                              ; CODE XREF: sub_10D3E+1EC↑j
seg000:0F72                                         ; sub_10D3E+22F↑j
seg000:0F72                 mov     al, byte_15F53
seg000:0F75                 and     al, 80h
seg000:0F77                 cmp     al, 1
seg000:0F79                 sbb     ax, ax
seg000:0F7B                 inc     ax
seg000:0F7C                 mov     word_15F86, ax
seg000:0F7F                 mov     al, byte ptr word_14F6C
seg000:0F82                 mov     byte_147BB, al
seg000:0F85                 mov     ax, 16h
seg000:0F88                 sub     ax, word_14F6C
seg000:0F8C                 mov     [bp+var_32], ax
seg000:0F8F                 cmp     ax, 0Fh
seg000:0F92                 jle     short loc_10F97
seg000:0F94                 mov     ax, 0Fh
seg000:0F97
seg000:0F97 loc_10F97:                              ; CODE XREF: sub_10D3E+254↑j
seg000:0F97                 mov     byte_147B9, al
seg000:0F9A                 mov     al, byte ptr word_15F7E
seg000:0F9D                 mov     byte_147C0, al
seg000:0FA0                 pop     si
seg000:0FA1                 pop     di
seg000:0FA2                 mov     sp, bp
seg000:0FA4                 pop     bp
seg000:0FA5                 retf
seg000:0FA5 sub_10D3E       endp
seg000:0FA5
seg000:0FA6
seg000:0FA6 ; =============== S U B R O U T I N E =======================================
seg000:0FA6
seg000:0FA6 ; Attributes: bp-based frame
seg000:0FA6
seg000:0FA6 sub_10FA6       proc far                ; CODE XREF: sub_10D3E+8C↑p
seg000:0FA6                                         ; sub_10D3E+D6↑p
seg000:0FA6
seg000:0FA6 var_18          = word ptr -18h
seg000:0FA6 var_16          = word ptr -16h
seg000:0FA6 var_14          = byte ptr -14h
seg000:0FA6 var_B           = word ptr -0Bh
seg000:0FA6 var_9           = word ptr -9
seg000:0FA6 var_6           = word ptr -6
seg000:0FA6 var_4           = word ptr -4
seg000:0FA6 var_2           = word ptr -2
seg000:0FA6 arg_0           = byte ptr  6
seg000:0FA6 arg_11          = byte ptr  17h
seg000:0FA6 arg_12          = byte ptr  18h
seg000:0FA6 arg_13          = byte ptr  19h
seg000:0FA6 arg_14          = byte ptr  1Ah
seg000:0FA6 arg_16          = byte ptr  1Ch
seg000:0FA6
seg000:0FA6                 push    bp
seg000:0FA7                 mov     bp, sp
seg000:0FA9                 mov     ax, 18h
seg000:0FAC                 call    __aFchkstk
seg000:0FB1                 push    di              ; size_t
seg000:0FB2                 push    si
seg000:0FB3                 cmp     word_14F6C, 14h
seg000:0FB8                 jl      short loc_10FC4
seg000:0FBA                 mov     ax, 1
seg000:0FBD                 pop     si
seg000:0FBE                 pop     di
seg000:0FBF                 mov     sp, bp
seg000:0FC1                 pop     bp
seg000:0FC2                 retf
seg000:0FC2 ; ---------------------------------------------------------------------------
seg000:0FC3                 align 2
seg000:0FC4
seg000:0FC4 loc_10FC4:                              ; CODE XREF: sub_10FA6+12↑j
seg000:0FC4                 mov     ax, 11h
seg000:0FC7                 push    ax              ; char *
seg000:0FC8                 lea     cx, [bp+arg_0]
seg000:0FCB                 push    cx
seg000:0FCC                 mov     cx, 13h
seg000:0FCF                 push    cx              ; size_t
seg000:0FD0                 call    j___nmalloc
seg000:0FD5                 add     sp, 2
seg000:0FD8                 mov     [bp+var_6], ax
seg000:0FDB                 push    ax              ; char *
seg000:0FDC                 call    _strncpy
seg000:0FE1                 add     sp, 6
seg000:0FE4                 mov     bx, [bp+var_6]
seg000:0FE7                 mov     byte ptr [bx+11h], 0
seg000:0FEB                 mov     [bp+var_18], bx
seg000:0FEE                 mov     [bp+var_16], 1
seg000:0FF3                 mov     [bp+var_14], 1
seg000:0FF7                 mov     [bp+var_B], offset sub_104AA
seg000:0FFC                 mov     [bp+var_9], seg seg000
seg000:1001                 mov     [bp+var_2], 0
seg000:1006                 jmp     short loc_1100B
seg000:1008 ; ---------------------------------------------------------------------------
seg000:1008
seg000:1008 loc_11008:                              ; CODE XREF: sub_10FA6:loc_11030↓j
seg000:1008                 inc     [bp+var_2]
seg000:100B
seg000:100B loc_1100B:                              ; CODE XREF: sub_10FA6+60↑j
seg000:100B                 mov     ax, [bp+var_2]
seg000:100E                 cmp     word_14F6C, ax
seg000:1012                 jle     short loc_11032
seg000:1014                 mov     bx, ax
seg000:1016                 shl     bx, 1
seg000:1018                 shl     bx, 1
seg000:101A                 shl     bx, 1
seg000:101C                 add     bx, ax
seg000:101E                 mov     al, [bx+0C9Bh]
seg000:1022                 cbw
seg000:1023                 mov     cl, [bp+arg_13]
seg000:1026                 and     cx, 0Fh
seg000:1029                 cmp     ax, cx
seg000:102B                 jle     short loc_11030
seg000:102D                 jmp     short loc_11032
seg000:102D ; ---------------------------------------------------------------------------
seg000:102F                 align 2
seg000:1030
seg000:1030 loc_11030:                              ; CODE XREF: sub_10FA6+85↑j
seg000:1030                 jmp     short loc_11008
seg000:1032 ; ---------------------------------------------------------------------------
seg000:1032
seg000:1032 loc_11032:                              ; CODE XREF: sub_10FA6+6C↑j
seg000:1032                                         ; sub_10FA6+87↑j
seg000:1032                 inc     word_14F6C
seg000:1036                 mov     ax, word_14F6C
seg000:1039                 mov     cx, 11h
seg000:103C                 imul    cx
seg000:103E                 push    ax              ; size_t
seg000:103F                 push    word_147C1      ; void near *
seg000:1043                 call    j___nrealloc
seg000:1048                 add     sp, 4
seg000:104B                 mov     word_147C1, ax
seg000:104E                 mov     ax, word_14F6C
seg000:1051                 dec     ax
seg000:1052                 cmp     ax, [bp+var_2]
seg000:1055                 jle     short loc_110A0
seg000:1057                 mov     [bp+var_4], ax
seg000:105A                 jmp     short loc_1105F
seg000:105C ; ---------------------------------------------------------------------------
seg000:105C
seg000:105C loc_1105C:                              ; CODE XREF: sub_10FA6+F8↓j
seg000:105C                 dec     [bp+var_4]
seg000:105F
seg000:105F loc_1105F:                              ; CODE XREF: sub_10FA6+B4↑j
seg000:105F                 mov     ax, [bp+var_2]
seg000:1062                 cmp     [bp+var_4], ax
seg000:1065                 jle     short loc_110A0
seg000:1067                 mov     ax, 11h
seg000:106A                 imul    [bp+var_4]
seg000:106D                 mov     bx, word_147C1
seg000:1071                 add     bx, ax
seg000:1073                 mov     di, bx
seg000:1075                 lea     si, [bx-11h]
seg000:1078                 mov     ax, ds
seg000:107A                 mov     es, ax
seg000:107C                 mov     cx, 8
seg000:107F                 rep movsw
seg000:1081                 movsb
seg000:1082                 mov     bx, [bp+var_4]
seg000:1085                 mov     ax, bx
seg000:1087                 shl     bx, 1
seg000:1089                 shl     bx, 1
seg000:108B                 shl     bx, 1
seg000:108D                 add     bx, ax
seg000:108F                 lea     di, [bx+0C98h]
seg000:1093                 lea     si, [bx+0C8Fh]
seg000:1097                 mov     ax, ds
seg000:1099                 movsw
seg000:109A                 movsw
seg000:109B                 movsw
seg000:109C                 movsw
seg000:109D                 movsb
seg000:109E                 jmp     short loc_1105C
seg000:10A0 ; ---------------------------------------------------------------------------
seg000:10A0
seg000:10A0 loc_110A0:                              ; CODE XREF: sub_10FA6+AF↑j
seg000:10A0                                         ; sub_10FA6+BF↑j
seg000:10A0                 mov     ax, 11h
seg000:10A3                 imul    [bp+var_2]
seg000:10A6                 mov     bx, ax
seg000:10A8                 mov     si, word_147C1
seg000:10AC                 lea     di, [bx+si]
seg000:10AE                 lea     si, [bp+var_18]
seg000:10B1                 mov     ax, ds
seg000:10B3                 mov     es, ax
seg000:10B5                 mov     cx, 8
seg000:10B8                 rep movsw
seg000:10BA                 movsb
seg000:10BB                 mov     al, [bp+arg_14]
seg000:10BE                 mov     bx, [bp+var_2]
seg000:10C1                 mov     cx, bx
seg000:10C3                 shl     bx, 1
seg000:10C5                 shl     bx, 1
seg000:10C7                 shl     bx, 1
seg000:10C9                 add     bx, cx
seg000:10CB                 mov     [bx+0C98h], al
seg000:10CF                 mov     al, [bp+arg_16]
seg000:10D2                 mov     [bx+0C99h], al
seg000:10D6                 mov     al, [bp+arg_12]
seg000:10D9                 mov     [bx+0C9Ah], al
seg000:10DD                 mov     al, [bp+arg_13]
seg000:10E0                 and     al, 0Fh
seg000:10E2                 mov     [bx+0C9Bh], al
seg000:10E6                 mov     cl, 4
seg000:10E8                 mov     al, [bp+arg_13]
seg000:10EB                 and     al, 10h
seg000:10ED                 shr     al, cl
seg000:10EF                 mov     [bx+0C9Ch], al
seg000:10F3                 mov     cl, 5
seg000:10F5                 mov     al, [bp+arg_13]
seg000:10F8                 and     al, 20h
seg000:10FA                 shr     al, cl
seg000:10FC                 mov     [bx+0C9Dh], al
seg000:1100                 mov     cl, 6
seg000:1102                 mov     al, [bp+arg_13]
seg000:1105                 and     al, 40h
seg000:1107                 shr     al, cl
seg000:1109                 mov     [bx+0C9Eh], al
seg000:110D                 mov     cl, 7
seg000:110F                 mov     al, [bp+arg_13]
seg000:1112                 shr     al, cl
seg000:1114                 mov     [bx+0C9Fh], al
seg000:1118                 mov     al, [bp+arg_11]
seg000:111B                 mov     [bx+0CA0h], al
seg000:111F                 cmp     word_14F6C, 14h
seg000:1124                 jnz     short loc_1112C
seg000:1126                 mov     ax, 1
seg000:1129                 jmp     short loc_1112E
seg000:1129 ; ---------------------------------------------------------------------------
seg000:112B                 align 2
seg000:112C
seg000:112C loc_1112C:                              ; CODE XREF: sub_10FA6+17E↑j
seg000:112C                 sub     ax, ax
seg000:112E
seg000:112E loc_1112E:                              ; CODE XREF: sub_10FA6+183↑j
seg000:112E                 pop     si
seg000:112F                 pop     di
seg000:1130                 mov     sp, bp
seg000:1132                 pop     bp
seg000:1133                 retf
seg000:1133 sub_10FA6       endp
seg000:1133
seg000:1133 seg000          ends
seg000:1133
seg001:0004 ; ---------------------------------------------------------------------------
seg001:0004 ; ===========================================================================
seg001:0004
seg001:0004 ; Segment type: Pure code
seg001:0004 seg001          segment byte public 'CODE' use16
seg001:0004                 assume cs:seg001
seg001:0004                 ;org 4
seg001:0004                 assume es:nothing, ss:nothing, ds:dseg, fs:nothing, gs:nothing
seg001:0004                 pop     si
seg001:0005                 pop     di
seg001:0006                 mov     sp, bp
seg001:0008                 pop     bp
seg001:0009                 retf
seg001:000A
seg001:000A ; =============== S U B R O U T I N E =======================================
seg001:000A
seg001:000A ; Attributes: bp-based frame
seg001:000A
seg001:000A sub_1113A       proc far                ; CODE XREF: sub_102F4+165↑P
seg001:000A
seg001:000A var_2           = word ptr -2
seg001:000A
seg001:000A                 push    bp
seg001:000B                 mov     bp, sp
seg001:000D                 mov     ax, 2
seg001:0010                 call    __aFchkstk
seg001:0015                 push    8201h
seg001:0018                 push    904h            ; char *
seg001:001B                 call    _open
seg001:0020                 add     sp, 4
seg001:0023                 mov     [bp+var_2], ax
seg001:0026                 or      ax, ax
seg001:0028                 jg      short loc_1116E
seg001:002A                 push    80h             ; int
seg001:002D                 push    8101h
seg001:0030                 push    90Eh            ; char *
seg001:0033                 call    _open
seg001:0038                 add     sp, 6
seg001:003B                 mov     [bp+var_2], ax
seg001:003E
seg001:003E loc_1116E:                              ; CODE XREF: sub_1113A+1E↑j
seg001:003E                 or      ax, ax
seg001:0040                 jg      short loc_11178
seg001:0042                 mov     ax, 1
seg001:0045                 leave
seg001:0046                 retf
seg001:0046 ; ---------------------------------------------------------------------------
seg001:0047                 align 2
seg001:0048
seg001:0048 loc_11178:                              ; CODE XREF: sub_1113A+36↑j
seg001:0048                 push    26h ; '&'
seg001:004A                 push    1D32h           ; void *
seg001:004D                 push    ax              ; int
seg001:004E                 call    far ptr _write
seg001:0053                 add     sp, 6
seg001:0056                 push    [bp+var_2]      ; int
seg001:0059                 call    _close
seg001:005E                 add     sp, 2
seg001:0061                 sub     ax, ax
seg001:0063                 leave
seg001:0064                 retf
seg001:0064 sub_1113A       endp
seg001:0064
seg001:0065 ; ---------------------------------------------------------------------------
seg001:0065                 leave
seg001:0066                 retf
seg001:0066 ; ---------------------------------------------------------------------------
seg001:0067                 align 2
seg001:0068
seg001:0068 ; =============== S U B R O U T I N E =======================================
seg001:0068
seg001:0068 ; Attributes: bp-based frame
seg001:0068
seg001:0068 sub_11198       proc far                ; CODE XREF: sub_1011E+B↑P
seg001:0068
seg001:0068 var_2           = word ptr -2
seg001:0068
seg001:0068                 push    bp
seg001:0069                 mov     bp, sp
seg001:006B                 mov     ax, 2
seg001:006E                 call    __aFchkstk
seg001:0073                 push    8000h
seg001:0076                 push    918h            ; char *
seg001:0079                 call    _open
seg001:007E                 add     sp, 4
seg001:0081                 mov     [bp+var_2], ax
seg001:0084                 or      ax, ax
seg001:0086                 jl      short loc_111D6
seg001:0088                 push    26h ; '&'
seg001:008A                 push    1D32h           ; void *
seg001:008D                 push    ax              ; int
seg001:008E                 call    far ptr _read
seg001:0093                 add     sp, 6
seg001:0096                 push    [bp+var_2]      ; int
seg001:0099                 call    _close
seg001:009E                 add     sp, 2
seg001:00A1                 sub     ax, ax
seg001:00A3                 leave
seg001:00A4                 retf
seg001:00A4 ; ---------------------------------------------------------------------------
seg001:00A5                 align 2
seg001:00A6
seg001:00A6 loc_111D6:                              ; CODE XREF: sub_11198+1E↑j
seg001:00A6                 mov     ax, 1
seg001:00A9                 leave
seg001:00AA                 retf
seg001:00AA sub_11198       endp
seg001:00AA
seg001:00AA seg001          ends
seg001:00AA
seg002:000B ; ---------------------------------------------------------------------------
seg002:000B ; ===========================================================================
seg002:000B
seg002:000B ; Segment type: Pure code
seg002:000B seg002          segment byte public 'CODE' use16
seg002:000B                 assume cs:seg002
seg002:000B                 ;org 0Bh
seg002:000B                 assume es:nothing, ss:nothing, ds:dseg, fs:nothing, gs:nothing
seg002:000B                 leave
seg002:000C                 retf
seg002:000C ; ---------------------------------------------------------------------------
seg002:000D                 db 90h
seg002:000E                 db 10h dup(0)
seg002:001E                 assume ss:seg010, ds:nothing
seg002:001E
seg002:001E ; =============== S U B R O U T I N E =======================================
seg002:001E
seg002:001E ; Attributes: library function fuzzy-sp
seg002:001E
seg002:001E                 public start
seg002:001E start           proc far
seg002:001E                 mov     ah, 30h
seg002:0020                 int     21h             ; DOS - GET DOS VERSION
seg002:0020                                         ; Return: AL = major version number (00h for DOS 1.x)
seg002:0022                 cmp     al, 2
seg002:0024                 jnb     short loc_111FB
seg002:0026                 xor     ax, ax
seg002:0028                 push    es
seg002:0029                 push    ax
seg002:002A                 retf
seg002:002B ; ---------------------------------------------------------------------------
seg002:002B
seg002:002B loc_111FB:                              ; CODE XREF: start+6↑j
seg002:002B                 mov     di, seg dseg
seg002:002E                 mov     si, ds:2
seg002:0032                 sub     si, di
seg002:0034                 cmp     si, 1000h
seg002:0038                 jb      short loc_1120D
seg002:003A                 mov     si, 1000h
seg002:003D
seg002:003D loc_1120D:                              ; CODE XREF: start+1A↑j
seg002:003D                 cli
seg002:003E                 mov     ss, di
seg002:0040                 assume ss:dseg
seg002:0040                 add     sp, 1F8Eh
seg002:0044                 sti
seg002:0045                 jnb     short loc_11229
seg002:0047                 push    ss
seg002:0048                 pop     ds
seg002:0049                 assume ds:dseg
seg002:0049                 push    cs
seg002:004A                 call    near ptr __FF_MSGBANNER
seg002:004D                 xor     ax, ax
seg002:004F                 push    ax
seg002:0050                 push    cs
seg002:0051                 call    near ptr __NMSG_WRITE
seg002:0054                 mov     ax, 4CFFh
seg002:0057                 int     21h             ; DOS - 2+ - QUIT WITH EXIT CODE (EXIT)
seg002:0057                                         ; AL = exit code
seg002:0059 ; ---------------------------------------------------------------------------
seg002:0059
seg002:0059 loc_11229:                              ; CODE XREF: start+27↑j
seg002:0059                 mov     ax, si
seg002:005B                 mov     cl, 4
seg002:005D                 shl     ax, cl
seg002:005F                 dec     ax
seg002:0060                 mov     ss:word_14B5A, ax
seg002:0064                 mov     bx, 93Ch
seg002:0067                 mov     word ptr ss:[bx], ss
seg002:006A                 and     sp, 0FFFEh
seg002:006D                 mov     ss:[bx+4], sp
seg002:0071                 mov     ax, 0FFFEh
seg002:0074                 push    ax
seg002:0075                 mov     ss:[bx+0Ah], sp
seg002:0079                 not     ax
seg002:007B                 push    ax              ; envp
seg002:007C                 mov     ss:[bx+6], sp
seg002:0080                 mov     ss:[bx+8], sp
seg002:0084                 mov     ss:word_14B56, sp
seg002:0089                 add     si, di
seg002:008B                 mov     word_14222, si
seg002:008F                 mov     bx, es
seg002:0091                 sub     bx, si
seg002:0093                 neg     bx
seg002:0095                 mov     ah, 4Ah
seg002:0097                 int     21h             ; DOS - 2+ - ADJUST MEMORY BLOCK SIZE (SETBLOCK)
seg002:0097                                         ; ES = segment address of block to change
seg002:0097                                         ; BX = new size in paragraphs
seg002:0099                 mov     ss:word_14B96, ds
seg002:009E                 push    ss
seg002:009F                 pop     es
seg002:00A0                 assume es:dseg
seg002:00A0                 cld
seg002:00A1                 mov     di, 0C98h
seg002:00A4                 mov     cx, 1F90h
seg002:00A7                 sub     cx, di
seg002:00A9                 xor     ax, ax
seg002:00AB                 rep stosb
seg002:00AD                 push    ss
seg002:00AE                 pop     ds
seg002:00AF                 mov     cx, word_14DB4
seg002:00B3                 jcxz    short loc_11287
seg002:00B5                 call    cx ; word_14DB4
seg002:00B7
seg002:00B7 loc_11287:                              ; CODE XREF: start+95↑j
seg002:00B7                 call    __setenvp
seg002:00BC                 call    far ptr __setargv
seg002:00C1                 xor     bp, bp
seg002:00C3                 call    __cinit
seg002:00C8                 push    ss
seg002:00C9                 pop     ds
seg002:00CA                 push    word_14BB7
seg002:00CE                 push    argv            ; argv
seg002:00D2                 push    argc            ; argc
seg002:00D6                 call    _main
seg002:00DB ; ---------------------------------------------------------------------------
seg002:00DB                 push    ax              ; int
seg002:00DC                 push    cs
seg002:00DD                 call    near ptr _exit
seg002:00E0 ; ---------------------------------------------------------------------------
seg002:00E0
seg002:00E0 locret_112B0:                           ; CODE XREF: __fptrap-1BB↓p
seg002:00E0                                         ; __exit+39↓p ...
seg002:00E0                 retn
seg002:00E0 start           endp ; sp-analysis failed
seg002:00E0
seg002:00E1 ; ---------------------------------------------------------------------------
seg002:00E1
seg002:00E1 __cintDIV:
seg002:00E1                 mov     ax, cs:__dataseg
seg002:00E5                 mov     ds, ax
seg002:00E7                 mov     ax, 3
seg002:00EA                 mov     ss:off_14B58, 1DBh
seg002:00F1 ; START OF FUNCTION CHUNK FOR __fptrap
seg002:00F1 ;   ADDITIONAL PARENT FUNCTION __aFchkstk
seg002:00F1 ;   ADDITIONAL PARENT FUNCTION __myalloc
seg002:00F1
seg002:00F1 __amsg_exit:                            ; CODE XREF: __fptrap+3↓j
seg002:00F1                                         ; __aFchkstk+1D↓j ...
seg002:00F1                 push    ax
seg002:00F2                 push    cs
seg002:00F3                 call    near ptr __FF_MSGBANNER
seg002:00F6                 push    cs
seg002:00F7                 call    near ptr __NMSG_WRITE
seg002:00FA                 cmp     ss:word_14DB6, 0D6D6h
seg002:0101                 jnz     short loc_112DA
seg002:0103                 pop     ax
seg002:0104                 push    ax
seg002:0105                 call    ss:off_14DBA
seg002:010A
seg002:010A loc_112DA:                              ; CODE XREF: __fptrap-1BF↑j
seg002:010A                 mov     ax, 0FFh
seg002:010D                 push    ax              ; int
seg002:010E                 push    cs
seg002:010F                 call    off_14B58
seg002:010F ; ---------------------------------------------------------------------------
seg002:0113 __dataseg       dw seg dseg             ; DATA XREF: seg002:__cintDIV↑r
seg002:0113 ; END OF FUNCTION CHUNK FOR __fptrap
seg002:0115                 align 2
seg002:0116
seg002:0116 ; =============== S U B R O U T I N E =======================================
seg002:0116
seg002:0116 ; Attributes: library function
seg002:0116
seg002:0116 __cinit         proc far                ; CODE XREF: start+A5↑P
seg002:0116                 mov     ax, 3500h
seg002:0119                 int     21h             ; DOS - 2+ - GET INTERRUPT VECTOR
seg002:0119                                         ; AL = interrupt number
seg002:0119                                         ; Return: ES:BX = value of interrupt vector
seg002:011B                 mov     word ptr dword_14B82, bx
seg002:011F                 mov     word ptr dword_14B82+2, es
seg002:0123                 push    cs
seg002:0124                 pop     ds
seg002:0125                 assume ds:seg002
seg002:0125                 mov     ax, 2500h
seg002:0128                 mov     dx, 0E1h
seg002:012B                 int     21h             ; DOS - SET INTERRUPT VECTOR
seg002:012B                                         ; AL = interrupt number
seg002:012B                                         ; DS:DX = new vector to be used for specified interrupt
seg002:012D                 push    ss
seg002:012E                 pop     ds
seg002:012F                 assume ds:dseg
seg002:012F                 mov     cx, word_14DC8
seg002:0133                 jcxz    short loc_11333
seg002:0135                 mov     es, word_14B96
seg002:0139                 assume es:nothing
seg002:0139                 mov     si, es:2Ch
seg002:013E                 lds     ax, dword_14DCA
seg002:0142                 mov     dx, ds
seg002:0144                 xor     bx, bx
seg002:0146                 call    dword ptr ss:unk_14DC6
seg002:014B                 jnb     short loc_11322
seg002:014D                 push    ss
seg002:014E                 pop     ds
seg002:014F                 jmp     __fptrap
seg002:0152 ; ---------------------------------------------------------------------------
seg002:0152
seg002:0152 loc_11322:                              ; CODE XREF: __cinit+35↑j
seg002:0152                 lds     ax, ss:dword_14DCE
seg002:0157                 mov     dx, ds
seg002:0159                 mov     bx, 3
seg002:015C                 call    dword ptr ss:unk_14DC6
seg002:0161                 push    ss
seg002:0162                 pop     ds
seg002:0163
seg002:0163 loc_11333:                              ; CODE XREF: __cinit+1D↑j
seg002:0163                 mov     es, word_14B96
seg002:0167                 mov     cx, es:2Ch
seg002:016C                 jcxz    short loc_1137C
seg002:016E                 mov     es, cx
seg002:0170                 xor     di, di
seg002:0172
seg002:0172 loc_11342:                              ; CODE XREF: __cinit+75↓j
seg002:0172                 cmp     byte ptr es:[di], 0
seg002:0176                 jz      short loc_1137C
seg002:0178                 mov     cx, 0Dh
seg002:017B                 mov     si, 954h
seg002:017E                 repe cmpsb
seg002:0180                 jz      short loc_1135D
seg002:0182                 mov     cx, 7FFFh
seg002:0185                 xor     ax, ax
seg002:0187                 repne scasb
seg002:0189                 jnz     short loc_1137C
seg002:018B                 jmp     short loc_11342
seg002:018D ; ---------------------------------------------------------------------------
seg002:018D
seg002:018D loc_1135D:                              ; CODE XREF: __cinit+6A↑j
seg002:018D                 push    es
seg002:018E                 push    ds
seg002:018F                 pop     es
seg002:0190                 assume es:dseg
seg002:0190                 pop     ds
seg002:0191                 mov     si, di
seg002:0193                 mov     di, 97Fh
seg002:0196                 mov     cl, 4
seg002:0198
seg002:0198 loc_11368:                              ; CODE XREF: __cinit+92↓j
seg002:0198                 lodsb
seg002:0199                 sub     al, 41h ; 'A'
seg002:019B                 jb      short loc_1137A
seg002:019D                 shl     al, cl
seg002:019F                 xchg    ax, dx
seg002:01A0                 lodsb
seg002:01A1                 sub     al, 41h ; 'A'
seg002:01A3                 jb      short loc_1137A
seg002:01A5                 or      al, dl
seg002:01A7                 stosb
seg002:01A8                 jmp     short loc_11368
seg002:01AA ; ---------------------------------------------------------------------------
seg002:01AA
seg002:01AA loc_1137A:                              ; CODE XREF: __cinit+85↑j
seg002:01AA                                         ; __cinit+8D↑j
seg002:01AA                 push    ss
seg002:01AB                 pop     ds
seg002:01AC
seg002:01AC loc_1137C:                              ; CODE XREF: __cinit+56↑j
seg002:01AC                                         ; __cinit+60↑j ...
seg002:01AC                 mov     bx, 4
seg002:01AF
seg002:01AF loc_1137F:                              ; CODE XREF: __cinit+B0↓j
seg002:01AF                 and     byte ptr [bx+97Fh], 0BFh
seg002:01B4                 mov     ax, 4400h
seg002:01B7                 int     21h             ; DOS - 2+ - IOCTL - GET DEVICE INFORMATION
seg002:01B7                                         ; BX = file or device handle
seg002:01B9                 jb      short loc_11395
seg002:01BB                 test    dl, 80h
seg002:01BE                 jz      short loc_11395
seg002:01C0                 or      byte ptr [bx+97Fh], 40h
seg002:01C5
seg002:01C5 loc_11395:                              ; CODE XREF: __cinit+A3↑j
seg002:01C5                                         ; __cinit+A8↑j
seg002:01C5                 dec     bx
seg002:01C6                 jns     short loc_1137F
seg002:01C8                 mov     si, 0BB2h
seg002:01CB                 mov     di, 0BB2h
seg002:01CE                 call    sub_1145B
seg002:01D1                 mov     si, 0BB2h
seg002:01D4                 mov     di, 0BB2h
seg002:01D7                 call    sub_1145B
seg002:01DA                 retf
seg002:01DA __cinit         endp
seg002:01DA
seg002:01DB
seg002:01DB ; =============== S U B R O U T I N E =======================================
seg002:01DB
seg002:01DB ; Attributes: library function noreturn bp-based frame
seg002:01DB
seg002:01DB ; void __cdecl exit(int)
seg002:01DB _exit           proc far                ; CODE XREF: sub_1010A+B↑P
seg002:01DB                                         ; sub_102F4+18D↑P ...
seg002:01DB                 push    bp
seg002:01DC                 mov     bp, sp
seg002:01DE                 xor     cx, cx
seg002:01E0                 jmp     short loc_113CC
seg002:01E0 _exit           endp
seg002:01E0
seg002:01E2
seg002:01E2 ; =============== S U B R O U T I N E =======================================
seg002:01E2
seg002:01E2 ; Attributes: library function noreturn bp-based frame
seg002:01E2
seg002:01E2 ; void __cdecl _exit(int)
seg002:01E2 __exit          proc far                ; CODE XREF: __fptrap-1B1↑p
seg002:01E2                                         ; DATA XREF: dseg:off_14B58↓o
seg002:01E2
seg002:01E2 arg_0           = word ptr  6
seg002:01E2
seg002:01E2                 push    bp
seg002:01E3                 mov     bp, sp
seg002:01E5                 mov     cx, 1
seg002:01E8                 jmp     short loc_113CC
seg002:01EA ; ---------------------------------------------------------------------------
seg002:01EA
seg002:01EA ; void __cdecl _cexit()
seg002:01EA __cexit:
seg002:01EA                 push    bp
seg002:01EB                 mov     bp, sp
seg002:01ED                 push    si
seg002:01EE                 push    di
seg002:01EF                 mov     cx, 100h
seg002:01F2                 jmp     short loc_113CC
seg002:01F4 ; ---------------------------------------------------------------------------
seg002:01F4
seg002:01F4 ; void __cdecl _c_exit()
seg002:01F4 __c_exit:
seg002:01F4                 push    bp
seg002:01F5                 mov     bp, sp
seg002:01F7                 push    si
seg002:01F8                 push    di
seg002:01F9                 mov     cx, 101h
seg002:01FC
seg002:01FC loc_113CC:                              ; CODE XREF: _exit+5↑j
seg002:01FC                                         ; __exit+6↑j ...
seg002:01FC                 push    cx
seg002:01FD                 or      cl, cl
seg002:01FF                 jnz     short loc_113EF
seg002:0201                 mov     si, 1D2Eh
seg002:0204                 mov     di, 1D2Eh
seg002:0207                 call    sub_1145B
seg002:020A                 mov     si, 0BB2h
seg002:020D                 mov     di, 0BB6h
seg002:0210                 call    sub_1145B
seg002:0213                 cmp     word_14DB6, 0D6D6h
seg002:0219                 jnz     short loc_113EF
seg002:021B                 call    off_14DBC
seg002:021F
seg002:021F loc_113EF:                              ; CODE XREF: __exit+1D↑j
seg002:021F                                         ; __exit+37↑j
seg002:021F                 mov     si, 0BB6h
seg002:0222                 mov     di, 0BB6h
seg002:0225                 call    sub_1145B
seg002:0228                 mov     si, 0BB6h
seg002:022B                 mov     di, 0BB6h
seg002:022E                 call    sub_1145B
seg002:0231                 call    __nullcheck
seg002:0236                 or      ax, ax
seg002:0238                 jz      short loc_1141B
seg002:023A                 pop     ax
seg002:023B                 or      ah, ah
seg002:023D                 push    ax
seg002:023E                 jnz     short loc_1141B
seg002:0240                 cmp     [bp+arg_0], 0
seg002:0244                 jnz     short loc_1141B
seg002:0246                 mov     [bp+arg_0], 0FFh
seg002:024B
seg002:024B loc_1141B:                              ; CODE XREF: __exit+56↑j
seg002:024B                                         ; __exit+5C↑j ...
seg002:024B                 call    __ctermsub
seg002:024E                 pop     ax
seg002:024F                 or      ah, ah
seg002:0251                 jnz     short loc_1142A
seg002:0253                 mov     ax, [bp+arg_0]
seg002:0256                 mov     ah, 4Ch
seg002:0258                 int     21h             ; DOS - 2+ - QUIT WITH EXIT CODE (EXIT)
seg002:0258                                         ; AL = exit code
seg002:025A ; ---------------------------------------------------------------------------
seg002:025A
seg002:025A loc_1142A:                              ; CODE XREF: __exit+6F↑j
seg002:025A                 pop     di
seg002:025B                 pop     si
seg002:025C                 pop     bp
seg002:025D                 retf
seg002:025D __exit          endp ; sp-analysis failed
seg002:025D
seg002:025E
seg002:025E ; =============== S U B R O U T I N E =======================================
seg002:025E
seg002:025E ; Attributes: library function
seg002:025E
seg002:025E __ctermsub      proc near               ; CODE XREF: __exit:loc_1141B↑p
seg002:025E                 mov     cx, word_14DC8
seg002:0262                 jcxz    short loc_1143B
seg002:0264                 mov     bx, 2
seg002:0267                 call    dword ptr unk_14DC6
seg002:026B
seg002:026B loc_1143B:                              ; CODE XREF: __ctermsub+4↑j
seg002:026B                 push    ds
seg002:026C                 lds     dx, dword_14B82
seg002:0270                 mov     ax, 2500h
seg002:0273                 int     21h             ; DOS - SET INTERRUPT VECTOR
seg002:0273                                         ; AL = interrupt number
seg002:0273                                         ; DS:DX = new vector to be used for specified interrupt
seg002:0275                 pop     ds
seg002:0276                 cmp     byte_14BC0, 0
seg002:027B                 jz      short locret_1145A
seg002:027D                 push    ds
seg002:027E                 mov     al, byte_14BC1
seg002:0281                 lds     dx, dword_14BC2
seg002:0285                 mov     ah, 25h
seg002:0287                 int     21h             ; DOS - SET INTERRUPT VECTOR
seg002:0287                                         ; AL = interrupt number
seg002:0287                                         ; DS:DX = new vector to be used for specified interrupt
seg002:0289                 pop     ds
seg002:028A
seg002:028A locret_1145A:                           ; CODE XREF: __ctermsub+1D↑j
seg002:028A                 retn
seg002:028A __ctermsub      endp
seg002:028A
seg002:028B
seg002:028B ; =============== S U B R O U T I N E =======================================
seg002:028B
seg002:028B ; Attributes: library function
seg002:028B
seg002:028B sub_1145B       proc near               ; CODE XREF: __cinit+B8↑p
seg002:028B                                         ; __cinit+C1↑p ...
seg002:028B                 cmp     si, di
seg002:028D                 jnb     short locret_1146D
seg002:028F                 sub     di, 4
seg002:0292                 mov     ax, [di]
seg002:0294                 or      ax, [di+2]
seg002:0297                 jz      short sub_1145B
seg002:0299                 call    dword ptr [di]
seg002:029B                 jmp     short sub_1145B
seg002:029D ; ---------------------------------------------------------------------------
seg002:029D
seg002:029D locret_1146D:                           ; CODE XREF: sub_1145B+2↑j
seg002:029D                 retn
seg002:029D sub_1145B       endp
seg002:029D
seg002:029E
seg002:029E ; =============== S U B R O U T I N E =======================================
seg002:029E
seg002:029E ; Attributes: library function bp-based frame
seg002:029E
seg002:029E __FF_MSGBANNER  proc far                ; CODE XREF: start+2C↑p
seg002:029E                                         ; __fptrap-1CD↑p ...
seg002:029E                 push    bp
seg002:029F                 mov     bp, sp
seg002:02A1                 mov     ax, 0FCh
seg002:02A4                 push    ax
seg002:02A5                 push    cs
seg002:02A6                 call    near ptr __NMSG_WRITE
seg002:02A9                 cmp     word_14BC8, 0
seg002:02AE                 jz      short loc_11484
seg002:02B0                 call    dword ptr unk_14BC6
seg002:02B4
seg002:02B4 loc_11484:                              ; CODE XREF: __FF_MSGBANNER+10↑j
seg002:02B4                 mov     ax, 0FFh
seg002:02B7                 push    ax
seg002:02B8                 push    cs
seg002:02B9                 call    near ptr __NMSG_WRITE
seg002:02BC                 mov     sp, bp
seg002:02BE                 pop     bp
seg002:02BF                 retf
seg002:02BF __FF_MSGBANNER  endp
seg002:02BF
seg002:02C0
seg002:02C0 ; =============== S U B R O U T I N E =======================================
seg002:02C0
seg002:02C0 ; Attributes: library function noreturn
seg002:02C0
seg002:02C0 __fptrap        proc near               ; CODE XREF: __cinit+39↑j
seg002:02C0                                         ; __output+276↓P ...
seg002:02C0
seg002:02C0 ; FUNCTION CHUNK AT seg002:00F1 SIZE 00000024 BYTES
seg002:02C0
seg002:02C0                 mov     ax, 2
seg002:02C3                 jmp     __amsg_exit
seg002:02C3 __fptrap        endp ; sp-analysis failed
seg002:02C3
seg002:02C6
seg002:02C6 ; =============== S U B R O U T I N E =======================================
seg002:02C6
seg002:02C6 ; Attributes: library function
seg002:02C6
seg002:02C6 __aFchkstk      proc far                ; CODE XREF: _main+5↑P
seg002:02C6                                         ; sub_10028+6↑P ...
seg002:02C6
seg002:02C6 ; FUNCTION CHUNK AT seg002:00F1 SIZE 00000024 BYTES
seg002:02C6
seg002:02C6                 pop     cx
seg002:02C7                 pop     dx
seg002:02C8                 mov     bx, sp
seg002:02CA                 sub     bx, ax
seg002:02CC                 jb      short loc_114A9
seg002:02CE                 cmp     bx, word_14BCE
seg002:02D2                 jb      short loc_114A9
seg002:02D4                 mov     sp, bx
seg002:02D6                 push    dx
seg002:02D7                 push    cx
seg002:02D8                 retf
seg002:02D9 ; ---------------------------------------------------------------------------
seg002:02D9
seg002:02D9 loc_114A9:                              ; CODE XREF: __aFchkstk+6↑j
seg002:02D9                                         ; __aFchkstk+C↑j
seg002:02D9                 push    dx
seg002:02DA                 push    cx
seg002:02DB                 mov     ax, word ptr dword_14BCA
seg002:02DE                 inc     ax
seg002:02DF                 jnz     short loc_114B6
seg002:02E1                 xor     ax, ax
seg002:02E3                 jmp     __amsg_exit
seg002:02E6 ; ---------------------------------------------------------------------------
seg002:02E6
seg002:02E6 loc_114B6:                              ; CODE XREF: __aFchkstk+19↑j
seg002:02E6                 jmp     dword_14BCA
seg002:02E6 __aFchkstk      endp ; sp-analysis failed
seg002:02E6
seg002:02EA
seg002:02EA ; =============== S U B R O U T I N E =======================================
seg002:02EA
seg002:02EA ; Attributes: library function
seg002:02EA
seg002:02EA __nullcheck     proc far                ; CODE XREF: __exit+4F↑P
seg002:02EA                 push    si
seg002:02EB                 xor     si, si
seg002:02ED                 mov     cx, 42h ; 'B'
seg002:02F0                 xor     ah, ah
seg002:02F2                 cld
seg002:02F3
seg002:02F3 loc_114C3:                              ; CODE XREF: __nullcheck+C↓j
seg002:02F3                 lodsb
seg002:02F4                 xor     ah, al
seg002:02F6                 loop    loc_114C3
seg002:02F8                 xor     ah, 55h
seg002:02FB                 jz      short loc_114DC
seg002:02FD                 push    cs
seg002:02FE                 call    near ptr __FF_MSGBANNER
seg002:0301                 mov     ax, 1
seg002:0304                 push    ax
seg002:0305                 push    cs
seg002:0306                 call    near ptr __NMSG_WRITE
seg002:0309                 mov     ax, 1
seg002:030C
seg002:030C loc_114DC:                              ; CODE XREF: __nullcheck+11↑j
seg002:030C                 pop     si
seg002:030D                 retf
seg002:030D __nullcheck     endp
seg002:030D
seg002:030E
seg002:030E ; =============== S U B R O U T I N E =======================================
seg002:030E
seg002:030E ; Attributes: library function
seg002:030E
seg002:030E __setargv       proc near               ; CODE XREF: start+9E↑P
seg002:030E                 pop     word ptr dword_14BD0
seg002:0312                 pop     word ptr dword_14BD0+2
seg002:0316                 mov     ah, 30h
seg002:0318                 int     21h             ; DOS - GET DOS VERSION
seg002:0318                                         ; Return: AL = major version number (00h for DOS 1.x)
seg002:031A                 mov     word_14B98, ax
seg002:031D                 mov     dx, 1
seg002:0320                 cmp     al, 2
seg002:0322                 jz      short loc_1151D
seg002:0324                 mov     es, word_14B96
seg002:0328                 assume es:nothing
seg002:0328                 mov     es, word ptr es:2Ch
seg002:032D                 mov     seg_14BBB, es
seg002:0331                 xor     ax, ax
seg002:0333                 cwd
seg002:0334                 mov     cx, 8000h
seg002:0337                 xor     di, di
seg002:0339
seg002:0339 loc_11509:                              ; CODE XREF: __setargv+2E↓j
seg002:0339                 repne scasb
seg002:033B                 scasb
seg002:033C                 jnz     short loc_11509
seg002:033E                 inc     di
seg002:033F                 inc     di
seg002:0340                 mov     word_14BB9, di
seg002:0344                 mov     cx, 0FFFFh
seg002:0347                 repne scasb
seg002:0349                 not     cx
seg002:034B                 mov     dx, cx
seg002:034D
seg002:034D loc_1151D:                              ; CODE XREF: __setargv+14↑j
seg002:034D                 mov     di, 1
seg002:0350                 mov     si, 81h
seg002:0353                 mov     ds, word_14B96
seg002:0357
seg002:0357 loc_11527:                              ; CODE XREF: __setargv+4C↓j
seg002:0357                                         ; __setargv+50↓j ...
seg002:0357                 lodsb
seg002:0358                 cmp     al, 20h ; ' '
seg002:035A                 jz      short loc_11527
seg002:035C                 cmp     al, 9
seg002:035E                 jz      short loc_11527
seg002:0360                 cmp     al, 0Dh
seg002:0362                 jz      short loc_115A3
seg002:0364                 or      al, al
seg002:0366                 jz      short loc_115A3
seg002:0368                 inc     di
seg002:0369
seg002:0369 loc_11539:                              ; CODE XREF: __setargv+86↓j
seg002:0369                 dec     si
seg002:036A
seg002:036A loc_1153A:                              ; CODE XREF: __setargv+76↓j
seg002:036A                                         ; __setargv+90↓j ...
seg002:036A                 lodsb
seg002:036B                 cmp     al, 20h ; ' '
seg002:036D                 jz      short loc_11527
seg002:036F                 cmp     al, 9
seg002:0371                 jz      short loc_11527
seg002:0373                 cmp     al, 0Dh
seg002:0375                 jz      short loc_115A3
seg002:0377                 or      al, al
seg002:0379                 jz      short loc_115A3
seg002:037B                 cmp     al, 22h ; '"'
seg002:037D                 jz      short loc_11573
seg002:037F                 cmp     al, 5Ch ; '\'
seg002:0381                 jz      short loc_11556
seg002:0383                 inc     dx
seg002:0384                 jmp     short loc_1153A
seg002:0386 ; ---------------------------------------------------------------------------
seg002:0386
seg002:0386 loc_11556:                              ; CODE XREF: __setargv+73↑j
seg002:0386                 xor     cx, cx
seg002:0388
seg002:0388 loc_11558:                              ; CODE XREF: __setargv+7E↓j
seg002:0388                 inc     cx
seg002:0389                 lodsb
seg002:038A                 cmp     al, 5Ch ; '\'
seg002:038C                 jz      short loc_11558
seg002:038E                 cmp     al, 22h ; '"'
seg002:0390                 jz      short loc_11566
seg002:0392                 add     dx, cx
seg002:0394                 jmp     short loc_11539
seg002:0396 ; ---------------------------------------------------------------------------
seg002:0396
seg002:0396 loc_11566:                              ; CODE XREF: __setargv+82↑j
seg002:0396                 mov     ax, cx
seg002:0398                 shr     cx, 1
seg002:039A                 adc     dx, cx
seg002:039C                 test    al, 1
seg002:039E                 jnz     short loc_1153A
seg002:03A0                 jmp     short loc_11573
seg002:03A2 ; ---------------------------------------------------------------------------
seg002:03A2
seg002:03A2 loc_11572:                              ; CODE XREF: __setargv+B7↓j
seg002:03A2                 dec     si
seg002:03A3
seg002:03A3 loc_11573:                              ; CODE XREF: __setargv+6F↑j
seg002:03A3                                         ; __setargv+92↑j ...
seg002:03A3                 lodsb
seg002:03A4                 cmp     al, 0Dh
seg002:03A6                 jz      short loc_115A3
seg002:03A8                 or      al, al
seg002:03AA                 jz      short loc_115A3
seg002:03AC                 cmp     al, 22h ; '"'
seg002:03AE                 jz      short loc_1153A
seg002:03B0                 cmp     al, 5Ch ; '\'
seg002:03B2                 jz      short loc_11587
seg002:03B4                 inc     dx
seg002:03B5                 jmp     short loc_11573
seg002:03B7 ; ---------------------------------------------------------------------------
seg002:03B7
seg002:03B7 loc_11587:                              ; CODE XREF: __setargv+A4↑j
seg002:03B7                 xor     cx, cx
seg002:03B9
seg002:03B9 loc_11589:                              ; CODE XREF: __setargv+AF↓j
seg002:03B9                 inc     cx
seg002:03BA                 lodsb
seg002:03BB                 cmp     al, 5Ch ; '\'
seg002:03BD                 jz      short loc_11589
seg002:03BF                 cmp     al, 22h ; '"'
seg002:03C1                 jz      short loc_11597
seg002:03C3                 add     dx, cx
seg002:03C5                 jmp     short loc_11572
seg002:03C7 ; ---------------------------------------------------------------------------
seg002:03C7
seg002:03C7 loc_11597:                              ; CODE XREF: __setargv+B3↑j
seg002:03C7                 mov     ax, cx
seg002:03C9                 shr     cx, 1
seg002:03CB                 adc     dx, cx
seg002:03CD                 test    al, 1
seg002:03CF                 jnz     short loc_11573
seg002:03D1                 jmp     short loc_1153A
seg002:03D3 ; ---------------------------------------------------------------------------
seg002:03D3
seg002:03D3 loc_115A3:                              ; CODE XREF: __setargv+54↑j
seg002:03D3                                         ; __setargv+58↑j ...
seg002:03D3                 push    ss
seg002:03D4                 pop     ds
seg002:03D5                 mov     argc, di
seg002:03D9                 add     dx, di
seg002:03DB                 inc     di
seg002:03DC                 shl     di, 1
seg002:03DE                 add     dx, di
seg002:03E0                 inc     dx
seg002:03E1                 and     dl, 0FEh
seg002:03E4                 sub     sp, dx
seg002:03E6                 mov     ax, sp
seg002:03E8                 mov     argv, ax
seg002:03EB                 mov     bx, ax
seg002:03ED                 add     di, bx
seg002:03EF                 push    ss
seg002:03F0                 pop     es
seg002:03F1                 assume es:dseg
seg002:03F1                 mov     ss:[bx], di
seg002:03F4                 inc     bx
seg002:03F5                 inc     bx
seg002:03F6                 lds     si, dword ptr word_14BB9
seg002:03FA
seg002:03FA loc_115CA:                              ; CODE XREF: __setargv+F0↓j
seg002:03FA                 lodsb
seg002:03FB                 stosb
seg002:03FC                 or      al, al
seg002:03FE                 jnz     short loc_115CA
seg002:0400                 mov     ds, ss:word_14B96
seg002:0405                 mov     si, 81h
seg002:0408                 jmp     short loc_115DD
seg002:040A ; ---------------------------------------------------------------------------
seg002:040A
seg002:040A loc_115DA:                              ; CODE XREF: __setargv+119↓j
seg002:040A                                         ; __setargv+11D↓j
seg002:040A                 xor     ax, ax
seg002:040C                 stosb
seg002:040D
seg002:040D loc_115DD:                              ; CODE XREF: __setargv+FA↑j
seg002:040D                                         ; __setargv+102↓j ...
seg002:040D                 lodsb
seg002:040E                 cmp     al, 20h ; ' '
seg002:0410                 jz      short loc_115DD
seg002:0412                 cmp     al, 9
seg002:0414                 jz      short loc_115DD
seg002:0416                 cmp     al, 0Dh
seg002:0418                 jz      short loc_11666
seg002:041A                 or      al, al
seg002:041C                 jz      short loc_11666
seg002:041E                 mov     ss:[bx], di
seg002:0421                 inc     bx
seg002:0422                 inc     bx
seg002:0423
seg002:0423 loc_115F3:                              ; CODE XREF: __setargv+142↓j
seg002:0423                 dec     si
seg002:0424
seg002:0424 loc_115F4:                              ; CODE XREF: __setargv+130↓j
seg002:0424                                         ; __setargv+14F↓j ...
seg002:0424                 lodsb
seg002:0425                 cmp     al, 20h ; ' '
seg002:0427                 jz      short loc_115DA
seg002:0429                 cmp     al, 9
seg002:042B                 jz      short loc_115DA
seg002:042D                 cmp     al, 0Dh
seg002:042F                 jz      short loc_11663
seg002:0431                 or      al, al
seg002:0433                 jz      short loc_11663
seg002:0435                 cmp     al, 22h ; '"'
seg002:0437                 jz      short loc_11630
seg002:0439                 cmp     al, 5Ch ; '\'
seg002:043B                 jz      short loc_11610
seg002:043D                 stosb
seg002:043E                 jmp     short loc_115F4
seg002:0440 ; ---------------------------------------------------------------------------
seg002:0440
seg002:0440 loc_11610:                              ; CODE XREF: __setargv+12D↑j
seg002:0440                 xor     cx, cx
seg002:0442
seg002:0442 loc_11612:                              ; CODE XREF: __setargv+138↓j
seg002:0442                 inc     cx
seg002:0443                 lodsb
seg002:0444                 cmp     al, 5Ch ; '\'
seg002:0446                 jz      short loc_11612
seg002:0448                 cmp     al, 22h ; '"'
seg002:044A                 jz      short loc_11622
seg002:044C                 mov     al, 5Ch ; '\'
seg002:044E                 rep stosb
seg002:0450                 jmp     short loc_115F3
seg002:0452 ; ---------------------------------------------------------------------------
seg002:0452
seg002:0452 loc_11622:                              ; CODE XREF: __setargv+13C↑j
seg002:0452                 mov     al, 5Ch ; '\'
seg002:0454                 shr     cx, 1
seg002:0456                 rep stosb
seg002:0458                 jnb     short loc_11630
seg002:045A                 mov     al, 22h ; '"'
seg002:045C                 stosb
seg002:045D                 jmp     short loc_115F4
seg002:045F ; ---------------------------------------------------------------------------
seg002:045F
seg002:045F loc_1162F:                              ; CODE XREF: __setargv+176↓j
seg002:045F                 dec     si
seg002:0460
seg002:0460 loc_11630:                              ; CODE XREF: __setargv+129↑j
seg002:0460                                         ; __setargv+14A↑j ...
seg002:0460                 lodsb
seg002:0461                 cmp     al, 0Dh
seg002:0463                 jz      short loc_11663
seg002:0465                 or      al, al
seg002:0467                 jz      short loc_11663
seg002:0469                 cmp     al, 22h ; '"'
seg002:046B                 jz      short loc_115F4
seg002:046D                 cmp     al, 5Ch ; '\'
seg002:046F                 jz      short loc_11644
seg002:0471                 stosb
seg002:0472                 jmp     short loc_11630
seg002:0474 ; ---------------------------------------------------------------------------
seg002:0474
seg002:0474 loc_11644:                              ; CODE XREF: __setargv+161↑j
seg002:0474                 xor     cx, cx
seg002:0476
seg002:0476 loc_11646:                              ; CODE XREF: __setargv+16C↓j
seg002:0476                 inc     cx
seg002:0477                 lodsb
seg002:0478                 cmp     al, 5Ch ; '\'
seg002:047A                 jz      short loc_11646
seg002:047C                 cmp     al, 22h ; '"'
seg002:047E                 jz      short loc_11656
seg002:0480                 mov     al, 5Ch ; '\'
seg002:0482                 rep stosb
seg002:0484                 jmp     short loc_1162F
seg002:0486 ; ---------------------------------------------------------------------------
seg002:0486
seg002:0486 loc_11656:                              ; CODE XREF: __setargv+170↑j
seg002:0486                 mov     al, 5Ch ; '\'
seg002:0488                 shr     cx, 1
seg002:048A                 rep stosb
seg002:048C                 jnb     short loc_115F4
seg002:048E                 mov     al, 22h ; '"'
seg002:0490                 stosb
seg002:0491                 jmp     short loc_11630
seg002:0493 ; ---------------------------------------------------------------------------
seg002:0493
seg002:0493 loc_11663:                              ; CODE XREF: __setargv+121↑j
seg002:0493                                         ; __setargv+125↑j ...
seg002:0493                 xor     ax, ax
seg002:0495                 stosb
seg002:0496
seg002:0496 loc_11666:                              ; CODE XREF: __setargv+10A↑j
seg002:0496                                         ; __setargv+10E↑j
seg002:0496                 push    ss
seg002:0497                 pop     ds
seg002:0498                 mov     word ptr [bx], 0
seg002:049C                 jmp     dword_14BD0
seg002:049C __setargv       endp ; sp-analysis failed
seg002:049C
seg002:04A0
seg002:04A0 ; =============== S U B R O U T I N E =======================================
seg002:04A0
seg002:04A0 ; Attributes: library function bp-based frame
seg002:04A0
seg002:04A0 __setenvp       proc far                ; CODE XREF: start:loc_11287↑P
seg002:04A0                 push    bp
seg002:04A1                 mov     bp, sp
seg002:04A3                 push    ds
seg002:04A4                 mov     es, word_14B96
seg002:04A8                 assume es:nothing
seg002:04A8                 mov     bx, es:2Ch
seg002:04AD                 mov     es, bx
seg002:04AF                 xor     ax, ax
seg002:04B1                 xor     si, si
seg002:04B3                 xor     di, di
seg002:04B5                 mov     cx, 0FFFFh
seg002:04B8                 or      bx, bx
seg002:04BA                 jz      short loc_1169A
seg002:04BC                 cmp     byte ptr es:0, 0
seg002:04C2                 jz      short loc_1169A
seg002:04C4
seg002:04C4 loc_11694:                              ; CODE XREF: __setenvp+28↓j
seg002:04C4                 repne scasb
seg002:04C6                 inc     si
seg002:04C7                 scasb
seg002:04C8                 jnz     short loc_11694
seg002:04CA
seg002:04CA loc_1169A:                              ; CODE XREF: __setenvp+1A↑j
seg002:04CA                                         ; __setenvp+22↑j
seg002:04CA                 mov     ax, di
seg002:04CC                 inc     ax
seg002:04CD                 and     al, 0FEh
seg002:04CF                 inc     si
seg002:04D0                 mov     di, si
seg002:04D2                 shl     si, 1
seg002:04D4                 mov     cx, 9
seg002:04D7                 call    __myalloc
seg002:04DA                 push    ax
seg002:04DB                 mov     ax, si
seg002:04DD                 call    __myalloc
seg002:04E0                 mov     word_14BB7, ax
seg002:04E3                 push    es
seg002:04E4                 push    ds
seg002:04E5                 pop     es
seg002:04E6                 assume es:dseg
seg002:04E6                 pop     ds
seg002:04E7                 mov     cx, di
seg002:04E9                 mov     bx, ax
seg002:04EB                 xor     si, si
seg002:04ED                 pop     di
seg002:04EE                 dec     cx
seg002:04EF                 jcxz    short loc_116E7
seg002:04F1
seg002:04F1 loc_116C1:                              ; CODE XREF: __setenvp+75↓j
seg002:04F1                 mov     ax, [si]
seg002:04F3                 cmp     ax, ss:word_14B74
seg002:04F8                 jnz     short loc_116DA
seg002:04FA                 push    cx
seg002:04FB                 push    si
seg002:04FC                 push    di
seg002:04FD                 mov     di, 954h
seg002:0500                 mov     cx, 6
seg002:0503                 repe cmpsw
seg002:0505                 pop     di
seg002:0506                 pop     si
seg002:0507                 pop     cx
seg002:0508                 jz      short loc_116DF
seg002:050A
seg002:050A loc_116DA:                              ; CODE XREF: __setenvp+58↑j
seg002:050A                 mov     es:[bx], di
seg002:050D                 inc     bx
seg002:050E                 inc     bx
seg002:050F
seg002:050F loc_116DF:                              ; CODE XREF: __setenvp+68↑j
seg002:050F                                         ; __setenvp+73↓j
seg002:050F                 lodsb
seg002:0510                 stosb
seg002:0511                 or      al, al
seg002:0513                 jnz     short loc_116DF
seg002:0515                 loop    loc_116C1
seg002:0517
seg002:0517 loc_116E7:                              ; CODE XREF: __setenvp+4F↑j
seg002:0517                 mov     es:[bx], cx
seg002:051A                 pop     ds
seg002:051B                 pop     bp
seg002:051C                 retf
seg002:051C __setenvp       endp
seg002:051C
seg002:051C ; ---------------------------------------------------------------------------
seg002:051D                 align 2
seg002:051E
seg002:051E ; =============== S U B R O U T I N E =======================================
seg002:051E
seg002:051E ; Attributes: library function bp-based frame
seg002:051E
seg002:051E __NMSG_TEXT     proc far                ; CODE XREF: __NMSG_WRITE+8↓p
seg002:051E
seg002:051E arg_0           = word ptr  6
seg002:051E
seg002:051E                 push    bp
seg002:051F                 mov     bp, sp
seg002:0521                 push    si
seg002:0522                 push    di
seg002:0523                 push    ds
seg002:0524                 pop     es
seg002:0525                 mov     dx, [bp+arg_0]
seg002:0528                 mov     si, 0BBEh
seg002:052B
seg002:052B loc_116FB:                              ; CODE XREF: __NMSG_TEXT+20↓j
seg002:052B                 lodsw
seg002:052C                 cmp     ax, dx
seg002:052E                 jz      short loc_11710
seg002:0530                 inc     ax
seg002:0531                 xchg    ax, si
seg002:0532                 jz      short loc_11710
seg002:0534                 xchg    ax, di
seg002:0535                 xor     ax, ax
seg002:0537                 mov     cx, 0FFFFh
seg002:053A                 repne scasb
seg002:053C                 mov     si, di
seg002:053E                 jmp     short loc_116FB
seg002:0540 ; ---------------------------------------------------------------------------
seg002:0540
seg002:0540 loc_11710:                              ; CODE XREF: __NMSG_TEXT+10↑j
seg002:0540                                         ; __NMSG_TEXT+14↑j
seg002:0540                 xchg    ax, si
seg002:0541                 pop     di
seg002:0542                 pop     si
seg002:0543                 mov     sp, bp
seg002:0545                 pop     bp
seg002:0546                 retf    2
seg002:0546 __NMSG_TEXT     endp
seg002:0546
seg002:0549
seg002:0549 ; =============== S U B R O U T I N E =======================================
seg002:0549
seg002:0549 ; Attributes: library function bp-based frame
seg002:0549
seg002:0549 __NMSG_WRITE    proc far                ; CODE XREF: start+33↑p
seg002:0549                                         ; __fptrap-1C9↑p ...
seg002:0549
seg002:0549 arg_0           = word ptr  6
seg002:0549
seg002:0549                 push    bp
seg002:054A                 mov     bp, sp
seg002:054C                 push    di
seg002:054D                 push    [bp+arg_0]
seg002:0550                 push    cs
seg002:0551                 call    near ptr __NMSG_TEXT
seg002:0554                 or      ax, ax
seg002:0556                 jz      short loc_11748
seg002:0558                 xchg    ax, dx
seg002:0559                 mov     di, dx
seg002:055B                 xor     ax, ax
seg002:055D                 mov     cx, 0FFFFh
seg002:0560                 repne scasb
seg002:0562                 not     cx
seg002:0564                 dec     cx
seg002:0565                 mov     bx, 2
seg002:0568                 cmp     word_14DB6, 0D6D6h
seg002:056E                 jnz     short loc_11744
seg002:0570                 call    off_14DB8
seg002:0574
seg002:0574 loc_11744:                              ; CODE XREF: __NMSG_WRITE+25↑j
seg002:0574                 mov     ah, 40h
seg002:0576                 int     21h             ; DOS - 2+ - WRITE TO FILE WITH HANDLE
seg002:0576                                         ; BX = file handle, CX = number of bytes to write, DS:DX -> buffer
seg002:0578
seg002:0578 loc_11748:                              ; CODE XREF: __NMSG_WRITE+D↑j
seg002:0578                 pop     di
seg002:0579                 mov     sp, bp
seg002:057B                 pop     bp
seg002:057C                 retf    2
seg002:057C __NMSG_WRITE    endp ; sp-analysis failed
seg002:057C
seg002:057C ; ---------------------------------------------------------------------------
seg002:057F                 align 2
seg002:0580
seg002:0580 ; =============== S U B R O U T I N E =======================================
seg002:0580
seg002:0580 ; Attributes: library function
seg002:0580
seg002:0580 __myalloc       proc near               ; CODE XREF: __setenvp+37↑p
seg002:0580                                         ; __setenvp+3D↑p
seg002:0580
seg002:0580 ; FUNCTION CHUNK AT seg002:00F1 SIZE 00000024 BYTES
seg002:0580
seg002:0580                 push    bx
seg002:0581                 push    es
seg002:0582                 push    cx
seg002:0583                 mov     cx, 400h
seg002:0586                 xchg    cx, word_14D94
seg002:058A                 push    cx
seg002:058B                 push    ax              ; size_t
seg002:058C                 call    j___nmalloc
seg002:0591                 pop     bx
seg002:0592                 pop     word_14D94
seg002:0596                 pop     cx
seg002:0597                 mov     dx, ds
seg002:0599                 or      ax, ax
seg002:059B                 jz      short loc_11770
seg002:059D                 pop     es
seg002:059E                 assume es:nothing
seg002:059E                 pop     bx
seg002:059F                 retn
seg002:05A0 ; ---------------------------------------------------------------------------
seg002:05A0
seg002:05A0 loc_11770:                              ; CODE XREF: __myalloc+1B↑j
seg002:05A0                 mov     ax, cx
seg002:05A2                 jmp     __amsg_exit
seg002:05A2 __myalloc       endp ; sp-analysis failed
seg002:05A2
seg002:05A2 ; ---------------------------------------------------------------------------
seg002:05A5                 align 2
seg002:05A6 ; START OF FUNCTION CHUNK FOR _close
seg002:05A6 ;   ADDITIONAL PARENT FUNCTION _remove
seg002:05A6
seg002:05A6 __dosret0:                              ; CODE XREF: _close:loc_1227F↓j
seg002:05A6                                         ; _remove+A↓j
seg002:05A6                 jb      short loc_1178D
seg002:05A8
seg002:05A8 loc_11778:                              ; CODE XREF: __dos_findfirst:__dosreturn↓j
seg002:05A8                 xor     ax, ax
seg002:05AA                 mov     sp, bp
seg002:05AC                 pop     bp
seg002:05AD                 retf
seg002:05AD ; END OF FUNCTION CHUNK FOR _close
seg002:05AE ; ---------------------------------------------------------------------------
seg002:05AE ; START OF FUNCTION CHUNK FOR __dos_findfirst
seg002:05AE
seg002:05AE __dosreturn:                            ; CODE XREF: __dos_findfirst+30↓j
seg002:05AE                 jnb     short loc_11778
seg002:05B0                 push    ax
seg002:05B1                 call    sub_1179E
seg002:05B4                 pop     ax
seg002:05B5                 xor     ah, ah
seg002:05B7                 mov     sp, bp
seg002:05B9                 pop     bp
seg002:05BA                 retf
seg002:05BA ; END OF FUNCTION CHUNK FOR __dos_findfirst
seg002:05BB ; ---------------------------------------------------------------------------
seg002:05BB ; START OF FUNCTION CHUNK FOR _lseek
seg002:05BB ;   ADDITIONAL PARENT FUNCTION _open
seg002:05BB ;   ADDITIONAL PARENT FUNCTION _read
seg002:05BB ;   ADDITIONAL PARENT FUNCTION _write
seg002:05BB ;   ADDITIONAL PARENT FUNCTION sub_12656
seg002:05BB
seg002:05BB __dosretax:                             ; CODE XREF: _lseek:loc_122F9↓j
seg002:05BB                                         ; _open+45↓j ...
seg002:05BB                 jnb     short loc_11794
seg002:05BB ; END OF FUNCTION CHUNK FOR _lseek
seg002:05BD ; START OF FUNCTION CHUNK FOR _close
seg002:05BD
seg002:05BD loc_1178D:                              ; CODE XREF: _close:__dosret0↑j
seg002:05BD                 call    sub_1179E
seg002:05C0                 mov     ax, 0FFFFh
seg002:05C3                 cwd
seg002:05C4
seg002:05C4 loc_11794:                              ; CODE XREF: _lseek:__dosretax↑j
seg002:05C4                 mov     sp, bp
seg002:05C6                 pop     bp
seg002:05C7                 retf
seg002:05C7 ; END OF FUNCTION CHUNK FOR _close
seg002:05C8
seg002:05C8 ; =============== S U B R O U T I N E =======================================
seg002:05C8
seg002:05C8 ; Attributes: library function
seg002:05C8
seg002:05C8 __maperror      proc far                ; CODE XREF: _int86+6B↓p
seg002:05C8                 xor     ah, ah
seg002:05CA                 call    sub_1179E
seg002:05CD                 retf
seg002:05CD __maperror      endp
seg002:05CD
seg002:05CE
seg002:05CE ; =============== S U B R O U T I N E =======================================
seg002:05CE
seg002:05CE
seg002:05CE sub_1179E       proc near               ; CODE XREF: __dos_findfirst-17A8↑p
seg002:05CE                                         ; _close:loc_1178D↑p ...
seg002:05CE                 mov     byte_14B9B, al
seg002:05D1                 or      ah, ah
seg002:05D3                 jnz     short loc_117C7
seg002:05D5                 cmp     byte ptr word_14B98, 3
seg002:05DA                 jb      short loc_117B8
seg002:05DC                 cmp     al, 22h ; '"'
seg002:05DE                 jnb     short loc_117BC
seg002:05E0                 cmp     al, 20h ; ' '
seg002:05E2                 jb      short loc_117B8
seg002:05E4                 mov     al, 5
seg002:05E6                 jmp     short loc_117BE
seg002:05E8 ; ---------------------------------------------------------------------------
seg002:05E8
seg002:05E8 loc_117B8:                              ; CODE XREF: sub_1179E+C↑j
seg002:05E8                                         ; sub_1179E+14↑j
seg002:05E8                 cmp     al, 13h
seg002:05EA                 jbe     short loc_117BE
seg002:05EC
seg002:05EC loc_117BC:                              ; CODE XREF: sub_1179E+10↑j
seg002:05EC                 mov     al, 13h
seg002:05EE
seg002:05EE loc_117BE:                              ; CODE XREF: sub_1179E+18↑j
seg002:05EE                                         ; sub_1179E+1C↑j
seg002:05EE                 mov     bx, 9B4h
seg002:05F1                 xlat
seg002:05F2
seg002:05F2 loc_117C2:                              ; CODE XREF: sub_1179E+2B↓j
seg002:05F2                 cbw
seg002:05F3                 mov     word_14B90, ax
seg002:05F6                 retn
seg002:05F7 ; ---------------------------------------------------------------------------
seg002:05F7
seg002:05F7 loc_117C7:                              ; CODE XREF: sub_1179E+5↑j
seg002:05F7                 mov     al, ah
seg002:05F9                 jmp     short loc_117C2
seg002:05F9 sub_1179E       endp
seg002:05F9
seg002:05F9 ; ---------------------------------------------------------------------------
seg002:05FB                 align 2
seg002:05FC
seg002:05FC ; =============== S U B R O U T I N E =======================================
seg002:05FC
seg002:05FC ; Attributes: library function bp-based frame
seg002:05FC
seg002:05FC ; int __cdecl fclose(FILE *)
seg002:05FC _fclose         proc far                ; CODE XREF: sub_100B0+3A↑P
seg002:05FC                                         ; sub_100B0+4B↑P ...
seg002:05FC
seg002:05FC var_E           = byte ptr -0Eh
seg002:05FC var_C           = byte ptr -0Ch
seg002:05FC var_4           = word ptr -4
seg002:05FC var_2           = dword ptr -2
seg002:05FC arg_0           = dword ptr  6
seg002:05FC
seg002:05FC                 push    bp
seg002:05FD                 mov     bp, sp
seg002:05FF                 sub     sp, 0Eh
seg002:0602                 push    di
seg002:0603                 push    si              ; int
seg002:0604                 mov     di, 0FFFFh
seg002:0607                 mov     si, word ptr [bp+arg_0]
seg002:060A                 test    byte ptr [si+6], 40h
seg002:060E                 jz      short loc_117E3
seg002:0610                 jmp     loc_1187A
seg002:0613 ; ---------------------------------------------------------------------------
seg002:0613
seg002:0613 loc_117E3:                              ; CODE XREF: _fclose+12↑j
seg002:0613                 test    byte ptr [si+6], 83h
seg002:0617                 jnz     short loc_117EC
seg002:0619                 jmp     loc_1187A
seg002:061C ; ---------------------------------------------------------------------------
seg002:061C
seg002:061C loc_117EC:                              ; CODE XREF: _fclose+1B↑j
seg002:061C                 push    si              ; FILE *
seg002:061D                 call    _fflush
seg002:0622                 add     sp, 2
seg002:0625                 mov     di, ax
seg002:0627                 mov     bx, si
seg002:0629                 sub     bx, 9CEh
seg002:062D                 mov     ax, [bx+0A72h]
seg002:0631                 mov     [bp+var_4], ax
seg002:0634                 push    si
seg002:0635                 call    __freebuf
seg002:0638                 add     sp, 2
seg002:063B                 mov     al, [si+7]
seg002:063E                 sub     ah, ah
seg002:0640                 push    ax              ; int
seg002:0641                 call    _close
seg002:0646                 add     sp, 2
seg002:0649                 or      ax, ax
seg002:064B                 jl      short loc_11877
seg002:064D                 cmp     [bp+var_4], 0
seg002:0651                 jz      short loc_1187A
seg002:0653                 mov     ax, 9C8h
seg002:0656                 push    ax
seg002:0657                 lea     ax, [bp+var_E]
seg002:065A                 push    ax              ; char *
seg002:065B                 call    _strcpy
seg002:0660                 add     sp, 4
seg002:0663                 lea     ax, [bp+var_C]
seg002:0666                 mov     word ptr [bp+var_2], ax
seg002:0669                 cmp     [bp+var_E], 5Ch ; '\'
seg002:066D                 jz      short loc_11852
seg002:066F                 mov     ax, 9CAh
seg002:0672                 push    ax
seg002:0673                 lea     ax, [bp+var_E]
seg002:0676                 push    ax              ; char *
seg002:0677                 call    _strcat
seg002:067C                 add     sp, 4
seg002:067F                 jmp     short loc_11855
seg002:067F ; ---------------------------------------------------------------------------
seg002:0681                 align 2
seg002:0682
seg002:0682 loc_11852:                              ; CODE XREF: _fclose+71↑j
seg002:0682                 dec     word ptr [bp+var_2]
seg002:0685
seg002:0685 loc_11855:                              ; CODE XREF: _fclose+83↑j
seg002:0685                 mov     ax, 0Ah
seg002:0688                 push    ax
seg002:0689                 push    word ptr [bp+var_2] ; char *
seg002:068C                 push    [bp+var_4]      ; int
seg002:068F                 call    _itoa
seg002:0694                 add     sp, 6
seg002:0697                 lea     ax, [bp+var_E]
seg002:069A                 push    ax              ; char *
seg002:069B                 call    _remove
seg002:06A0                 add     sp, 2
seg002:06A3                 or      ax, ax
seg002:06A5                 jz      short loc_1187A
seg002:06A7
seg002:06A7 loc_11877:                              ; CODE XREF: _fclose+4F↑j
seg002:06A7                 mov     di, 0FFFFh
seg002:06AA
seg002:06AA loc_1187A:                              ; CODE XREF: _fclose+14↑j
seg002:06AA                                         ; _fclose+1D↑j ...
seg002:06AA                 mov     byte ptr [si+6], 0
seg002:06AE                 mov     ax, di
seg002:06B0                 pop     si
seg002:06B1                 pop     di
seg002:06B2                 mov     sp, bp
seg002:06B4                 pop     bp
seg002:06B5                 retf
seg002:06B5 _fclose         endp
seg002:06B5
seg002:06B6
seg002:06B6 ; =============== S U B R O U T I N E =======================================
seg002:06B6
seg002:06B6 ; Attributes: library function bp-based frame
seg002:06B6
seg002:06B6 ; FILE *__cdecl _fsopen(const char *, const char *, int)
seg002:06B6 __fsopen        proc far                ; CODE XREF: _fopen+C↓P
seg002:06B6
seg002:06B6 arg_0           = dword ptr  6
seg002:06B6 arg_4           = dword ptr  0Ah
seg002:06B6
seg002:06B6                 push    bp
seg002:06B7                 mov     bp, sp
seg002:06B9                 push    si
seg002:06BA                 call    __getstream
seg002:06BF                 mov     si, ax
seg002:06C1                 or      si, si
seg002:06C3                 jnz     short loc_1189A
seg002:06C5                 sub     ax, ax
seg002:06C7                 jmp     short loc_118AC
seg002:06C7 ; ---------------------------------------------------------------------------
seg002:06C9                 align 2
seg002:06CA
seg002:06CA loc_1189A:                              ; CODE XREF: __fsopen+D↑j
seg002:06CA                 push    si              ; int
seg002:06CB                 push    word ptr [bp+arg_4] ; int
seg002:06CE                 push    word ptr [bp+arg_0+2]
seg002:06D1                 push    word ptr [bp+arg_0] ; char *
seg002:06D4                 call    __openfile
seg002:06D9                 add     sp, 8
seg002:06DC
seg002:06DC loc_118AC:                              ; CODE XREF: __fsopen+11↑j
seg002:06DC                 pop     si
seg002:06DD                 mov     sp, bp
seg002:06DF                 pop     bp
seg002:06E0                 retf
seg002:06E0 __fsopen        endp
seg002:06E0
seg002:06E0 ; ---------------------------------------------------------------------------
seg002:06E1                 align 2
seg002:06E2
seg002:06E2 ; =============== S U B R O U T I N E =======================================
seg002:06E2
seg002:06E2 ; Attributes: library function bp-based frame
seg002:06E2
seg002:06E2 ; FILE *__cdecl fopen(const char *, const char *)
seg002:06E2 _fopen          proc far                ; CODE XREF: sub_100B0+13↑P
seg002:06E2                                         ; sub_10D3E+2E↑P
seg002:06E2
seg002:06E2 arg_0           = dword ptr  6
seg002:06E2
seg002:06E2                 push    bp
seg002:06E3                 mov     bp, sp
seg002:06E5                 sub     ax, ax
seg002:06E7                 push    ax              ; char *
seg002:06E8                 push    word ptr [bp+arg_0+2]
seg002:06EB                 push    word ptr [bp+arg_0] ; char *
seg002:06EE                 call    __fsopen
seg002:06F3                 mov     sp, bp
seg002:06F5                 pop     bp
seg002:06F6                 retf
seg002:06F6 _fopen          endp
seg002:06F6
seg002:06F6 ; ---------------------------------------------------------------------------
seg002:06F7                 align 2
seg002:06F8
seg002:06F8 ; =============== S U B R O U T I N E =======================================
seg002:06F8
seg002:06F8 ; Attributes: library function bp-based frame
seg002:06F8
seg002:06F8 ; size_t __cdecl fread(void *, size_t, size_t, FILE *)
seg002:06F8 _fread          proc far                ; CODE XREF: sub_10D3E+6C↑P
seg002:06F8                                         ; sub_10D3E+B2↑P
seg002:06F8
seg002:06F8 var_4           = word ptr -4
seg002:06F8 var_2           = word ptr -2
seg002:06F8 arg_0           = word ptr  6
seg002:06F8 arg_4           = word ptr  0Ah
seg002:06F8 arg_6           = word ptr  0Ch
seg002:06F8
seg002:06F8                 push    bp
seg002:06F9                 mov     bp, sp
seg002:06FB                 sub     sp, 4
seg002:06FE                 push    si
seg002:06FF                 push    di
seg002:0700                 mov     ax, [bp+8]
seg002:0703                 mul     [bp+arg_4]
seg002:0706                 mov     cx, ax
seg002:0708                 jcxz    short loc_11937
seg002:070A                 mov     [bp+var_2], ax
seg002:070D                 mov     bx, [bp+arg_0]
seg002:0710                 mov     si, [bp+arg_6]
seg002:0713                 mov     di, 0A6Eh
seg002:0716                 mov     ax, si
seg002:0718                 sub     ax, 9CEh
seg002:071B                 add     di, ax
seg002:071D                 test    byte ptr [si+6], 0Ch
seg002:0721                 jnz     short loc_118F8
seg002:0723                 test    byte ptr [di], 1
seg002:0726                 jz      short loc_118FD
seg002:0728
seg002:0728 loc_118F8:                              ; CODE XREF: _fread+29↑j
seg002:0728                 mov     ax, [di+2]
seg002:072B                 jmp     short loc_11900
seg002:072D ; ---------------------------------------------------------------------------
seg002:072D
seg002:072D loc_118FD:                              ; CODE XREF: _fread+2E↑j
seg002:072D                 mov     ax, 200h
seg002:0730
seg002:0730 loc_11900:                              ; CODE XREF: _fread+33↑j
seg002:0730                 mov     [bp+var_4], ax
seg002:0733
seg002:0733 loc_11903:                              ; CODE XREF: _fread+73↓j
seg002:0733                 test    byte ptr [si+6], 0Ch
seg002:0737                 jnz     short loc_1190E
seg002:0739                 test    byte ptr [di], 1
seg002:073C                 jz      short loc_1193D
seg002:073E
seg002:073E loc_1190E:                              ; CODE XREF: _fread+3F↑j
seg002:073E                 mov     ax, [si+2]
seg002:0741                 or      ax, ax
seg002:0743                 jz      short loc_1193D
seg002:0745                 cmp     ax, cx
seg002:0747                 jbe     short loc_1191B
seg002:0749                 mov     ax, cx
seg002:074B
seg002:074B loc_1191B:                              ; CODE XREF: _fread+4F↑j
seg002:074B                 push    ax
seg002:074C                 push    bx              ; size_t
seg002:074D                 push    cx
seg002:074E                 push    ax              ; void *
seg002:074F                 push    word ptr [si]
seg002:0751                 push    bx              ; void *
seg002:0752                 push    cs
seg002:0753                 call    near ptr _memcpy
seg002:0756                 add     sp, 6
seg002:0759                 pop     cx
seg002:075A                 pop     bx
seg002:075B                 pop     ax
seg002:075C                 sub     cx, ax
seg002:075E                 sub     [si+2], ax
seg002:0761                 add     bx, ax
seg002:0763                 add     [si], ax
seg002:0765                 jmp     short loc_11939
seg002:0767 ; ---------------------------------------------------------------------------
seg002:0767
seg002:0767 loc_11937:                              ; CODE XREF: _fread+10↑j
seg002:0767                 jmp     short loc_119A5
seg002:0769 ; ---------------------------------------------------------------------------
seg002:0769
seg002:0769 loc_11939:                              ; CODE XREF: _fread+6D↑j
seg002:0769                                         ; _fread+A5↓j ...
seg002:0769                 jcxz    short loc_11994
seg002:076B                 jmp     short loc_11903
seg002:076D ; ---------------------------------------------------------------------------
seg002:076D
seg002:076D loc_1193D:                              ; CODE XREF: _fread+44↑j
seg002:076D                                         ; _fread+4B↑j
seg002:076D                 cmp     cx, [bp+var_4]
seg002:0770                 jb      short loc_1196F
seg002:0772                 xor     dx, dx
seg002:0774                 mov     ax, cx
seg002:0776                 div     [bp+var_4]
seg002:0779                 mov     ax, cx
seg002:077B                 sub     ax, dx
seg002:077D                 push    bx
seg002:077E                 push    cx
seg002:077F                 push    ax              ; unsigned int
seg002:0780                 push    bx
seg002:0781                 xor     ax, ax
seg002:0783                 mov     al, [si+7]
seg002:0786                 push    ax              ; void *
seg002:0787                 push    cs              ; int
seg002:0788                 call    _read
seg002:078B                 add     sp, 6
seg002:078E                 pop     cx
seg002:078F                 pop     bx
seg002:0790                 or      ax, ax
seg002:0792                 jz      short loc_1198A
seg002:0794                 cmp     ax, 0FFFFh
seg002:0797                 jz      short loc_11990
seg002:0799                 sub     cx, ax
seg002:079B                 add     bx, ax
seg002:079D                 jmp     short loc_11939
seg002:079F ; ---------------------------------------------------------------------------
seg002:079F
seg002:079F loc_1196F:                              ; CODE XREF: _fread+78↑j
seg002:079F                 push    bx
seg002:07A0                 push    cx
seg002:07A1                 push    si              ; FILE *
seg002:07A2                 push    cs
seg002:07A3                 call    near ptr __filbuf
seg002:07A6                 pop     cx
seg002:07A7                 pop     cx
seg002:07A8                 pop     bx
seg002:07A9                 cmp     ax, 0FFFFh
seg002:07AC                 jz      short loc_11994
seg002:07AE                 mov     [bx], al
seg002:07B0                 inc     bx
seg002:07B1                 dec     cx
seg002:07B2                 mov     ax, [di+2]
seg002:07B5                 mov     [bp+var_4], ax
seg002:07B8                 jmp     short loc_11939
seg002:07BA ; ---------------------------------------------------------------------------
seg002:07BA
seg002:07BA loc_1198A:                              ; CODE XREF: _fread+9A↑j
seg002:07BA                 or      byte ptr [si+6], 10h
seg002:07BE                 jmp     short loc_11994
seg002:07C0 ; ---------------------------------------------------------------------------
seg002:07C0
seg002:07C0 loc_11990:                              ; CODE XREF: _fread+9F↑j
seg002:07C0                 or      byte ptr [si+6], 20h
seg002:07C4
seg002:07C4 loc_11994:                              ; CODE XREF: _fread:loc_11939↑j
seg002:07C4                                         ; _fread+B4↑j ...
seg002:07C4                 jcxz    short loc_119A2
seg002:07C6                 mov     ax, [bp+var_2]
seg002:07C9                 sub     ax, cx
seg002:07CB                 xor     dx, dx
seg002:07CD                 div     word ptr [bp+8]
seg002:07D0                 jmp     short loc_119A5
seg002:07D2 ; ---------------------------------------------------------------------------
seg002:07D2
seg002:07D2 loc_119A2:                              ; CODE XREF: _fread:loc_11994↑j
seg002:07D2                 mov     ax, [bp+arg_4]
seg002:07D5
seg002:07D5 loc_119A5:                              ; CODE XREF: _fread:loc_11937↑j
seg002:07D5                                         ; _fread+D8↑j
seg002:07D5                 pop     di
seg002:07D6                 pop     si
seg002:07D7                 mov     sp, bp
seg002:07D9                 pop     bp
seg002:07DA                 retf
seg002:07DA _fread          endp ; sp-analysis failed
seg002:07DA
seg002:07DA ; ---------------------------------------------------------------------------
seg002:07DB                 align 2
seg002:07DC
seg002:07DC ; =============== S U B R O U T I N E =======================================
seg002:07DC
seg002:07DC ; Attributes: library function bp-based frame
seg002:07DC
seg002:07DC ; int __cdecl _filbuf(FILE *)
seg002:07DC __filbuf        proc far                ; CODE XREF: _fread+AB↑p
seg002:07DC
seg002:07DC arg_0           = dword ptr  6
seg002:07DC
seg002:07DC                 push    bp
seg002:07DD                 mov     bp, sp
seg002:07DF                 push    si
seg002:07E0                 push    di
seg002:07E1                 mov     si, word ptr [bp+arg_0]
seg002:07E4                 mov     al, [si+6]
seg002:07E7                 test    al, 83h
seg002:07E9                 jz      short loc_11A14
seg002:07EB                 test    al, 40h
seg002:07ED                 jnz     short loc_11A14
seg002:07EF                 test    al, 2
seg002:07F1                 jnz     short loc_11A05
seg002:07F3                 or      al, 1
seg002:07F5                 mov     [si+6], al
seg002:07F8                 mov     di, si
seg002:07FA                 sub     di, 9CEh
seg002:07FE                 add     di, 0A6Eh
seg002:0802                 test    al, 0Ch
seg002:0804                 jnz     short loc_119E0
seg002:0806                 test    byte ptr [di], 1
seg002:0809                 jnz     short loc_119E0
seg002:080B                 push    si
seg002:080C                 call    __getbuf
seg002:080F                 pop     ax
seg002:0810
seg002:0810 loc_119E0:                              ; CODE XREF: __filbuf+28↑j
seg002:0810                                         ; __filbuf+2D↑j
seg002:0810                 mov     ax, [si+4]
seg002:0813                 mov     [si], ax
seg002:0815                 push    word ptr [di+2] ; unsigned int
seg002:0818                 push    ax
seg002:0819                 xor     bx, bx
seg002:081B                 mov     bl, [si+7]
seg002:081E                 push    bx              ; void *
seg002:081F                 push    cs              ; int
seg002:0820                 call    _read
seg002:0823                 add     sp, 6
seg002:0826                 or      ax, ax
seg002:0828                 jz      short loc_11A0B
seg002:082A                 cmp     ax, 0FFFFh
seg002:082D                 jnz     short loc_11A19
seg002:082F                 or      byte ptr [si+6], 20h
seg002:0833                 jmp     short loc_11A0F
seg002:0835 ; ---------------------------------------------------------------------------
seg002:0835
seg002:0835 loc_11A05:                              ; CODE XREF: __filbuf+15↑j
seg002:0835                 or      byte ptr [si+6], 20h
seg002:0839                 jmp     short loc_11A14
seg002:083B ; ---------------------------------------------------------------------------
seg002:083B
seg002:083B loc_11A0B:                              ; CODE XREF: __filbuf+4C↑j
seg002:083B                 or      byte ptr [si+6], 10h
seg002:083F
seg002:083F loc_11A0F:                              ; CODE XREF: __filbuf+57↑j
seg002:083F                 mov     word ptr [si+2], 0
seg002:0844
seg002:0844 loc_11A14:                              ; CODE XREF: __filbuf+D↑j
seg002:0844                                         ; __filbuf+11↑j ...
seg002:0844                 mov     ax, 0FFFFh
seg002:0847                 jmp     short loc_11A3D
seg002:0849 ; ---------------------------------------------------------------------------
seg002:0849
seg002:0849 loc_11A19:                              ; CODE XREF: __filbuf+51↑j
seg002:0849                 mov     bh, [bx+97Fh]
seg002:084D                 and     bh, 82h
seg002:0850                 cmp     bh, 82h
seg002:0853                 jnz     short loc_11A30
seg002:0855                 mov     bh, [si+6]
seg002:0858                 test    bh, 82h
seg002:085B                 jnz     short loc_11A30
seg002:085D                 or      byte ptr [di], 20h
seg002:0860
seg002:0860 loc_11A30:                              ; CODE XREF: __filbuf+77↑j
seg002:0860                                         ; __filbuf+7F↑j
seg002:0860                 dec     ax
seg002:0861                 mov     [si+2], ax
seg002:0864                 mov     bx, [si]
seg002:0866                 xor     ax, ax
seg002:0868                 mov     al, [bx]
seg002:086A                 inc     bx
seg002:086B                 mov     [si], bx
seg002:086D
seg002:086D loc_11A3D:                              ; CODE XREF: __filbuf+6B↑j
seg002:086D                 pop     di
seg002:086E                 pop     si
seg002:086F                 pop     bp
seg002:0870                 retf
seg002:0870 __filbuf        endp ; sp-analysis failed
seg002:0870
seg002:0870 ; ---------------------------------------------------------------------------
seg002:0871                 align 2
seg002:0872
seg002:0872 ; =============== S U B R O U T I N E =======================================
seg002:0872
seg002:0872 ; Attributes: library function bp-based frame
seg002:0872
seg002:0872 ; int __cdecl _flsbuf(int, FILE *)
seg002:0872 __flsbuf        proc far                ; CODE XREF: sub_12192+1A↓p
seg002:0872                                         ; _sprintf+4A↓P
seg002:0872
seg002:0872 arg_0           = word ptr  6
seg002:0872 arg_2           = dword ptr  8
seg002:0872
seg002:0872                 push    bp
seg002:0873                 mov     bp, sp
seg002:0875                 push    si
seg002:0876                 push    di
seg002:0877                 mov     si, word ptr [bp+arg_2]
seg002:087A                 mov     al, [si+6]
seg002:087D                 test    al, 82h
seg002:087F                 jz      short loc_11ABA
seg002:0881                 test    al, 40h
seg002:0883                 jnz     short loc_11ABA
seg002:0885                 mov     word ptr [si+2], 0
seg002:088A                 test    al, 1
seg002:088C                 jz      short loc_11A69
seg002:088E                 test    al, 10h
seg002:0890                 jz      short loc_11ABA
seg002:0892                 mov     cx, [si+4]
seg002:0895                 mov     [si], cx
seg002:0897                 and     al, 0FEh
seg002:0899
seg002:0899 loc_11A69:                              ; CODE XREF: __flsbuf+1A↑j
seg002:0899                 or      al, 2
seg002:089B                 and     al, 0EFh
seg002:089D                 mov     [si+6], al
seg002:08A0                 mov     di, si
seg002:08A2                 sub     di, 9CEh
seg002:08A6                 add     di, 0A6Eh
seg002:08AA                 xor     bx, bx
seg002:08AC                 mov     bl, [si+7]
seg002:08AF                 test    al, 8
seg002:08B1                 jnz     short loc_11AD0
seg002:08B3                 test    al, 4
seg002:08B5                 jnz     short loc_11AA5
seg002:08B7                 test    byte ptr [di], 1
seg002:08BA                 jnz     short loc_11AD0
seg002:08BC                 cmp     si, 9D6h
seg002:08C0                 jz      short loc_11A9E
seg002:08C2                 cmp     si, 9DEh
seg002:08C6                 jz      short loc_11A9E
seg002:08C8                 cmp     si, 9EEh
seg002:08CC                 jnz     short loc_11AC3
seg002:08CE
seg002:08CE loc_11A9E:                              ; CODE XREF: __flsbuf+4E↑j
seg002:08CE                                         ; __flsbuf+54↑j
seg002:08CE                 test    byte ptr [bx+97Fh], 40h
seg002:08D3                 jz      short loc_11AC3
seg002:08D5
seg002:08D5 loc_11AA5:                              ; CODE XREF: __flsbuf+43↑j
seg002:08D5                                         ; __flsbuf+8C↓j
seg002:08D5                 mov     cx, 1
seg002:08D8                 push    cx              ; unsigned int
seg002:08D9                 lea     di, [bp+arg_0]
seg002:08DC                 push    di
seg002:08DD                 push    bx              ; void *
seg002:08DE                 push    cs              ; int
seg002:08DF                 call    _write
seg002:08E2                 add     sp, 6
seg002:08E5                 mov     cx, 1
seg002:08E8                 jmp     short loc_11AF9
seg002:08EA ; ---------------------------------------------------------------------------
seg002:08EA
seg002:08EA loc_11ABA:                              ; CODE XREF: __flsbuf+D↑j
seg002:08EA                                         ; __flsbuf+11↑j ...
seg002:08EA                 mov     ax, 0FFFFh
seg002:08ED                 or      byte ptr [si+6], 20h
seg002:08F1                 jmp     short loc_11B21
seg002:08F3 ; ---------------------------------------------------------------------------
seg002:08F3
seg002:08F3 loc_11AC3:                              ; CODE XREF: __flsbuf+5A↑j
seg002:08F3                                         ; __flsbuf+61↑j
seg002:08F3                 push    bx
seg002:08F4                 push    si
seg002:08F5                 call    __getbuf
seg002:08F8                 pop     bx
seg002:08F9                 pop     bx
seg002:08FA                 test    byte ptr [si+6], 8
seg002:08FE                 jz      short loc_11AA5
seg002:0900
seg002:0900 loc_11AD0:                              ; CODE XREF: __flsbuf+3F↑j
seg002:0900                                         ; __flsbuf+48↑j
seg002:0900                 mov     cx, [si]
seg002:0902                 mov     dx, [si+4]
seg002:0905                 sub     cx, dx
seg002:0907                 inc     dx
seg002:0908                 mov     [si], dx
seg002:090A                 mov     dx, [di+2]
seg002:090D                 dec     dx
seg002:090E                 mov     [si+2], dx
seg002:0911                 jcxz    short loc_11B04
seg002:0913                 push    cx
seg002:0914                 push    cx              ; unsigned int
seg002:0915                 push    word ptr [si+4]
seg002:0918                 push    bx              ; void *
seg002:0919                 push    cs              ; int
seg002:091A                 call    _write
seg002:091D                 add     sp, 6
seg002:0920                 pop     cx
seg002:0921
seg002:0921 loc_11AF1:                              ; CODE XREF: __flsbuf+C9↓j
seg002:0921                                         ; __flsbuf+DD↓j
seg002:0921                 mov     di, [si+4]
seg002:0924                 mov     dx, [bp+arg_0]
seg002:0927                 mov     [di], dl
seg002:0929
seg002:0929 loc_11AF9:                              ; CODE XREF: __flsbuf+76↑j
seg002:0929                 cmp     ax, cx
seg002:092B                 jnz     short loc_11ABA
seg002:092D                 xor     ax, ax
seg002:092F                 mov     al, byte ptr [bp+arg_0]
seg002:0932                 jmp     short loc_11B21
seg002:0934 ; ---------------------------------------------------------------------------
seg002:0934
seg002:0934 loc_11B04:                              ; CODE XREF: __flsbuf+9F↑j
seg002:0934                 xor     ax, ax
seg002:0936                 test    byte ptr [bx+97Fh], 20h
seg002:093B                 jz      short loc_11AF1
seg002:093D                 mov     cx, 2
seg002:0940                 push    cx
seg002:0941                 push    ax              ; int
seg002:0942                 push    ax
seg002:0943                 push    bx              ; __int32
seg002:0944                 push    cs              ; int
seg002:0945                 call    _lseek
seg002:0948                 add     sp, 8
seg002:094B                 xor     ax, ax
seg002:094D                 mov     cx, ax
seg002:094F                 jmp     short loc_11AF1
seg002:0951 ; ---------------------------------------------------------------------------
seg002:0951
seg002:0951 loc_11B21:                              ; CODE XREF: __flsbuf+7F↑j
seg002:0951                                         ; __flsbuf+C0↑j
seg002:0951                 pop     di
seg002:0952                 pop     si
seg002:0953                 pop     bp
seg002:0954                 retf
seg002:0954 __flsbuf        endp ; sp-analysis failed
seg002:0954
seg002:0954 ; ---------------------------------------------------------------------------
seg002:0955                 align 2
seg002:0956
seg002:0956 ; =============== S U B R O U T I N E =======================================
seg002:0956
seg002:0956 ; Attributes: library function bp-based frame
seg002:0956
seg002:0956 __freebuf       proc near               ; CODE XREF: _fclose+39↑p
seg002:0956
seg002:0956 arg_0           = word ptr  4
seg002:0956
seg002:0956                 push    bp
seg002:0957                 mov     bp, sp
seg002:0959                 push    si
seg002:095A                 mov     si, [bp+arg_0]
seg002:095D                 mov     al, [si+6]
seg002:0960                 test    al, 83h
seg002:0962                 jz      short loc_11B4F
seg002:0964                 test    al, 8
seg002:0966                 jz      short loc_11B4F
seg002:0968                 push    word ptr [si+4] ; void near *
seg002:096B                 call    j___nfree
seg002:0970                 pop     cx
seg002:0971                 and     byte ptr [si+6], 0F7h
seg002:0975                 xor     ax, ax
seg002:0977                 mov     [si+4], ax
seg002:097A                 mov     [si], ax
seg002:097C                 mov     [si+2], ax
seg002:097F
seg002:097F loc_11B4F:                              ; CODE XREF: __freebuf+C↑j
seg002:097F                                         ; __freebuf+10↑j
seg002:097F                 pop     si
seg002:0980                 pop     bp
seg002:0981                 retn
seg002:0981 __freebuf       endp
seg002:0981
seg002:0982
seg002:0982 ; =============== S U B R O U T I N E =======================================
seg002:0982
seg002:0982 ; Attributes: library function bp-based frame
seg002:0982
seg002:0982 __getbuf        proc near               ; CODE XREF: __filbuf+30↑p
seg002:0982                                         ; __flsbuf+83↑p
seg002:0982
seg002:0982 arg_0           = word ptr  4
seg002:0982
seg002:0982                 push    bp
seg002:0983                 mov     bp, sp
seg002:0985                 push    si
seg002:0986                 mov     si, [bp+arg_0]
seg002:0989                 mov     ax, 200h
seg002:098C                 push    ax              ; size_t
seg002:098D                 call    j___nmalloc
seg002:0992                 pop     cx
seg002:0993                 mov     bx, si
seg002:0995                 sub     bx, 9CEh
seg002:0999                 add     bx, 0A6Eh
seg002:099D                 or      ax, ax
seg002:099F                 jz      short loc_11B7C
seg002:09A1                 or      byte ptr [si+6], 8
seg002:09A5                 mov     word ptr [bx+2], 200h
seg002:09AA                 jmp     short loc_11B88
seg002:09AC ; ---------------------------------------------------------------------------
seg002:09AC
seg002:09AC loc_11B7C:                              ; CODE XREF: __getbuf+1D↑j
seg002:09AC                 or      byte ptr [si+6], 4
seg002:09B0                 mov     word ptr [bx+2], 1
seg002:09B5                 lea     ax, [bx+1]
seg002:09B8
seg002:09B8 loc_11B88:                              ; CODE XREF: __getbuf+28↑j
seg002:09B8                 mov     [si], ax
seg002:09BA                 mov     [si+4], ax
seg002:09BD                 mov     word ptr [si+2], 0
seg002:09C2                 pop     si
seg002:09C3                 pop     bp
seg002:09C4                 retn
seg002:09C4 __getbuf        endp
seg002:09C4
seg002:09C4 ; ---------------------------------------------------------------------------
seg002:09C5                 align 2
seg002:09C6
seg002:09C6 ; =============== S U B R O U T I N E =======================================
seg002:09C6
seg002:09C6 ; Attributes: library function bp-based frame
seg002:09C6
seg002:09C6 ; int __cdecl __far _openfile(char *, int, int)
seg002:09C6 __openfile      proc far                ; CODE XREF: __fsopen+1E↑P
seg002:09C6
seg002:09C6 var_8           = word ptr -8
seg002:09C6 var_6           = word ptr -6
seg002:09C6 var_4           = byte ptr -4
seg002:09C6 var_2           = word ptr -2
seg002:09C6 arg_0           = dword ptr  6
seg002:09C6 arg_4           = word ptr  0Ah
seg002:09C6 arg_6           = word ptr  0Ch
seg002:09C6
seg002:09C6                 push    bp
seg002:09C7                 mov     bp, sp
seg002:09C9                 sub     sp, 8
seg002:09CC                 push    di
seg002:09CD                 push    si
seg002:09CE                 mov     bx, word ptr [bp+arg_0+2]
seg002:09D1                 mov     al, [bx]
seg002:09D3                 cbw
seg002:09D4                 cmp     ax, 77h ; 'w'
seg002:09D7                 jz      short loc_11BEE
seg002:09D9                 ja      short loc_11BB3
seg002:09DB                 sub     al, 61h ; 'a'
seg002:09DD                 jz      short loc_11BF8
seg002:09DF                 sub     al, 11h
seg002:09E1                 jz      short loc_11BB8
seg002:09E3
seg002:09E3 loc_11BB3:                              ; CODE XREF: __openfile+13↑j
seg002:09E3                                         ; __openfile+AC↓j
seg002:09E3                 sub     ax, ax
seg002:09E5                 jmp     loc_11C78
seg002:09E8 ; ---------------------------------------------------------------------------
seg002:09E8
seg002:09E8 loc_11BB8:                              ; CODE XREF: __openfile+1B↑j
seg002:09E8                 sub     si, si
seg002:09EA                 mov     [bp+var_4], 1
seg002:09EE
seg002:09EE loc_11BBE:                              ; CODE XREF: __openfile+5F↓j
seg002:09EE                 mov     [bp+var_2], 1
seg002:09F3
seg002:09F3 loc_11BC3:                              ; CODE XREF: __openfile+55↓j
seg002:09F3                                         ; __openfile+78↓j ...
seg002:09F3                 inc     word ptr [bp+arg_0+2]
seg002:09F6                 mov     bx, word ptr [bp+arg_0+2]
seg002:09F9                 cmp     byte ptr [bx], 0
seg002:09FC                 jz      short loc_11C28
seg002:09FE                 cmp     [bp+var_2], 0
seg002:0A02                 jz      short loc_11C28
seg002:0A04                 mov     al, [bx]
seg002:0A06                 cbw
seg002:0A07                 cmp     ax, 74h ; 't'
seg002:0A0A                 jz      short loc_11C10
seg002:0A0C                 ja      short loc_11BE6
seg002:0A0E                 sub     al, 2Bh ; '+'
seg002:0A10                 jz      short loc_11BFE
seg002:0A12                 sub     al, 37h ; '7'
seg002:0A14                 jz      short loc_11C1C
seg002:0A16
seg002:0A16 loc_11BE6:                              ; CODE XREF: __openfile+46↑j
seg002:0A16                                         ; __openfile+6C↓j ...
seg002:0A16                 mov     [bp+var_2], 0
seg002:0A1B                 jmp     short loc_11BC3
seg002:0A1B ; ---------------------------------------------------------------------------
seg002:0A1D                 align 2
seg002:0A1E
seg002:0A1E loc_11BEE:                              ; CODE XREF: __openfile+11↑j
seg002:0A1E                 mov     si, 301h
seg002:0A21
seg002:0A21 loc_11BF1:                              ; CODE XREF: __openfile+65↓j
seg002:0A21                 mov     [bp+var_4], 2
seg002:0A25                 jmp     short loc_11BBE
seg002:0A25 ; ---------------------------------------------------------------------------
seg002:0A27                 align 2
seg002:0A28
seg002:0A28 loc_11BF8:                              ; CODE XREF: __openfile+17↑j
seg002:0A28                 mov     si, 109h
seg002:0A2B                 jmp     short loc_11BF1
seg002:0A2B ; ---------------------------------------------------------------------------
seg002:0A2D                 align 2
seg002:0A2E
seg002:0A2E loc_11BFE:                              ; CODE XREF: __openfile+4A↑j
seg002:0A2E                 test    si, 2
seg002:0A32                 jnz     short loc_11BE6
seg002:0A34                 or      si, 2
seg002:0A37                 and     si, 0FFFEh
seg002:0A3A                 mov     [bp+var_4], 80h
seg002:0A3E                 jmp     short loc_11BC3
seg002:0A40 ; ---------------------------------------------------------------------------
seg002:0A40
seg002:0A40 loc_11C10:                              ; CODE XREF: __openfile+44↑j
seg002:0A40                 test    si, 0C000h
seg002:0A44                 jnz     short loc_11BE6
seg002:0A46                 or      si, 4000h
seg002:0A4A                 jmp     short loc_11BC3
seg002:0A4C ; ---------------------------------------------------------------------------
seg002:0A4C
seg002:0A4C loc_11C1C:                              ; CODE XREF: __openfile+4E↑j
seg002:0A4C                 test    si, 0C000h
seg002:0A50                 jnz     short loc_11BE6
seg002:0A52                 or      si, 8000h
seg002:0A56                 jmp     short loc_11BC3
seg002:0A58 ; ---------------------------------------------------------------------------
seg002:0A58
seg002:0A58 loc_11C28:                              ; CODE XREF: __openfile+36↑j
seg002:0A58                                         ; __openfile+3C↑j
seg002:0A58                 mov     ax, 1A4h
seg002:0A5B                 push    ax              ; int
seg002:0A5C                 push    [bp+arg_4]      ; int
seg002:0A5F                 push    si
seg002:0A60                 push    word ptr [bp+arg_0] ; char *
seg002:0A63                 call    _sopen
seg002:0A68                 add     sp, 8
seg002:0A6B                 mov     [bp+var_6], ax
seg002:0A6E                 or      ax, ax
seg002:0A70                 jge     short loc_11C45
seg002:0A72                 jmp     loc_11BB3
seg002:0A75 ; ---------------------------------------------------------------------------
seg002:0A75
seg002:0A75 loc_11C45:                              ; CODE XREF: __openfile+AA↑j
seg002:0A75                 inc     word_14BEC
seg002:0A79                 mov     di, [bp+arg_6]
seg002:0A7C                 mov     ax, di
seg002:0A7E                 sub     ax, 9CEh
seg002:0A81                 add     ax, 0A6Eh
seg002:0A84                 mov     [bp+var_8], ax
seg002:0A87                 mov     al, [bp+var_4]
seg002:0A8A                 mov     [di+6], al
seg002:0A8D                 mov     bx, [bp+var_8]
seg002:0A90                 mov     byte ptr [bx], 0
seg002:0A93                 sub     ax, ax
seg002:0A95                 mov     [di+2], ax
seg002:0A98                 mov     [bx+4], ax
seg002:0A9B                 mov     [di], ax
seg002:0A9D                 mov     [di+4], ax
seg002:0AA0                 mov     al, byte ptr [bp+var_6]
seg002:0AA3                 mov     [di+7], al
seg002:0AA6                 mov     ax, di
seg002:0AA8
seg002:0AA8 loc_11C78:                              ; CODE XREF: __openfile+1F↑j
seg002:0AA8                 pop     si
seg002:0AA9                 pop     di
seg002:0AAA                 mov     sp, bp
seg002:0AAC                 pop     bp
seg002:0AAD                 retf
seg002:0AAD __openfile      endp
seg002:0AAD
seg002:0AAE
seg002:0AAE ; =============== S U B R O U T I N E =======================================
seg002:0AAE
seg002:0AAE ; Attributes: library function bp-based frame
seg002:0AAE
seg002:0AAE ; int __cdecl fflush(FILE *)
seg002:0AAE _fflush         proc far                ; CODE XREF: _fclose+21↑P
seg002:0AAE                                         ; flsall+27↓P ...
seg002:0AAE
seg002:0AAE var_2           = word ptr -2
seg002:0AAE arg_0           = dword ptr  6
seg002:0AAE
seg002:0AAE                 push    bp
seg002:0AAF                 mov     bp, sp
seg002:0AB1                 sub     sp, 2
seg002:0AB4                 push    di
seg002:0AB5                 push    si              ; unsigned int
seg002:0AB6                 sub     di, di
seg002:0AB8                 cmp     word ptr [bp+arg_0], di
seg002:0ABB                 jnz     short loc_11C96
seg002:0ABD                 sub     ax, ax
seg002:0ABF                 push    ax
seg002:0AC0                 call    flsall
seg002:0AC3                 jmp     short loc_11CEC
seg002:0AC3 ; ---------------------------------------------------------------------------
seg002:0AC5                 align 2
seg002:0AC6
seg002:0AC6 loc_11C96:                              ; CODE XREF: _fflush+D↑j
seg002:0AC6                 mov     si, word ptr [bp+arg_0]
seg002:0AC9                 mov     al, [si+6]
seg002:0ACC                 mov     cx, ax
seg002:0ACE                 and     al, 3
seg002:0AD0                 cmp     al, 2
seg002:0AD2                 jnz     short loc_11CE0
seg002:0AD4                 test    cl, 8
seg002:0AD7                 jnz     short loc_11CB6
seg002:0AD9                 mov     bx, si
seg002:0ADB                 sub     bx, 9CEh
seg002:0ADF                 test    byte ptr [bx+0A6Eh], 1
seg002:0AE4                 jz      short loc_11CE0
seg002:0AE6
seg002:0AE6 loc_11CB6:                              ; CODE XREF: _fflush+29↑j
seg002:0AE6                 mov     ax, [si]
seg002:0AE8                 sub     ax, [si+4]
seg002:0AEB                 mov     [bp+var_2], ax
seg002:0AEE                 or      ax, ax
seg002:0AF0                 jle     short loc_11CE0
seg002:0AF2                 push    ax
seg002:0AF3                 push    word ptr [si+4] ; void *
seg002:0AF6                 mov     cl, [si+7]
seg002:0AF9                 sub     ch, ch
seg002:0AFB                 push    cx              ; int
seg002:0AFC                 call    far ptr _write
seg002:0B01                 add     sp, 6
seg002:0B04                 cmp     [bp+var_2], ax
seg002:0B07                 jz      short loc_11CE0
seg002:0B09                 or      byte ptr [si+6], 20h
seg002:0B0D                 mov     di, 0FFFFh
seg002:0B10
seg002:0B10 loc_11CE0:                              ; CODE XREF: _fflush+24↑j
seg002:0B10                                         ; _fflush+36↑j ...
seg002:0B10                 mov     ax, [si+4]
seg002:0B13                 mov     [si], ax
seg002:0B15                 mov     word ptr [si+2], 0
seg002:0B1A                 mov     ax, di
seg002:0B1C
seg002:0B1C loc_11CEC:                              ; CODE XREF: _fflush+15↑j
seg002:0B1C                 pop     si
seg002:0B1D                 pop     di
seg002:0B1E                 mov     sp, bp
seg002:0B20                 pop     bp
seg002:0B21                 retf
seg002:0B21 _fflush         endp
seg002:0B21
seg002:0B22
seg002:0B22 ; =============== S U B R O U T I N E =======================================
seg002:0B22
seg002:0B22 ; Attributes: library function
seg002:0B22
seg002:0B22 ; int __cdecl flushall()
seg002:0B22 _flushall       proc far                ; DATA XREF: dseg:0BB2↓o
seg002:0B22                 mov     ax, 1
seg002:0B25                 push    ax
seg002:0B26                 call    flsall
seg002:0B29                 retf
seg002:0B29 _flushall       endp
seg002:0B29
seg002:0B2A
seg002:0B2A ; =============== S U B R O U T I N E =======================================
seg002:0B2A
seg002:0B2A ; Attributes: library function static bp-based frame
seg002:0B2A
seg002:0B2A flsall          proc near               ; CODE XREF: _fflush+12↑p
seg002:0B2A                                         ; _flushall+4↑p
seg002:0B2A
seg002:0B2A var_2           = word ptr -2
seg002:0B2A arg_0           = word ptr  4
seg002:0B2A
seg002:0B2A                 push    bp
seg002:0B2B                 mov     bp, sp
seg002:0B2D                 sub     sp, 2
seg002:0B30                 push    di
seg002:0B31                 push    si
seg002:0B32                 mov     si, 9CEh
seg002:0B35                 sub     di, di
seg002:0B37                 mov     [bp+var_2], di
seg002:0B3A                 jmp     short loc_11D14
seg002:0B3C ; ---------------------------------------------------------------------------
seg002:0B3C
seg002:0B3C loc_11D0C:                              ; CODE XREF: flsall+30↓j
seg002:0B3C                 mov     [bp+var_2], 0FFFFh
seg002:0B41
seg002:0B41 loc_11D11:                              ; CODE XREF: flsall+24↓j
seg002:0B41                                         ; flsall+33↓j
seg002:0B41                 add     si, 8
seg002:0B44
seg002:0B44 loc_11D14:                              ; CODE XREF: flsall+10↑j
seg002:0B44                 cmp     word_14D2E, si
seg002:0B48                 jb      short loc_11D30
seg002:0B4A                 test    byte ptr [si+6], 83h
seg002:0B4E                 jz      short loc_11D11
seg002:0B50                 push    si              ; FILE *
seg002:0B51                 call    _fflush
seg002:0B56                 add     sp, 2
seg002:0B59                 inc     ax
seg002:0B5A                 jz      short loc_11D0C
seg002:0B5C                 inc     di
seg002:0B5D                 jmp     short loc_11D11
seg002:0B5D ; ---------------------------------------------------------------------------
seg002:0B5F                 align 2
seg002:0B60
seg002:0B60 loc_11D30:                              ; CODE XREF: flsall+1E↑j
seg002:0B60                 cmp     [bp+arg_0], 1
seg002:0B64                 jnz     short loc_11D3A
seg002:0B66                 mov     ax, di
seg002:0B68                 jmp     short loc_11D3D
seg002:0B6A ; ---------------------------------------------------------------------------
seg002:0B6A
seg002:0B6A loc_11D3A:                              ; CODE XREF: flsall+3A↑j
seg002:0B6A                 mov     ax, [bp+var_2]
seg002:0B6D
seg002:0B6D loc_11D3D:                              ; CODE XREF: flsall+3E↑j
seg002:0B6D                 pop     si
seg002:0B6E                 pop     di
seg002:0B6F                 mov     sp, bp
seg002:0B71                 pop     bp
seg002:0B72                 retn    2
seg002:0B72 flsall          endp
seg002:0B72
seg002:0B72 ; ---------------------------------------------------------------------------
seg002:0B75                 align 2
seg002:0B76 jpt_11DA8       dw offset loc_11DAD     ; DATA XREF: __output+52↓r
seg002:0B78                 dw offset loc_11DB8     ; jump table for switch statement
seg002:0B7A                 dw offset loc_11DCC
seg002:0B7C                 dw offset loc_11E00
seg002:0B7E                 dw offset loc_11E2C
seg002:0B80                 dw offset loc_11E34
seg002:0B82                 dw offset loc_11E5D
seg002:0B84                 dw offset loc_11E8F
seg002:0B86
seg002:0B86 ; =============== S U B R O U T I N E =======================================
seg002:0B86
seg002:0B86 ; Attributes: library function bp-based frame
seg002:0B86
seg002:0B86 __output        proc far                ; CODE XREF: _sprintf+28↓P
seg002:0B86
seg002:0B86 var_171         = byte ptr -171h
seg002:0B86 var_16E         = byte ptr -16Eh
seg002:0B86 var_16D         = byte ptr -16Dh
seg002:0B86 var_169         = byte ptr -169h
seg002:0B86 var_15          = byte ptr -15h
seg002:0B86 var_12          = word ptr -12h
seg002:0B86 var_10          = word ptr -10h
seg002:0B86 var_E           = byte ptr -0Eh
seg002:0B86 var_D           = byte ptr -0Dh
seg002:0B86 var_C           = word ptr -0Ch
seg002:0B86 var_A           = word ptr -0Ah
seg002:0B86 var_8           = word ptr -8
seg002:0B86 var_6           = byte ptr -6
seg002:0B86 var_5           = byte ptr -5
seg002:0B86 var_4           = word ptr -4
seg002:0B86 var_2           = byte ptr -2
seg002:0B86 var_1           = byte ptr -1
seg002:0B86 arg_2           = word ptr  8
seg002:0B86 arg_4           = word ptr  0Ah
seg002:0B86
seg002:0B86 ; FUNCTION CHUNK AT seg002:1057 SIZE 00000006 BYTES
seg002:0B86
seg002:0B86                 push    bp
seg002:0B87                 mov     bp, sp
seg002:0B89                 mov     ax, 171h
seg002:0B8C                 push    cs
seg002:0B8D                 call    near ptr __aFchkstk
seg002:0B90                 push    si
seg002:0B91                 push    di
seg002:0B92                 xor     ax, ax
seg002:0B94                 mov     [bp+var_8], ax
seg002:0B97                 mov     [bp+var_5], al
seg002:0B9A
seg002:0B9A loc_11D6A:                              ; CODE XREF: __output+60↓j
seg002:0B9A                                         ; __output+74↓j ...
seg002:0B9A                 mov     si, [bp+arg_2]
seg002:0B9D                 lodsb
seg002:0B9E                 mov     [bp+arg_2], si
seg002:0BA1                 mov     [bp+var_2], al
seg002:0BA4                 or      al, al
seg002:0BA6                 jz      short loc_11D7E
seg002:0BA8                 cmp     [bp+var_8], 0
seg002:0BAC                 jge     short loc_11D84
seg002:0BAE
seg002:0BAE loc_11D7E:                              ; CODE XREF: __output+20↑j
seg002:0BAE                 mov     ax, [bp+var_8]
seg002:0BB1                 jmp     loc_12227
seg002:0BB4 ; ---------------------------------------------------------------------------
seg002:0BB4
seg002:0BB4 loc_11D84:                              ; CODE XREF: __output+26↑j
seg002:0BB4                 mov     bx, 0B10h
seg002:0BB7                 sub     al, 20h ; ' '
seg002:0BB9                 cmp     al, 58h ; 'X'
seg002:0BBB                 ja      short loc_11D92
seg002:0BBD                 xlat
seg002:0BBE                 and     al, 0Fh
seg002:0BC0                 jmp     short loc_11D94
seg002:0BC2 ; ---------------------------------------------------------------------------
seg002:0BC2
seg002:0BC2 loc_11D92:                              ; CODE XREF: __output+35↑j
seg002:0BC2                 mov     al, 0
seg002:0BC4
seg002:0BC4 loc_11D94:                              ; CODE XREF: __output+3A↑j
seg002:0BC4                 mov     cl, 3
seg002:0BC6                 shl     al, cl
seg002:0BC8                 add     al, [bp+var_5]
seg002:0BCB                 xlat
seg002:0BCC                 inc     cl
seg002:0BCE                 shr     al, cl
seg002:0BD0                 mov     [bp+var_5], al
seg002:0BD3                 cbw
seg002:0BD4                 mov     bx, ax
seg002:0BD6                 shl     bx, 1           ; switch 8 cases
seg002:0BD8                 jmp     cs:jpt_11DA8[bx] ; switch jump
seg002:0BDD ; ---------------------------------------------------------------------------
seg002:0BDD
seg002:0BDD loc_11DAD:                              ; CODE XREF: __output+52↑j
seg002:0BDD                                         ; DATA XREF: seg002:jpt_11DA8↑o
seg002:0BDD                 mov     dl, [bp+var_2]  ; jumptable 00011DA8 case 0
seg002:0BE0                 mov     cx, 1
seg002:0BE3                 call    sub_121DA
seg002:0BE6                 jmp     short loc_11D6A
seg002:0BE8 ; ---------------------------------------------------------------------------
seg002:0BE8
seg002:0BE8 loc_11DB8:                              ; CODE XREF: __output+52↑j
seg002:0BE8                                         ; DATA XREF: seg002:jpt_11DA8↑o
seg002:0BE8                 xor     ax, ax          ; jumptable 00011DA8 case 1
seg002:0BEA                 mov     [bp+var_10], ax
seg002:0BED                 mov     [bp+var_A], ax
seg002:0BF0                 mov     [bp+var_12], ax
seg002:0BF3                 mov     [bp+var_4], ax
seg002:0BF6                 dec     ax
seg002:0BF7                 mov     [bp+var_C], ax
seg002:0BFA                 jmp     short loc_11D6A
seg002:0BFC ; ---------------------------------------------------------------------------
seg002:0BFC
seg002:0BFC loc_11DCC:                              ; CODE XREF: __output+52↑j
seg002:0BFC                                         ; DATA XREF: seg002:jpt_11DA8↑o
seg002:0BFC                 mov     al, [bp+var_2]  ; jumptable 00011DA8 case 2
seg002:0BFF                 cmp     al, 2Dh ; '-'
seg002:0C01                 jnz     short loc_11DD9
seg002:0C03                 or      byte ptr [bp+var_4], 4
seg002:0C07                 jmp     short loc_11D6A
seg002:0C09 ; ---------------------------------------------------------------------------
seg002:0C09
seg002:0C09 loc_11DD9:                              ; CODE XREF: __output+7B↑j
seg002:0C09                 cmp     al, 2Bh ; '+'
seg002:0C0B                 jnz     short loc_11DE3
seg002:0C0D                 or      byte ptr [bp+var_4], 1
seg002:0C11                 jmp     short loc_11D6A
seg002:0C13 ; ---------------------------------------------------------------------------
seg002:0C13
seg002:0C13 loc_11DE3:                              ; CODE XREF: __output+85↑j
seg002:0C13                 cmp     al, 20h ; ' '
seg002:0C15                 jnz     short loc_11DEE
seg002:0C17                 or      byte ptr [bp+var_4], 2
seg002:0C1B                 jmp     loc_11D6A
seg002:0C1E ; ---------------------------------------------------------------------------
seg002:0C1E
seg002:0C1E loc_11DEE:                              ; CODE XREF: __output+8F↑j
seg002:0C1E                 cmp     al, 23h ; '#'
seg002:0C20                 jnz     short loc_11DF9
seg002:0C22                 or      byte ptr [bp+var_4], 80h
seg002:0C26                 jmp     loc_11D6A
seg002:0C29 ; ---------------------------------------------------------------------------
seg002:0C29
seg002:0C29 loc_11DF9:                              ; CODE XREF: __output+9A↑j
seg002:0C29                 or      byte ptr [bp+var_4], 8
seg002:0C2D                 jmp     loc_11D6A
seg002:0C30 ; ---------------------------------------------------------------------------
seg002:0C30
seg002:0C30 loc_11E00:                              ; CODE XREF: __output+52↑j
seg002:0C30                                         ; DATA XREF: seg002:jpt_11DA8↑o
seg002:0C30                 mov     cl, [bp+var_2]  ; jumptable 00011DA8 case 3
seg002:0C33                 cmp     cl, 2Ah ; '*'
seg002:0C36                 jnz     short loc_11E17
seg002:0C38                 call    sub_12161
seg002:0C3B                 or      ax, ax
seg002:0C3D                 jns     short loc_11E26
seg002:0C3F                 neg     ax
seg002:0C41                 or      byte ptr [bp+var_4], 4
seg002:0C45                 jmp     short loc_11E26
seg002:0C47 ; ---------------------------------------------------------------------------
seg002:0C47
seg002:0C47 loc_11E17:                              ; CODE XREF: __output+B0↑j
seg002:0C47                 sub     cl, 30h ; '0'
seg002:0C4A                 xor     ch, ch
seg002:0C4C                 mov     ax, [bp+var_A]
seg002:0C4F                 mov     bx, 0Ah
seg002:0C52                 mul     bx
seg002:0C54                 add     ax, cx
seg002:0C56
seg002:0C56 loc_11E26:                              ; CODE XREF: __output+B7↑j
seg002:0C56                                         ; __output+BF↑j
seg002:0C56                 mov     [bp+var_A], ax
seg002:0C59                 jmp     loc_11D6A
seg002:0C5C ; ---------------------------------------------------------------------------
seg002:0C5C
seg002:0C5C loc_11E2C:                              ; CODE XREF: __output+52↑j
seg002:0C5C                                         ; DATA XREF: seg002:jpt_11DA8↑o
seg002:0C5C                 mov     [bp+var_C], 0   ; jumptable 00011DA8 case 4
seg002:0C61                 jmp     loc_11D6A
seg002:0C64 ; ---------------------------------------------------------------------------
seg002:0C64
seg002:0C64 loc_11E34:                              ; CODE XREF: __output+52↑j
seg002:0C64                                         ; DATA XREF: seg002:jpt_11DA8↑o
seg002:0C64                 mov     cl, [bp+var_2]  ; jumptable 00011DA8 case 5
seg002:0C67                 cmp     cl, 2Ah ; '*'
seg002:0C6A                 jnz     short loc_11E48
seg002:0C6C                 call    sub_12161
seg002:0C6F                 or      ax, ax
seg002:0C71                 jns     short loc_11E57
seg002:0C73                 mov     ax, 0FFFFh
seg002:0C76                 jmp     short loc_11E57
seg002:0C78 ; ---------------------------------------------------------------------------
seg002:0C78
seg002:0C78 loc_11E48:                              ; CODE XREF: __output+E4↑j
seg002:0C78                 sub     cl, 30h ; '0'
seg002:0C7B                 xor     ch, ch
seg002:0C7D                 mov     ax, [bp+var_C]
seg002:0C80                 mov     bx, 0Ah
seg002:0C83                 mul     bx
seg002:0C85                 add     ax, cx
seg002:0C87
seg002:0C87 loc_11E57:                              ; CODE XREF: __output+EB↑j
seg002:0C87                                         ; __output+F0↑j
seg002:0C87                 mov     [bp+var_C], ax
seg002:0C8A                 jmp     loc_11D6A
seg002:0C8D ; ---------------------------------------------------------------------------
seg002:0C8D
seg002:0C8D loc_11E5D:                              ; CODE XREF: __output+52↑j
seg002:0C8D                                         ; DATA XREF: seg002:jpt_11DA8↑o
seg002:0C8D                 mov     al, [bp+var_2]  ; jumptable 00011DA8 case 6
seg002:0C90                 cmp     al, 6Ch ; 'l'
seg002:0C92                 jnz     short loc_11E6A
seg002:0C94                 or      byte ptr [bp+var_4], 10h
seg002:0C98                 jmp     short loc_11E8C
seg002:0C9A ; ---------------------------------------------------------------------------
seg002:0C9A
seg002:0C9A loc_11E6A:                              ; CODE XREF: __output+10C↑j
seg002:0C9A                 cmp     al, 46h ; 'F'
seg002:0C9C                 jnz     short loc_11E74
seg002:0C9E                 or      byte ptr [bp+var_4], 20h
seg002:0CA2                 jmp     short loc_11E8C
seg002:0CA4 ; ---------------------------------------------------------------------------
seg002:0CA4
seg002:0CA4 loc_11E74:                              ; CODE XREF: __output+116↑j
seg002:0CA4                 cmp     al, 4Eh ; 'N'
seg002:0CA6                 jnz     short loc_11E7E
seg002:0CA8                 or      byte ptr [bp+var_4+1], 10h
seg002:0CAC                 jmp     short loc_11E8C
seg002:0CAE ; ---------------------------------------------------------------------------
seg002:0CAE
seg002:0CAE loc_11E7E:                              ; CODE XREF: __output+120↑j
seg002:0CAE                 cmp     al, 4Ch ; 'L'
seg002:0CB0                 jnz     short loc_11E88
seg002:0CB2                 or      byte ptr [bp+var_4+1], 4
seg002:0CB6                 jmp     short loc_11E8C
seg002:0CB8 ; ---------------------------------------------------------------------------
seg002:0CB8
seg002:0CB8 loc_11E88:                              ; CODE XREF: __output+12A↑j
seg002:0CB8                 or      byte ptr [bp+var_4+1], 8
seg002:0CBC
seg002:0CBC loc_11E8C:                              ; CODE XREF: __output+112↑j
seg002:0CBC                                         ; __output+11C↑j ...
seg002:0CBC                 jmp     loc_11D6A
seg002:0CBF ; ---------------------------------------------------------------------------
seg002:0CBF
seg002:0CBF loc_11E8F:                              ; CODE XREF: __output+52↑j
seg002:0CBF                                         ; DATA XREF: seg002:jpt_11DA8↑o
seg002:0CBF                 mov     al, [bp+var_2]  ; jumptable 00011DA8 case 7
seg002:0CC2                 cmp     al, 64h ; 'd'
seg002:0CC4                 jnz     short loc_11E99
seg002:0CC6                 jmp     loc_12027
seg002:0CC9 ; ---------------------------------------------------------------------------
seg002:0CC9
seg002:0CC9 loc_11E99:                              ; CODE XREF: __output+13E↑j
seg002:0CC9                 cmp     al, 69h ; 'i'
seg002:0CCB                 jnz     short loc_11EA0
seg002:0CCD                 jmp     loc_12027
seg002:0CD0 ; ---------------------------------------------------------------------------
seg002:0CD0
seg002:0CD0 loc_11EA0:                              ; CODE XREF: __output+145↑j
seg002:0CD0                 cmp     al, 75h ; 'u'
seg002:0CD2                 jnz     short loc_11EA7
seg002:0CD4                 jmp     loc_1202B
seg002:0CD7 ; ---------------------------------------------------------------------------
seg002:0CD7
seg002:0CD7 loc_11EA7:                              ; CODE XREF: __output+14C↑j
seg002:0CD7                 cmp     al, 58h ; 'X'
seg002:0CD9                 jnz     short loc_11EAE
seg002:0CDB                 jmp     loc_12031
seg002:0CDE ; ---------------------------------------------------------------------------
seg002:0CDE
seg002:0CDE loc_11EAE:                              ; CODE XREF: __output+153↑j
seg002:0CDE                 cmp     al, 78h ; 'x'
seg002:0CE0                 jnz     short loc_11EB5
seg002:0CE2                 jmp     loc_12037
seg002:0CE5 ; ---------------------------------------------------------------------------
seg002:0CE5
seg002:0CE5 loc_11EB5:                              ; CODE XREF: __output+15A↑j
seg002:0CE5                 cmp     al, 6Fh ; 'o'
seg002:0CE7                 jnz     short loc_11EBC
seg002:0CE9                 jmp     loc_12058
seg002:0CEC ; ---------------------------------------------------------------------------
seg002:0CEC
seg002:0CEC loc_11EBC:                              ; CODE XREF: __output+161↑j
seg002:0CEC                 cmp     al, 63h ; 'c'
seg002:0CEE                 jz      short loc_11EDA
seg002:0CF0                 cmp     al, 73h ; 's'
seg002:0CF2                 jz      short loc_11EEB
seg002:0CF4                 cmp     al, 6Eh ; 'n'
seg002:0CF6                 jz      short loc_11F19
seg002:0CF8                 cmp     al, 70h ; 'p'
seg002:0CFA                 jz      short loc_11F2C
seg002:0CFC                 cmp     al, 45h ; 'E'
seg002:0CFE                 jz      short loc_11ED7
seg002:0D00                 cmp     al, 47h ; 'G'
seg002:0D02                 jz      short loc_11ED7
seg002:0D04                 jmp     loc_11F92
seg002:0D07 ; ---------------------------------------------------------------------------
seg002:0D07
seg002:0D07 loc_11ED7:                              ; CODE XREF: __output+178↑j
seg002:0D07                                         ; __output+17C↑j
seg002:0D07                 jmp     loc_11F8F
seg002:0D0A ; ---------------------------------------------------------------------------
seg002:0D0A
seg002:0D0A loc_11EDA:                              ; CODE XREF: __output+168↑j
seg002:0D0A                 call    sub_12161
seg002:0D0D                 lea     di, [bp+var_171]
seg002:0D11                 push    ss
seg002:0D12                 pop     es
seg002:0D13                 assume es:dseg
seg002:0D13                 stosb
seg002:0D14                 dec     di
seg002:0D15                 mov     cx, 1
seg002:0D18                 jmp     loc_120D6
seg002:0D1B ; ---------------------------------------------------------------------------
seg002:0D1B
seg002:0D1B loc_11EEB:                              ; CODE XREF: __output+16C↑j
seg002:0D1B                 call    sub_12175
seg002:0D1E                 or      di, di
seg002:0D20                 jnz     short loc_11F04
seg002:0D22                 mov     ax, es
seg002:0D24                 or      ax, ax
seg002:0D26                 jnz     short loc_11F04
seg002:0D28                 push    ds
seg002:0D29                 pop     es
seg002:0D2A                 mov     di, 0B69h
seg002:0D2D                 mov     cx, word_14D8F
seg002:0D31                 jmp     loc_120D6
seg002:0D34 ; ---------------------------------------------------------------------------
seg002:0D34
seg002:0D34 loc_11F04:                              ; CODE XREF: __output+19A↑j
seg002:0D34                                         ; __output+1A0↑j
seg002:0D34                 push    di
seg002:0D35                 mov     cx, [bp+var_C]
seg002:0D38                 jcxz    short loc_11F11
seg002:0D3A                 xor     al, al
seg002:0D3C                 repne scasb
seg002:0D3E                 jnz     short loc_11F11
seg002:0D40                 dec     di
seg002:0D41
seg002:0D41 loc_11F11:                              ; CODE XREF: __output+1B2↑j
seg002:0D41                                         ; __output+1B8↑j
seg002:0D41                 pop     cx
seg002:0D42                 sub     di, cx
seg002:0D44                 xchg    cx, di
seg002:0D46                 jmp     loc_120D6
seg002:0D49 ; ---------------------------------------------------------------------------
seg002:0D49
seg002:0D49 loc_11F19:                              ; CODE XREF: __output+170↑j
seg002:0D49                 call    sub_12175
seg002:0D4C                 mov     ax, [bp+var_8]
seg002:0D4F                 stosw
seg002:0D50                 test    byte ptr [bp+var_4], 10h
seg002:0D54                 jz      short loc_11F29
seg002:0D56                 xor     ax, ax
seg002:0D58                 stosw
seg002:0D59
seg002:0D59 loc_11F29:                              ; CODE XREF: __output+1CE↑j
seg002:0D59                 jmp     loc_11D6A
seg002:0D5C ; ---------------------------------------------------------------------------
seg002:0D5C
seg002:0D5C loc_11F2C:                              ; CODE XREF: __output+174↑j
seg002:0D5C                 test    byte ptr [bp+var_4], 30h
seg002:0D60                 jnz     short loc_11F37
seg002:0D62                 call    sub_12161
seg002:0D65                 jmp     short loc_11F70
seg002:0D67 ; ---------------------------------------------------------------------------
seg002:0D67
seg002:0D67 loc_11F37:                              ; CODE XREF: __output+1DA↑j
seg002:0D67                 call    sub_12169
seg002:0D6A                 test    byte ptr [bp+var_4+1], 18h
seg002:0D6E                 jnz     short loc_11F70
seg002:0D70                 mov     [bp+var_1], 7
seg002:0D74                 mov     cx, 10h
seg002:0D77                 push    ss
seg002:0D78                 pop     es
seg002:0D79                 push    dx
seg002:0D7A                 xor     dx, dx
seg002:0D7C                 lea     di, [bp+var_169]
seg002:0D80                 mov     si, 4
seg002:0D83                 call    sub_121F6
seg002:0D86                 mov     cx, 10h
seg002:0D89                 lea     di, [bp+var_16E]
seg002:0D8D                 pop     ax
seg002:0D8E                 xor     dx, dx
seg002:0D90                 mov     si, 4
seg002:0D93                 call    sub_121F6
seg002:0D96                 mov     [bp+var_16D], 3Ah ; ':'
seg002:0D9B                 mov     cx, 9
seg002:0D9E                 jmp     short loc_11F88
seg002:0DA0 ; ---------------------------------------------------------------------------
seg002:0DA0
seg002:0DA0 loc_11F70:                              ; CODE XREF: __output+1DF↑j
seg002:0DA0                                         ; __output+1E8↑j
seg002:0DA0                 mov     [bp+var_1], 7
seg002:0DA4                 mov     cx, 10h
seg002:0DA7                 push    ss
seg002:0DA8                 pop     es
seg002:0DA9                 xor     dx, dx
seg002:0DAB                 lea     di, [bp+var_16E]
seg002:0DAF                 mov     si, 4
seg002:0DB2                 call    sub_121F6
seg002:0DB5                 mov     cx, 4
seg002:0DB8
seg002:0DB8 loc_11F88:                              ; CODE XREF: __output+218↑j
seg002:0DB8                 lea     di, [bp+var_171]
seg002:0DBC                 jmp     loc_120D6
seg002:0DBF ; ---------------------------------------------------------------------------
seg002:0DBF
seg002:0DBF loc_11F8F:                              ; CODE XREF: __output:loc_11ED7↑j
seg002:0DBF                 inc     [bp+var_12]
seg002:0DC2
seg002:0DC2 loc_11F92:                              ; CODE XREF: __output+17E↑j
seg002:0DC2                 or      byte ptr [bp+var_4], 40h
seg002:0DC6                 mov     al, [bp+var_2]
seg002:0DC9                 or      al, 20h
seg002:0DCB                 cbw
seg002:0DCC                 mov     si, ax
seg002:0DCE                 cmp     [bp+var_C], 0
seg002:0DD2                 jg      short loc_11FB7
seg002:0DD4                 jz      short loc_11FAD
seg002:0DD6                 mov     [bp+var_C], 6
seg002:0DDB                 jmp     short loc_11FB7
seg002:0DDD ; ---------------------------------------------------------------------------
seg002:0DDD
seg002:0DDD loc_11FAD:                              ; CODE XREF: __output+24E↑j
seg002:0DDD                 cmp     ax, 67h ; 'g'
seg002:0DE0                 jnz     short loc_11FB7
seg002:0DE2                 mov     [bp+var_C], 1
seg002:0DE7
seg002:0DE7 loc_11FB7:                              ; CODE XREF: __output+24C↑j
seg002:0DE7                                         ; __output+255↑j ...
seg002:0DE7                 lea     di, [bp+var_171]
seg002:0DEB                 push    [bp+var_12]
seg002:0DEE                 push    [bp+var_C]
seg002:0DF1                 push    si
seg002:0DF2                 push    di
seg002:0DF3                 push    [bp+arg_4]
seg002:0DF6                 test    byte ptr [bp+var_4+1], 4
seg002:0DFA                 jz      short loc_11FD6
seg002:0DFC                 call    off_14DAA
seg002:0E00                 add     [bp+arg_4], 0Ah
seg002:0E04                 jmp     short loc_11FDE
seg002:0E06 ; ---------------------------------------------------------------------------
seg002:0E06
seg002:0E06 loc_11FD6:                              ; CODE XREF: __output+274↑j
seg002:0E06                 call    off_14D96
seg002:0E0A                 add     [bp+arg_4], 8
seg002:0E0E
seg002:0E0E loc_11FDE:                              ; CODE XREF: __output+27E↑j
seg002:0E0E                 add     sp, 0Ah
seg002:0E11                 test    byte ptr [bp+var_4], 80h
seg002:0E15                 jz      short loc_11FF5
seg002:0E17                 cmp     [bp+var_C], 0
seg002:0E1B                 jnz     short loc_11FF5
seg002:0E1D                 push    di
seg002:0E1E                 call    off_14DA2
seg002:0E22                 add     sp, 2
seg002:0E25
seg002:0E25 loc_11FF5:                              ; CODE XREF: __output+28F↑j
seg002:0E25                                         ; __output+295↑j
seg002:0E25                 cmp     si, 67h ; 'g'
seg002:0E28                 jnz     short loc_12009
seg002:0E2A                 test    [bp+var_4], 80h
seg002:0E2F                 jnz     short loc_12009
seg002:0E31                 push    di
seg002:0E32                 call    off_14D9A
seg002:0E36                 add     sp, 2
seg002:0E39
seg002:0E39 loc_12009:                              ; CODE XREF: __output+2A2↑j
seg002:0E39                                         ; __output+2A9↑j
seg002:0E39                 push    ss
seg002:0E3A                 pop     es
seg002:0E3B                 cmp     byte ptr es:[di], 2Dh ; '-'
seg002:0E3F                 jnz     short loc_12016
seg002:0E41                 inc     di
seg002:0E42                 or      byte ptr [bp+var_4+1], 1
seg002:0E46
seg002:0E46 loc_12016:                              ; CODE XREF: __output+2B9↑j
seg002:0E46                 mov     cx, 0FFFFh
seg002:0E49                 push    di
seg002:0E4A                 mov     al, 0
seg002:0E4C                 repne scasb
seg002:0E4E                 dec     di
seg002:0E4F                 pop     cx
seg002:0E50                 sub     di, cx
seg002:0E52                 xchg    cx, di
seg002:0E54                 jmp     loc_120D6
seg002:0E57 ; ---------------------------------------------------------------------------
seg002:0E57
seg002:0E57 loc_12027:                              ; CODE XREF: __output+140↑j
seg002:0E57                                         ; __output+147↑j
seg002:0E57                 or      byte ptr [bp+var_4], 40h
seg002:0E5B
seg002:0E5B loc_1202B:                              ; CODE XREF: __output+14E↑j
seg002:0E5B                 mov     [bp+var_6], 0Ah
seg002:0E5F                 jmp     short loc_12066
seg002:0E61 ; ---------------------------------------------------------------------------
seg002:0E61
seg002:0E61 loc_12031:                              ; CODE XREF: __output+155↑j
seg002:0E61                 mov     [bp+var_1], 7
seg002:0E65                 jmp     short loc_1203B
seg002:0E67 ; ---------------------------------------------------------------------------
seg002:0E67
seg002:0E67 loc_12037:                              ; CODE XREF: __output+15C↑j
seg002:0E67                 mov     [bp+var_1], 27h ; '''
seg002:0E6B
seg002:0E6B loc_1203B:                              ; CODE XREF: __output+2DF↑j
seg002:0E6B                 test    byte ptr [bp+var_4], 80h
seg002:0E6F                 jz      short loc_12052
seg002:0E71                 mov     [bp+var_10], 2
seg002:0E76                 mov     [bp+var_E], 30h ; '0'
seg002:0E7A                 mov     dl, 51h ; 'Q'
seg002:0E7C                 add     dl, [bp+var_1]
seg002:0E7F                 mov     [bp+var_D], dl
seg002:0E82
seg002:0E82 loc_12052:                              ; CODE XREF: __output+2E9↑j
seg002:0E82                 mov     [bp+var_6], 10h
seg002:0E86                 jmp     short loc_12066
seg002:0E88 ; ---------------------------------------------------------------------------
seg002:0E88
seg002:0E88 loc_12058:                              ; CODE XREF: __output+163↑j
seg002:0E88                 test    byte ptr [bp+var_4], 80h
seg002:0E8C                 jz      short loc_12062
seg002:0E8E                 or      byte ptr [bp+var_4+1], 2
seg002:0E92
seg002:0E92 loc_12062:                              ; CODE XREF: __output+306↑j
seg002:0E92                 mov     [bp+var_6], 8
seg002:0E96
seg002:0E96 loc_12066:                              ; CODE XREF: __output+2D9↑j
seg002:0E96                                         ; __output+300↑j
seg002:0E96                 test    byte ptr [bp+var_4], 10h
seg002:0E9A                 jz      short loc_12071
seg002:0E9C                 call    sub_12169
seg002:0E9F                 jmp     short loc_1207F
seg002:0EA1 ; ---------------------------------------------------------------------------
seg002:0EA1
seg002:0EA1 loc_12071:                              ; CODE XREF: __output+314↑j
seg002:0EA1                 call    sub_12161
seg002:0EA4                 test    byte ptr [bp+var_4], 40h
seg002:0EA8                 jz      short loc_1207D
seg002:0EAA                 cwd
seg002:0EAB                 jmp     short loc_1207F
seg002:0EAD ; ---------------------------------------------------------------------------
seg002:0EAD
seg002:0EAD loc_1207D:                              ; CODE XREF: __output+322↑j
seg002:0EAD                 xor     dx, dx
seg002:0EAF
seg002:0EAF loc_1207F:                              ; CODE XREF: __output+319↑j
seg002:0EAF                                         ; __output+325↑j
seg002:0EAF                 test    byte ptr [bp+var_4], 40h
seg002:0EB3                 jz      short loc_12094
seg002:0EB5                 or      dx, dx
seg002:0EB7                 jge     short loc_12094
seg002:0EB9                 or      byte ptr [bp+var_4+1], 1
seg002:0EBD                 neg     ax
seg002:0EBF                 adc     dx, 0
seg002:0EC2                 neg     dx
seg002:0EC4
seg002:0EC4 loc_12094:                              ; CODE XREF: __output+32D↑j
seg002:0EC4                                         ; __output+331↑j
seg002:0EC4                 cmp     [bp+var_C], 0
seg002:0EC8                 jge     short loc_120A1
seg002:0ECA                 mov     [bp+var_C], 1
seg002:0ECF                 jmp     short loc_120A5
seg002:0ED1 ; ---------------------------------------------------------------------------
seg002:0ED1
seg002:0ED1 loc_120A1:                              ; CODE XREF: __output+342↑j
seg002:0ED1                 and     byte ptr [bp+var_4], 0F7h
seg002:0ED5
seg002:0ED5 loc_120A5:                              ; CODE XREF: __output+349↑j
seg002:0ED5                 mov     bx, ax
seg002:0ED7                 or      bx, dx
seg002:0ED9                 jnz     short loc_120B0
seg002:0EDB                 mov     [bp+var_10], 0
seg002:0EE0
seg002:0EE0 loc_120B0:                              ; CODE XREF: __output+353↑j
seg002:0EE0                 lea     di, [bp+var_15]
seg002:0EE3                 push    ss
seg002:0EE4                 pop     es
seg002:0EE5                 mov     cl, [bp+var_6]
seg002:0EE8                 xor     ch, ch
seg002:0EEA                 mov     si, [bp+var_C]
seg002:0EED                 call    sub_121F6
seg002:0EF0                 test    byte ptr [bp+var_4+1], 2
seg002:0EF4                 jz      short loc_120D4
seg002:0EF6                 jcxz    short loc_120CE
seg002:0EF8                 cmp     byte ptr es:[di], 30h ; '0'
seg002:0EFC                 jz      short loc_120D4
seg002:0EFE
seg002:0EFE loc_120CE:                              ; CODE XREF: __output+370↑j
seg002:0EFE                 dec     di
seg002:0EFF                 mov     byte ptr es:[di], 30h ; '0'
seg002:0F03                 inc     cx
seg002:0F04
seg002:0F04 loc_120D4:                              ; CODE XREF: __output+36E↑j
seg002:0F04                                         ; __output+376↑j
seg002:0F04                 jmp     short $+2
seg002:0F06 ; ---------------------------------------------------------------------------
seg002:0F06
seg002:0F06 loc_120D6:                              ; CODE XREF: __output+192↑j
seg002:0F06                                         ; __output+1AB↑j ...
seg002:0F06                 test    byte ptr [bp+var_4], 40h
seg002:0F0A                 jz      short loc_1210D
seg002:0F0C                 test    byte ptr [bp+var_4+1], 1
seg002:0F10                 jz      short loc_120ED
seg002:0F12                 mov     [bp+var_E], 2Dh ; '-'
seg002:0F16                 mov     [bp+var_10], 1
seg002:0F1B                 jmp     short loc_1210D
seg002:0F1D ; ---------------------------------------------------------------------------
seg002:0F1D
seg002:0F1D loc_120ED:                              ; CODE XREF: __output+38A↑j
seg002:0F1D                 test    byte ptr [bp+var_4], 1
seg002:0F21                 jz      short loc_120FE
seg002:0F23                 mov     [bp+var_E], 2Bh ; '+'
seg002:0F27                 mov     [bp+var_10], 1
seg002:0F2C                 jmp     short loc_1210D
seg002:0F2E ; ---------------------------------------------------------------------------
seg002:0F2E
seg002:0F2E loc_120FE:                              ; CODE XREF: __output+39B↑j
seg002:0F2E                 test    byte ptr [bp+var_4], 2
seg002:0F32                 jz      short loc_1210D
seg002:0F34                 mov     [bp+var_E], 20h ; ' '
seg002:0F38                 mov     [bp+var_10], 1
seg002:0F3D
seg002:0F3D loc_1210D:                              ; CODE XREF: __output+384↑j
seg002:0F3D                                         ; __output+395↑j ...
seg002:0F3D                 mov     ax, [bp+var_A]
seg002:0F40                 sub     ax, cx
seg002:0F42                 sub     ax, [bp+var_10]
seg002:0F45                 jge     short loc_12119
seg002:0F47                 xor     ax, ax
seg002:0F49
seg002:0F49 loc_12119:                              ; CODE XREF: __output+3BF↑j
seg002:0F49                 push    es
seg002:0F4A                 push    di
seg002:0F4B                 push    cx
seg002:0F4C                 test    byte ptr [bp+var_4], 0Ch
seg002:0F50                 jnz     short loc_12129
seg002:0F52                 mov     cx, ax
seg002:0F54                 mov     dl, 20h ; ' '
seg002:0F56                 call    sub_121DA
seg002:0F59
seg002:0F59 loc_12129:                              ; CODE XREF: __output+3CA↑j
seg002:0F59                 push    ax
seg002:0F5A                 push    ss
seg002:0F5B                 pop     es
seg002:0F5C                 lea     di, [bp+var_E]
seg002:0F5F                 mov     cx, [bp+var_10]
seg002:0F62                 call    sub_121BC
seg002:0F65                 pop     ax
seg002:0F66                 test    byte ptr [bp+var_4], 8
seg002:0F6A                 jz      short loc_12149
seg002:0F6C                 test    byte ptr [bp+var_4], 4
seg002:0F70                 jnz     short loc_12149
seg002:0F72                 mov     cx, ax
seg002:0F74                 mov     dl, 30h ; '0'
seg002:0F76                 call    sub_121DA
seg002:0F79
seg002:0F79 loc_12149:                              ; CODE XREF: __output+3E4↑j
seg002:0F79                                         ; __output+3EA↑j
seg002:0F79                 pop     cx
seg002:0F7A                 pop     di
seg002:0F7B                 pop     es
seg002:0F7C                 assume es:nothing
seg002:0F7C                 push    ax
seg002:0F7D                 call    sub_121BC
seg002:0F80                 pop     ax
seg002:0F81                 test    byte ptr [bp+var_4], 4
seg002:0F85                 jz      short loc_1215E
seg002:0F87                 mov     cx, ax
seg002:0F89                 mov     dl, 20h ; ' '
seg002:0F8B                 call    sub_121DA
seg002:0F8E
seg002:0F8E loc_1215E:                              ; CODE XREF: __output+3FF↑j
seg002:0F8E                 jmp     loc_11D6A
seg002:0F8E __output        endp
seg002:0F8E
seg002:0F91
seg002:0F91 ; =============== S U B R O U T I N E =======================================
seg002:0F91
seg002:0F91 ; Attributes: library function
seg002:0F91
seg002:0F91 sub_12161       proc near               ; CODE XREF: __output+B2↑p
seg002:0F91                                         ; __output+E6↑p ...
seg002:0F91                 mov     si, [bp+0Ah]
seg002:0F94                 lodsw
seg002:0F95                 mov     [bp+0Ah], si
seg002:0F98                 retn
seg002:0F98 sub_12161       endp
seg002:0F98
seg002:0F99
seg002:0F99 ; =============== S U B R O U T I N E =======================================
seg002:0F99
seg002:0F99 ; Attributes: library function
seg002:0F99
seg002:0F99 sub_12169       proc near               ; CODE XREF: __output:loc_11F37↑p
seg002:0F99                                         ; __output+316↑p ...
seg002:0F99                 mov     si, [bp+0Ah]
seg002:0F9C                 lodsw
seg002:0F9D                 mov     dx, ax
seg002:0F9F                 lodsw
seg002:0FA0                 xchg    ax, dx
seg002:0FA1                 mov     [bp+0Ah], si
seg002:0FA4                 retn
seg002:0FA4 sub_12169       endp
seg002:0FA4
seg002:0FA5
seg002:0FA5 ; =============== S U B R O U T I N E =======================================
seg002:0FA5
seg002:0FA5 ; Attributes: library function
seg002:0FA5
seg002:0FA5 sub_12175       proc near               ; CODE XREF: __output:loc_11EEB↑p
seg002:0FA5                                         ; __output:loc_11F19↑p
seg002:0FA5                 test    byte ptr [bp-4], 20h
seg002:0FA9                 jz      short loc_12183
seg002:0FAB                 call    sub_12169
seg002:0FAE                 mov     es, dx
seg002:0FB0                 mov     di, ax
seg002:0FB2                 retn
seg002:0FB3 ; ---------------------------------------------------------------------------
seg002:0FB3
seg002:0FB3 loc_12183:                              ; CODE XREF: sub_12175+4↑j
seg002:0FB3                 call    sub_12161
seg002:0FB6                 mov     di, ax
seg002:0FB8                 or      ax, ax
seg002:0FBA                 jnz     short loc_1218F
seg002:0FBC                 mov     es, ax
seg002:0FBE                 retn
seg002:0FBF ; ---------------------------------------------------------------------------
seg002:0FBF
seg002:0FBF loc_1218F:                              ; CODE XREF: sub_12175+15↑j
seg002:0FBF                 push    ds
seg002:0FC0                 pop     es
seg002:0FC1                 assume es:dseg
seg002:0FC1                 retn
seg002:0FC1 sub_12175       endp
seg002:0FC1
seg002:0FC2
seg002:0FC2 ; =============== S U B R O U T I N E =======================================
seg002:0FC2
seg002:0FC2 ; Attributes: library function
seg002:0FC2
seg002:0FC2 sub_12192       proc near               ; CODE XREF: sub_121BC+C↓p
seg002:0FC2                                         ; sub_121DA+A↓p
seg002:0FC2                 cbw
seg002:0FC3                 push    di
seg002:0FC4                 mov     bx, [bp+6]
seg002:0FC7                 dec     word ptr [bx+2]
seg002:0FCA                 js      short loc_121A6
seg002:0FCC                 mov     di, [bx]
seg002:0FCE                 inc     word ptr [bx]
seg002:0FD0                 mov     [di], al
seg002:0FD2
seg002:0FD2 loc_121A2:                              ; CODE XREF: sub_12192+26↓j
seg002:0FD2                 xor     ax, ax
seg002:0FD4
seg002:0FD4 loc_121A4:                              ; CODE XREF: sub_12192+28↓j
seg002:0FD4                 pop     di
seg002:0FD5                 retn
seg002:0FD6 ; ---------------------------------------------------------------------------
seg002:0FD6
seg002:0FD6 loc_121A6:                              ; CODE XREF: sub_12192+8↑j
seg002:0FD6                 push    es
seg002:0FD7                 push    cx
seg002:0FD8                 push    dx
seg002:0FD9                 push    bx              ; FILE *
seg002:0FDA                 push    ax              ; int
seg002:0FDB                 push    cs
seg002:0FDC                 call    near ptr __flsbuf
seg002:0FDF                 add     sp, 4
seg002:0FE2                 pop     dx
seg002:0FE3                 pop     cx
seg002:0FE4                 pop     es
seg002:0FE5                 assume es:nothing
seg002:0FE5                 cmp     ax, 0FFFFh
seg002:0FE8                 jnz     short loc_121A2
seg002:0FEA                 jmp     short loc_121A4
seg002:0FEA sub_12192       endp
seg002:0FEA
seg002:0FEC
seg002:0FEC ; =============== S U B R O U T I N E =======================================
seg002:0FEC
seg002:0FEC ; Attributes: library function
seg002:0FEC
seg002:0FEC sub_121BC       proc near               ; CODE XREF: __output+3DC↑p
seg002:0FEC                                         ; __output+3F7↑p
seg002:0FEC                 jcxz    short locret_121D9
seg002:0FEE                 mov     si, di
seg002:0FF0                 add     [bp-8], cx
seg002:0FF3                 push    di
seg002:0FF4                 xor     di, di
seg002:0FF6
seg002:0FF6 loc_121C6:                              ; CODE XREF: sub_121BC+11↓j
seg002:0FF6                 lods    byte ptr es:[si]
seg002:0FF8                 call    sub_12192
seg002:0FFB                 or      di, ax
seg002:0FFD                 loop    loc_121C6
seg002:0FFF                 or      di, di
seg002:1001                 pop     di
seg002:1002                 jz      short locret_121D9
seg002:1004                 mov     word ptr [bp-8], 0FFFFh
seg002:1009
seg002:1009 locret_121D9:                           ; CODE XREF: sub_121BC↑j
seg002:1009                                         ; sub_121BC+16↑j
seg002:1009                 retn
seg002:1009 sub_121BC       endp
seg002:1009
seg002:100A
seg002:100A ; =============== S U B R O U T I N E =======================================
seg002:100A
seg002:100A ; Attributes: library function
seg002:100A
seg002:100A sub_121DA       proc near               ; CODE XREF: __output+5D↑p
seg002:100A                                         ; __output+3D0↑p ...
seg002:100A                 jcxz    short locret_121F5
seg002:100C                 add     [bp-8], cx
seg002:100F                 push    di
seg002:1010                 xor     di, di
seg002:1012
seg002:1012 loc_121E2:                              ; CODE XREF: sub_121DA+F↓j
seg002:1012                 mov     al, dl
seg002:1014                 call    sub_12192
seg002:1017                 or      di, ax
seg002:1019                 loop    loc_121E2
seg002:101B                 or      di, di
seg002:101D                 pop     di
seg002:101E                 jz      short locret_121F5
seg002:1020                 mov     word ptr [bp-8], 0FFFFh
seg002:1025
seg002:1025 locret_121F5:                           ; CODE XREF: sub_121DA↑j
seg002:1025                                         ; sub_121DA+14↑j
seg002:1025                 retn
seg002:1025 sub_121DA       endp
seg002:1025
seg002:1026
seg002:1026 ; =============== S U B R O U T I N E =======================================
seg002:1026
seg002:1026 ; Attributes: library function
seg002:1026
seg002:1026 sub_121F6       proc near               ; CODE XREF: __output+1FD↑p
seg002:1026                                         ; __output+20D↑p ...
seg002:1026                 std
seg002:1027                 push    di
seg002:1028                 xchg    ax, bx
seg002:1029
seg002:1029 loc_121F9:                              ; CODE XREF: sub_121F6+29↓j
seg002:1029                 or      si, si
seg002:102B                 jg      short loc_12207
seg002:102D                 or      bx, bx
seg002:102F                 jnz     short loc_12207
seg002:1031                 or      dx, dx
seg002:1033                 jnz     short loc_12207
seg002:1035                 jmp     short loc_12221
seg002:1037 ; ---------------------------------------------------------------------------
seg002:1037
seg002:1037 loc_12207:                              ; CODE XREF: sub_121F6+5↑j
seg002:1037                                         ; sub_121F6+9↑j ...
seg002:1037                 xchg    ax, dx
seg002:1038                 xor     dx, dx
seg002:103A                 div     cx
seg002:103C                 xchg    ax, bx
seg002:103D                 div     cx
seg002:103F                 xchg    ax, dx
seg002:1040                 xchg    dx, bx
seg002:1042                 add     al, 30h ; '0'
seg002:1044                 cmp     al, 39h ; '9'
seg002:1046                 jbe     short loc_1221B
seg002:1048                 add     al, [bp-1]
seg002:104B
seg002:104B loc_1221B:                              ; CODE XREF: sub_121F6+20↑j
seg002:104B                 stosb
seg002:104C                 mov     ax, dx
seg002:104E                 dec     si
seg002:104F                 jmp     short loc_121F9
seg002:1051 ; ---------------------------------------------------------------------------
seg002:1051
seg002:1051 loc_12221:                              ; CODE XREF: sub_121F6+F↑j
seg002:1051                 pop     cx
seg002:1052                 sub     cx, di
seg002:1054                 inc     di
seg002:1055                 cld
seg002:1056                 retn
seg002:1056 sub_121F6       endp
seg002:1056
seg002:1057 ; ---------------------------------------------------------------------------
seg002:1057 ; START OF FUNCTION CHUNK FOR __output
seg002:1057
seg002:1057 loc_12227:                              ; CODE XREF: __output+2B↑j
seg002:1057                 pop     di
seg002:1058                 pop     si
seg002:1059                 mov     sp, bp
seg002:105B                 pop     bp
seg002:105C                 retf
seg002:105C ; END OF FUNCTION CHUNK FOR __output
seg002:105C ; ---------------------------------------------------------------------------
seg002:105D                 align 2
seg002:105E
seg002:105E ; =============== S U B R O U T I N E =======================================
seg002:105E
seg002:105E ; Attributes: library function
seg002:105E
seg002:105E __getstream     proc far                ; CODE XREF: __fsopen+4↑P
seg002:105E                 push    di
seg002:105F                 push    si
seg002:1060                 mov     si, 9CEh
seg002:1063                 sub     di, di
seg002:1065                 jmp     short loc_1223B
seg002:1065 ; ---------------------------------------------------------------------------
seg002:1067                 align 2
seg002:1068
seg002:1068 loc_12238:                              ; CODE XREF: __getstream+17↓j
seg002:1068                 add     si, 8
seg002:106B
seg002:106B loc_1223B:                              ; CODE XREF: __getstream+7↑j
seg002:106B                 cmp     word_14D2E, si
seg002:106F                 jb      short loc_1225D
seg002:1071                 test    byte ptr [si+6], 83h
seg002:1075                 jnz     short loc_12238
seg002:1077                 mov     word ptr [si+2], 0
seg002:107C                 mov     byte ptr [si+6], 0
seg002:1080                 sub     ax, ax
seg002:1082                 mov     [si+4], ax
seg002:1085                 mov     [si], ax
seg002:1087                 mov     byte ptr [si+7], 0FFh
seg002:108B                 mov     di, si
seg002:108D
seg002:108D loc_1225D:                              ; CODE XREF: __getstream+11↑j
seg002:108D                 mov     ax, di
seg002:108F                 pop     si
seg002:1090                 pop     di
seg002:1091                 retf
seg002:1091 __getstream     endp
seg002:1091
seg002:1092
seg002:1092 ; =============== S U B R O U T I N E =======================================
seg002:1092
seg002:1092 ; Attributes: library function bp-based frame
seg002:1092
seg002:1092 ; int __cdecl close(int)
seg002:1092 _close          proc far                ; CODE XREF: sub_1113A+4F↑P
seg002:1092                                         ; sub_11198+31↑P ...
seg002:1092
seg002:1092 arg_0           = word ptr  6
seg002:1092
seg002:1092 ; FUNCTION CHUNK AT seg002:05A6 SIZE 00000008 BYTES
seg002:1092 ; FUNCTION CHUNK AT seg002:05BD SIZE 0000000B BYTES
seg002:1092
seg002:1092                 push    bp
seg002:1093                 mov     bp, sp
seg002:1095                 mov     bx, [bp+arg_0]
seg002:1098                 cmp     bx, word_14B9D
seg002:109C                 jb      short loc_12274
seg002:109E                 mov     ax, 900h
seg002:10A1                 stc
seg002:10A2                 jmp     short loc_1227F
seg002:10A4 ; ---------------------------------------------------------------------------
seg002:10A4
seg002:10A4 loc_12274:                              ; CODE XREF: _close+A↑j
seg002:10A4                 mov     ah, 3Eh
seg002:10A6                 int     21h             ; DOS - 2+ - CLOSE A FILE WITH HANDLE
seg002:10A6                                         ; BX = file handle
seg002:10A8                 jb      short loc_1227F
seg002:10AA                 mov     byte ptr [bx+97Fh], 0
seg002:10AF
seg002:10AF loc_1227F:                              ; CODE XREF: _close+10↑j
seg002:10AF                                         ; _close+16↑j
seg002:10AF                 jmp     __dosret0
seg002:10AF _close          endp
seg002:10AF
seg002:10B2
seg002:10B2 ; =============== S U B R O U T I N E =======================================
seg002:10B2
seg002:10B2 ; Attributes: library function bp-based frame
seg002:10B2
seg002:10B2 ; __int32 __cdecl lseek(int, __int32, int)
seg002:10B2 _lseek          proc near               ; CODE XREF: __flsbuf+D3↑p
seg002:10B2                                         ; _fseek+62↓P ...
seg002:10B2
seg002:10B2 var_4           = word ptr -4
seg002:10B2 var_2           = word ptr -2
seg002:10B2 arg_2           = dword ptr  6
seg002:10B2 arg_6           = word ptr  0Ah
seg002:10B2 arg_8           = word ptr  0Ch
seg002:10B2
seg002:10B2 ; FUNCTION CHUNK AT seg002:05BB SIZE 00000002 BYTES
seg002:10B2
seg002:10B2                 push    bp
seg002:10B3                 mov     bp, sp
seg002:10B5                 sub     sp, 4
seg002:10B8                 mov     bx, word ptr [bp+arg_2]
seg002:10BB                 cmp     bx, word_14B9D
seg002:10BF                 jb      short loc_12296
seg002:10C1                 mov     ax, 900h
seg002:10C4                 jmp     short loc_122C0
seg002:10C6 ; ---------------------------------------------------------------------------
seg002:10C6
seg002:10C6 loc_12296:                              ; CODE XREF: _lseek+D↑j
seg002:10C6                 test    [bp+arg_6], 8000h
seg002:10CB                 jz      short loc_122E5
seg002:10CD                 cmp     [bp+arg_8], 0
seg002:10D1                 jz      short loc_122BD
seg002:10D3                 xor     cx, cx
seg002:10D5                 mov     dx, cx
seg002:10D7                 mov     ax, 4201h
seg002:10DA                 int     21h             ; DOS - 2+ - MOVE FILE READ/WRITE POINTER (LSEEK)
seg002:10DA                                         ; AL = method: offset from present location
seg002:10DC                 jb      short loc_122F9
seg002:10DE                 test    [bp+arg_8], 2
seg002:10E3                 jnz     short loc_122C3
seg002:10E5                 add     ax, word ptr [bp+arg_2+2]
seg002:10E8                 adc     dx, [bp+arg_6]
seg002:10EB                 jns     short loc_122E5
seg002:10ED
seg002:10ED loc_122BD:                              ; CODE XREF: _lseek+1F↑j
seg002:10ED                                         ; _lseek+61↓j
seg002:10ED                 mov     ax, 1600h
seg002:10F0
seg002:10F0 loc_122C0:                              ; CODE XREF: _lseek+12↑j
seg002:10F0                 stc
seg002:10F1                 jmp     short loc_122F9
seg002:10F3 ; ---------------------------------------------------------------------------
seg002:10F3
seg002:10F3 loc_122C3:                              ; CODE XREF: _lseek+31↑j
seg002:10F3                 mov     [bp+var_2], dx
seg002:10F6                 mov     [bp+var_4], ax
seg002:10F9                 mov     dx, cx
seg002:10FB                 mov     ax, 4202h
seg002:10FE                 int     21h             ; DOS - 2+ - MOVE FILE READ/WRITE POINTER (LSEEK)
seg002:10FE                                         ; AL = method: offset from end of file
seg002:1100                 add     ax, word ptr [bp+arg_2+2]
seg002:1103                 adc     dx, [bp+arg_6]
seg002:1106                 jns     short loc_122E5
seg002:1108                 mov     cx, [bp+var_2]
seg002:110B                 mov     dx, [bp+var_4]
seg002:110E                 mov     ax, 4200h
seg002:1111                 int     21h             ; DOS - 2+ - MOVE FILE READ/WRITE POINTER (LSEEK)
seg002:1111                                         ; AL = method: offset from beginning of file
seg002:1113                 jmp     short loc_122BD
seg002:1115 ; ---------------------------------------------------------------------------
seg002:1115
seg002:1115 loc_122E5:                              ; CODE XREF: _lseek+19↑j
seg002:1115                                         ; _lseek+39↑j ...
seg002:1115                 mov     dx, word ptr [bp+arg_2+2]
seg002:1118                 mov     cx, [bp+arg_6]
seg002:111B                 mov     al, byte ptr [bp+arg_8]
seg002:111E                 mov     ah, 42h
seg002:1120                 int     21h             ; DOS - 2+ - MOVE FILE READ/WRITE POINTER (LSEEK)
seg002:1120                                         ; AL = method:
seg002:1120                                         ; 0-from beginnig,1-from current,2-from end
seg002:1122                 jb      short loc_122F9
seg002:1124                 and     byte ptr [bx+97Fh], 0FDh
seg002:1129
seg002:1129 loc_122F9:                              ; CODE XREF: _lseek+2A↑j
seg002:1129                                         ; _lseek+3F↑j ...
seg002:1129                 jmp     __dosretax
seg002:1129 _lseek          endp ; sp-analysis failed
seg002:1129
seg002:112C
seg002:112C ; =============== S U B R O U T I N E =======================================
seg002:112C
seg002:112C ; Attributes: library function bp-based frame
seg002:112C
seg002:112C ; int sopen(const char *, int, int, ...)
seg002:112C _sopen          proc far                ; CODE XREF: __openfile+9D↑P
seg002:112C
seg002:112C arg_4           = word ptr  0Ah
seg002:112C arg_6           = word ptr  0Ch
seg002:112C
seg002:112C                 push    bp
seg002:112D                 mov     bp, sp
seg002:112F                 sub     sp, 4
seg002:1132                 xor     bh, bh
seg002:1134                 cmp     byte ptr word_14B98, 3
seg002:1139                 jb      short loc_1230E
seg002:113B                 mov     bh, byte ptr [bp+arg_4]
seg002:113E
seg002:113E loc_1230E:                              ; CODE XREF: _sopen+D↑j
seg002:113E                 mov     ax, [bp+arg_6]
seg002:1141                 mov     [bp+arg_4], ax
seg002:1144                 jmp     short loc_1231E
seg002:1144 _sopen          endp
seg002:1144
seg002:1146
seg002:1146 ; =============== S U B R O U T I N E =======================================
seg002:1146
seg002:1146 ; Attributes: library function bp-based frame
seg002:1146
seg002:1146 ; int open(const char *, int, ...)
seg002:1146 _open           proc far                ; CODE XREF: sub_1113A+11↑P
seg002:1146                                         ; sub_1113A+29↑P ...
seg002:1146
seg002:1146 var_4           = byte ptr -4
seg002:1146 var_3           = byte ptr -3
seg002:1146 var_2           = byte ptr -2
seg002:1146 var_1           = byte ptr -1
seg002:1146 arg_0           = dword ptr  6
seg002:1146 arg_4           = word ptr  0Ah
seg002:1146
seg002:1146 ; FUNCTION CHUNK AT seg002:05BB SIZE 00000002 BYTES
seg002:1146
seg002:1146                 push    bp
seg002:1147                 mov     bp, sp
seg002:1149                 sub     sp, 4
seg002:114C                 xor     bh, bh
seg002:114E
seg002:114E loc_1231E:                              ; CODE XREF: _sopen+18↑j
seg002:114E                 mov     [bp+var_2], bh
seg002:1151                 mov     ax, word ptr [bp+arg_0+2]
seg002:1154                 mov     cx, ax
seg002:1156                 mov     [bp+var_4], 0
seg002:115A                 test    ax, 8000h
seg002:115D                 jnz     short loc_1233F
seg002:115F                 test    ax, 4000h
seg002:1162                 jnz     short loc_1233B
seg002:1164                 test    byte_14D93, 80h
seg002:1169                 jnz     short loc_1233F
seg002:116B
seg002:116B loc_1233B:                              ; CODE XREF: _open+1C↑j
seg002:116B                 mov     [bp+var_4], 80h
seg002:116F
seg002:116F loc_1233F:                              ; CODE XREF: _open+17↑j
seg002:116F                                         ; _open+23↑j
seg002:116F                 mov     dx, word ptr [bp+arg_0]
seg002:1172                 and     al, 3
seg002:1174                 or      al, bh
seg002:1176                 mov     ah, 3Dh
seg002:1178                 int     21h             ; DOS - 2+ - OPEN DISK FILE WITH HANDLE
seg002:1178                                         ; DS:DX -> ASCIZ filename
seg002:1178                                         ; AL = access mode
seg002:1178                                         ; 0 - read, 1 - write, 2 - read & write
seg002:117A                 jnb     short loc_1235E
seg002:117C                 cmp     ax, 2
seg002:117F                 jnz     short loc_1235A
seg002:1181                 test    cx, 100h
seg002:1185                 jz      short loc_1235A
seg002:1187                 jmp     loc_123F9
seg002:118A ; ---------------------------------------------------------------------------
seg002:118A
seg002:118A loc_1235A:                              ; CODE XREF: _open+39↑j
seg002:118A                                         ; _open+3F↑j ...
seg002:118A                 stc
seg002:118B                 jmp     __dosretax
seg002:118E ; ---------------------------------------------------------------------------
seg002:118E
seg002:118E loc_1235E:                              ; CODE XREF: _open+34↑j
seg002:118E                 xchg    ax, bx
seg002:118F                 mov     ax, cx
seg002:1191                 and     ax, 500h
seg002:1194                 cmp     ax, 500h
seg002:1197                 jnz     short loc_12372
seg002:1199                 mov     ah, 3Eh
seg002:119B                 int     21h             ; DOS - 2+ - CLOSE A FILE WITH HANDLE
seg002:119B                                         ; BX = file handle
seg002:119D                 mov     ax, 1100h
seg002:11A0                 jmp     short loc_1235A
seg002:11A2 ; ---------------------------------------------------------------------------
seg002:11A2
seg002:11A2 loc_12372:                              ; CODE XREF: _open+51↑j
seg002:11A2                 mov     [bp+var_3], 1
seg002:11A6                 mov     ax, 4400h
seg002:11A9                 int     21h             ; DOS - 2+ - IOCTL - GET DEVICE INFORMATION
seg002:11A9                                         ; BX = file or device handle
seg002:11AB                 test    dl, 80h
seg002:11AE                 jz      short loc_12384
seg002:11B0                 or      [bp+var_4], 40h
seg002:11B4
seg002:11B4 loc_12384:                              ; CODE XREF: _open+68↑j
seg002:11B4                 test    [bp+var_4], 40h
seg002:11B8                 jz      short loc_1238D
seg002:11BA                 jmp     loc_12460
seg002:11BD ; ---------------------------------------------------------------------------
seg002:11BD
seg002:11BD loc_1238D:                              ; CODE XREF: _open+72↑j
seg002:11BD                 mov     ax, word ptr [bp+arg_0+2]
seg002:11C0                 test    ax, 200h
seg002:11C3                 jz      short loc_123B1
seg002:11C5                 test    ax, 3
seg002:11C8                 jz      short loc_123A3
seg002:11CA                 xor     cx, cx
seg002:11CC                 mov     ah, 40h
seg002:11CE                 int     21h             ; DOS - 2+ - WRITE TO FILE WITH HANDLE
seg002:11CE                                         ; BX = file handle, CX = number of bytes to write, DS:DX -> buffer
seg002:11D0                 jmp     loc_12460
seg002:11D3 ; ---------------------------------------------------------------------------
seg002:11D3
seg002:11D3 loc_123A3:                              ; CODE XREF: _open+82↑j
seg002:11D3                 mov     ah, 3Eh
seg002:11D5                 int     21h             ; DOS - 2+ - CLOSE A FILE WITH HANDLE
seg002:11D5                                         ; BX = file handle
seg002:11D7                 mov     dx, word ptr [bp+arg_0]
seg002:11DA                 mov     ax, 4300h
seg002:11DD                 int     21h             ; DOS - 2+ - GET FILE ATTRIBUTES
seg002:11DD                                         ; DS:DX -> ASCIZ file name or directory
seg002:11DD                                         ; name without trailing slash
seg002:11DF                 jmp     short loc_12416
seg002:11E1 ; ---------------------------------------------------------------------------
seg002:11E1
seg002:11E1 loc_123B1:                              ; CODE XREF: _open+7D↑j
seg002:11E1                 test    [bp+var_4], 80h
seg002:11E5                 jnz     short loc_123BA
seg002:11E7                 jmp     loc_12460
seg002:11EA ; ---------------------------------------------------------------------------
seg002:11EA
seg002:11EA loc_123BA:                              ; CODE XREF: _open+9F↑j
seg002:11EA                 test    ax, 2
seg002:11ED                 jnz     short loc_123C2
seg002:11EF                 jmp     loc_12460
seg002:11F2 ; ---------------------------------------------------------------------------
seg002:11F2
seg002:11F2 loc_123C2:                              ; CODE XREF: _open+A7↑j
seg002:11F2                 mov     cx, 0FFFFh
seg002:11F5                 mov     dx, cx
seg002:11F7                 mov     ax, 4202h
seg002:11FA                 int     21h             ; DOS - 2+ - MOVE FILE READ/WRITE POINTER (LSEEK)
seg002:11FA                                         ; AL = method: offset from end of file
seg002:11FC                 neg     cx
seg002:11FE                 lea     dx, [bp+var_1]
seg002:1201                 mov     ah, 3Fh
seg002:1203                 int     21h             ; DOS - 2+ - READ FROM FILE WITH HANDLE
seg002:1203                                         ; BX = file handle, CX = number of bytes to read
seg002:1203                                         ; DS:DX -> buffer
seg002:1205                 or      ax, ax
seg002:1207                 jz      short loc_123EE
seg002:1209                 cmp     [bp+var_1], 1Ah
seg002:120D                 jnz     short loc_123EE
seg002:120F                 neg     cx
seg002:1211                 mov     dx, cx
seg002:1213                 mov     ax, 4202h
seg002:1216                 int     21h             ; DOS - 2+ - MOVE FILE READ/WRITE POINTER (LSEEK)
seg002:1216                                         ; AL = method: offset from end of file
seg002:1218                 xor     cx, cx
seg002:121A                 mov     ah, 40h
seg002:121C                 int     21h             ; DOS - 2+ - WRITE TO FILE WITH HANDLE
seg002:121C                                         ; BX = file handle, CX = number of bytes to write, DS:DX -> buffer
seg002:121E
seg002:121E loc_123EE:                              ; CODE XREF: _open+C1↑j
seg002:121E                                         ; _open+C7↑j
seg002:121E                 xor     cx, cx
seg002:1220                 mov     dx, cx
seg002:1222                 mov     ax, 4200h
seg002:1225                 int     21h             ; DOS - 2+ - MOVE FILE READ/WRITE POINTER (LSEEK)
seg002:1225                                         ; AL = method: offset from beginning of file
seg002:1227                 jmp     short loc_12460
seg002:1229 ; ---------------------------------------------------------------------------
seg002:1229
seg002:1229 loc_123F9:                              ; CODE XREF: _open+41↑j
seg002:1229                 mov     [bp+var_3], 0
seg002:122D                 mov     cx, [bp+arg_4]
seg002:1230                 call    __cXENIXtoDOSmode
seg002:1233                 mov     [bp+arg_4], cx
seg002:1236                 test    [bp+var_2], 0FFh
seg002:123A                 jnz     short loc_12413
seg002:123C                 test    word ptr [bp+arg_0+2], 2
seg002:1241                 jnz     short loc_12416
seg002:1243
seg002:1243 loc_12413:                              ; CODE XREF: _open+F4↑j
seg002:1243                 and     cl, 0FEh
seg002:1246
seg002:1246 loc_12416:                              ; CODE XREF: _open+99↑j
seg002:1246                                         ; _open+FB↑j
seg002:1246                 mov     dx, word ptr [bp+arg_0]
seg002:1249                 mov     ah, 3Ch
seg002:124B                 int     21h             ; DOS - 2+ - CREATE A FILE WITH HANDLE (CREAT)
seg002:124B                                         ; CX = attributes for file
seg002:124B                                         ; DS:DX -> ASCIZ filename (may include drive and path)
seg002:124D                 jnb     short loc_12422
seg002:124F
seg002:124F loc_1241F:                              ; CODE XREF: _open+12D↓j
seg002:124F                                         ; _open+148↓j
seg002:124F                 jmp     __dosretax
seg002:1252 ; ---------------------------------------------------------------------------
seg002:1252
seg002:1252 loc_12422:                              ; CODE XREF: _open+107↑j
seg002:1252                 xchg    ax, bx
seg002:1253                 test    [bp+var_2], 0FFh
seg002:1257                 jnz     short loc_12430
seg002:1259                 test    word ptr [bp+arg_0+2], 2
seg002:125E                 jnz     short loc_12460
seg002:1260
seg002:1260 loc_12430:                              ; CODE XREF: _open+111↑j
seg002:1260                 mov     ah, 3Eh
seg002:1262                 int     21h             ; DOS - 2+ - CLOSE A FILE WITH HANDLE
seg002:1262                                         ; BX = file handle
seg002:1264                 mov     al, byte ptr [bp+arg_0+2]
seg002:1267                 and     al, 3
seg002:1269                 or      al, [bp+var_2]
seg002:126C                 mov     dx, word ptr [bp+arg_0]
seg002:126F                 mov     ah, 3Dh
seg002:1271                 int     21h             ; DOS - 2+ - OPEN DISK FILE WITH HANDLE
seg002:1271                                         ; DS:DX -> ASCIZ filename
seg002:1271                                         ; AL = access mode
seg002:1271                                         ; 0 - read, 1 - write, 2 - read & write
seg002:1273                 jb      short loc_1241F
seg002:1275                 xchg    ax, bx
seg002:1276                 test    [bp+var_3], 1
seg002:127A                 jnz     short loc_12460
seg002:127C                 test    [bp+arg_4], 1
seg002:1281                 jz      short loc_12460
seg002:1283                 or      cl, 1
seg002:1286                 mov     dx, word ptr [bp+arg_0]
seg002:1289                 mov     ax, 4301h
seg002:128C                 int     21h             ; DOS - 2+ - SET FILE ATTRIBUTES
seg002:128C                                         ; DS:DX -> ASCIZ file name
seg002:128C                                         ; CX = file attribute bits
seg002:128E                 jb      short loc_1241F
seg002:1290
seg002:1290 loc_12460:                              ; CODE XREF: _open+74↑j
seg002:1290                                         ; _open+8A↑j ...
seg002:1290                 test    [bp+var_4], 40h
seg002:1294                 jnz     short loc_124A3
seg002:1296                 mov     dx, word ptr [bp+arg_0]
seg002:1299                 mov     ax, 4300h
seg002:129C                 int     21h             ; DOS - 2+ - GET FILE ATTRIBUTES
seg002:129C                                         ; DS:DX -> ASCIZ file name or directory
seg002:129C                                         ; name without trailing slash
seg002:129E                 mov     ax, cx
seg002:12A0                 xor     cl, cl
seg002:12A2                 and     ax, 1
seg002:12A5                 jz      short loc_12479
seg002:12A7                 mov     cl, 10h
seg002:12A9
seg002:12A9 loc_12479:                              ; CODE XREF: _open+15F↑j
seg002:12A9                 test    word ptr [bp+arg_0+2], 8
seg002:12AE                 jz      short loc_12483
seg002:12B0                 or      cl, 20h
seg002:12B3
seg002:12B3 loc_12483:                              ; CODE XREF: _open+168↑j
seg002:12B3                                         ; _open+18F↓j
seg002:12B3                 cmp     bx, word_14B9D
seg002:12B7                 jb      short loc_12493
seg002:12B9                 mov     ah, 3Eh
seg002:12BB                 int     21h             ; DOS - 2+ - CLOSE A FILE WITH HANDLE
seg002:12BB                                         ; BX = file handle
seg002:12BD                 mov     ax, 1800h
seg002:12C0                 jmp     loc_1235A
seg002:12C3 ; ---------------------------------------------------------------------------
seg002:12C3
seg002:12C3 loc_12493:                              ; CODE XREF: _open+171↑j
seg002:12C3                 or      cl, [bp+var_4]
seg002:12C6                 or      cl, 1
seg002:12C9                 mov     [bx+97Fh], cl
seg002:12CD                 mov     ax, bx
seg002:12CF                 mov     sp, bp
seg002:12D1                 pop     bp
seg002:12D2                 retf
seg002:12D3 ; ---------------------------------------------------------------------------
seg002:12D3
seg002:12D3 loc_124A3:                              ; CODE XREF: _open+14E↑j
seg002:12D3                 xor     cl, cl
seg002:12D5                 jmp     short loc_12483
seg002:12D5 _open           endp ; sp-analysis failed
seg002:12D5
seg002:12D7
seg002:12D7 ; =============== S U B R O U T I N E =======================================
seg002:12D7
seg002:12D7 ; Attributes: library function
seg002:12D7
seg002:12D7 __cXENIXtoDOSmode proc near             ; CODE XREF: _open+EA↑p
seg002:12D7                 mov     ax, word_14B92
seg002:12DA                 not     ax
seg002:12DC                 and     ax, cx
seg002:12DE                 xor     cx, cx
seg002:12E0                 test    al, 80h
seg002:12E2                 jnz     short locret_124B7
seg002:12E4                 or      cl, 1
seg002:12E7
seg002:12E7 locret_124B7:                           ; CODE XREF: __cXENIXtoDOSmode+B↑j
seg002:12E7                 retn
seg002:12E7 __cXENIXtoDOSmode endp
seg002:12E7
seg002:12E8
seg002:12E8 ; =============== S U B R O U T I N E =======================================
seg002:12E8
seg002:12E8 ; Attributes: library function bp-based frame
seg002:12E8
seg002:12E8 ; int __cdecl read(int, void *, unsigned int)
seg002:12E8 _read           proc near               ; CODE XREF: sub_11198+26↑P
seg002:12E8                                         ; _fread+90↑p ...
seg002:12E8
seg002:12E8 var_1           = byte ptr -1
seg002:12E8 arg_2           = dword ptr  6
seg002:12E8 arg_6           = word ptr  0Ah
seg002:12E8
seg002:12E8 ; FUNCTION CHUNK AT seg002:05BB SIZE 00000002 BYTES
seg002:12E8
seg002:12E8                 push    bp
seg002:12E9                 mov     bp, sp
seg002:12EB                 sub     sp, 2
seg002:12EE                 mov     bx, word ptr [bp+arg_2]
seg002:12F1                 cmp     bx, word_14B9D
seg002:12F5                 jb      short loc_124CD
seg002:12F7                 stc
seg002:12F8                 mov     ax, 900h
seg002:12FB                 jmp     short loc_12535
seg002:12FD ; ---------------------------------------------------------------------------
seg002:12FD
seg002:12FD loc_124CD:                              ; CODE XREF: _read+D↑j
seg002:12FD                 xor     ax, ax
seg002:12FF                 mov     cx, [bp+arg_6]
seg002:1302                 jcxz    short loc_12535
seg002:1304                 test    byte ptr [bx+97Fh], 2
seg002:1309                 jnz     short loc_12535
seg002:130B                 cmp     word_14DB6, 0D6D6h
seg002:1311                 jnz     short loc_124E7
seg002:1313                 call    off_14DB8
seg002:1317
seg002:1317 loc_124E7:                              ; CODE XREF: _read+29↑j
seg002:1317                 mov     cx, [bp+arg_6]
seg002:131A                 mov     dx, word ptr [bp+arg_2+2]
seg002:131D                 mov     ah, 3Fh
seg002:131F                 int     21h             ; DOS - 2+ - READ FROM FILE WITH HANDLE
seg002:131F                                         ; BX = file handle, CX = number of bytes to read
seg002:131F                                         ; DS:DX -> buffer
seg002:1321                 jnb     short loc_124F7
seg002:1323                 mov     ah, 9
seg002:1325                 jmp     short loc_12535
seg002:1327 ; ---------------------------------------------------------------------------
seg002:1327
seg002:1327 loc_124F7:                              ; CODE XREF: _read+39↑j
seg002:1327                 test    byte ptr [bx+97Fh], 80h
seg002:132C                 jz      short loc_12535
seg002:132E                 and     byte ptr [bx+97Fh], 0FBh
seg002:1333                 push    si
seg002:1334                 push    di
seg002:1335                 cld
seg002:1336                 mov     si, dx
seg002:1338                 mov     di, dx
seg002:133A                 mov     cx, ax
seg002:133C                 jcxz    short loc_12533
seg002:133E                 mov     ah, 0Dh
seg002:1340                 cmp     byte ptr [si], 0Ah
seg002:1343                 jnz     short loc_1251A
seg002:1345                 or      byte ptr [bx+97Fh], 4
seg002:134A
seg002:134A loc_1251A:                              ; CODE XREF: _read+5B↑j
seg002:134A                                         ; _read:loc_1252D↓j
seg002:134A                 lodsb
seg002:134B                 cmp     al, ah
seg002:134D                 jz      short loc_12538
seg002:134F                 cmp     al, 1Ah
seg002:1351                 jnz     short loc_1252A
seg002:1353                 or      byte ptr [bx+97Fh], 2
seg002:1358                 jmp     short loc_1252F
seg002:135A ; ---------------------------------------------------------------------------
seg002:135A
seg002:135A loc_1252A:                              ; CODE XREF: _read+69↑j
seg002:135A                                         ; _read+8A↓j ...
seg002:135A                 mov     [di], al
seg002:135C                 inc     di
seg002:135D
seg002:135D loc_1252D:                              ; CODE XREF: _read+88↓j
seg002:135D                                         ; _read+DF↓j
seg002:135D                 loop    loc_1251A
seg002:135F
seg002:135F loc_1252F:                              ; CODE XREF: _read+70↑j
seg002:135F                 mov     ax, di
seg002:1361                 sub     ax, dx
seg002:1363
seg002:1363 loc_12533:                              ; CODE XREF: _read+54↑j
seg002:1363                                         ; _read+A5↓j ...
seg002:1363                 pop     di
seg002:1364                 pop     si
seg002:1365
seg002:1365 loc_12535:                              ; CODE XREF: _read+13↑j
seg002:1365                                         ; _read+1A↑j ...
seg002:1365                 jmp     __dosretax
seg002:1368 ; ---------------------------------------------------------------------------
seg002:1368
seg002:1368 loc_12538:                              ; CODE XREF: _read+65↑j
seg002:1368                 cmp     cx, 1
seg002:136B                 jz      short loc_12544
seg002:136D                 cmp     byte ptr [si], 0Ah
seg002:1370                 jz      short loc_1252D
seg002:1372                 jmp     short loc_1252A
seg002:1374 ; ---------------------------------------------------------------------------
seg002:1374
seg002:1374 loc_12544:                              ; CODE XREF: _read+83↑j
seg002:1374                 test    byte ptr [bx+97Fh], 40h
seg002:1379                 jz      short loc_12563
seg002:137B                 mov     ax, 4400h
seg002:137E                 int     21h             ; DOS - 2+ - IOCTL - GET DEVICE INFORMATION
seg002:137E                                         ; BX = file or device handle
seg002:1380                 test    dx, 20h
seg002:1384                 jnz     short loc_1255F
seg002:1386                 lea     dx, [bp+var_1]
seg002:1389                 mov     ah, 3Fh
seg002:138B                 int     21h             ; DOS - 2+ - READ FROM FILE WITH HANDLE
seg002:138B                                         ; BX = file handle, CX = number of bytes to read
seg002:138B                                         ; DS:DX -> buffer
seg002:138D                 jb      short loc_12533
seg002:138F
seg002:138F loc_1255F:                              ; CODE XREF: _read+9C↑j
seg002:138F                                         ; _read+E7↓j
seg002:138F                 mov     al, 0Ah
seg002:1391                 jmp     short loc_1258F
seg002:1393 ; ---------------------------------------------------------------------------
seg002:1393
seg002:1393 loc_12563:                              ; CODE XREF: _read+91↑j
seg002:1393                 mov     [bp+var_1], 0
seg002:1397                 lea     dx, [bp+var_1]
seg002:139A                 mov     ah, 3Fh
seg002:139C                 int     21h             ; DOS - 2+ - READ FROM FILE WITH HANDLE
seg002:139C                                         ; BX = file handle, CX = number of bytes to read
seg002:139C                                         ; DS:DX -> buffer
seg002:139E                 jb      short loc_12533
seg002:13A0                 or      ax, ax
seg002:13A2                 jz      short loc_1258D
seg002:13A4                 cmp     [bp+arg_6], 1
seg002:13A8                 jz      short loc_12599
seg002:13AA
seg002:13AA loc_1257A:                              ; CODE XREF: _read+E5↓j
seg002:13AA                 mov     cx, 0FFFFh
seg002:13AD                 mov     dx, cx
seg002:13AF                 mov     ax, 4201h
seg002:13B2                 int     21h             ; DOS - 2+ - MOVE FILE READ/WRITE POINTER (LSEEK)
seg002:13B2                                         ; AL = method: offset from present location
seg002:13B4                 mov     cx, 1
seg002:13B7                 cmp     [bp+var_1], 0Ah
seg002:13BB                 jz      short loc_12594
seg002:13BD
seg002:13BD loc_1258D:                              ; CODE XREF: _read+BA↑j
seg002:13BD                 mov     al, 0Dh
seg002:13BF
seg002:13BF loc_1258F:                              ; CODE XREF: _read+A9↑j
seg002:13BF                 mov     dx, word ptr [bp+arg_2+2]
seg002:13C2                 jmp     short loc_1252A
seg002:13C4 ; ---------------------------------------------------------------------------
seg002:13C4
seg002:13C4 loc_12594:                              ; CODE XREF: _read+D3↑j
seg002:13C4                 mov     dx, word ptr [bp+arg_2+2]
seg002:13C7                 jmp     short loc_1252D
seg002:13C9 ; ---------------------------------------------------------------------------
seg002:13C9
seg002:13C9 loc_12599:                              ; CODE XREF: _read+C0↑j
seg002:13C9                 cmp     [bp+var_1], 0Ah
seg002:13CD                 jnz     short loc_1257A
seg002:13CF                 jmp     short loc_1255F
seg002:13CF _read           endp ; sp-analysis failed
seg002:13CF
seg002:13CF ; ---------------------------------------------------------------------------
seg002:13D1                 align 2
seg002:13D2
seg002:13D2 ; =============== S U B R O U T I N E =======================================
seg002:13D2
seg002:13D2 ; Attributes: library function bp-based frame
seg002:13D2
seg002:13D2 ; int __cdecl write(int, const void *, unsigned int)
seg002:13D2 _write          proc near               ; CODE XREF: sub_1113A+44↑P
seg002:13D2                                         ; __flsbuf+6D↑p ...
seg002:13D2
seg002:13D2 var_8           = word ptr -8
seg002:13D2 var_4           = word ptr -4
seg002:13D2 var_2           = word ptr -2
seg002:13D2 arg_2           = dword ptr  6
seg002:13D2 arg_6           = word ptr  0Ah
seg002:13D2
seg002:13D2 ; FUNCTION CHUNK AT seg002:05BB SIZE 00000002 BYTES
seg002:13D2 ; FUNCTION CHUNK AT seg002:14DE SIZE 00000034 BYTES
seg002:13D2
seg002:13D2                 push    bp
seg002:13D3                 mov     bp, sp
seg002:13D5                 sub     sp, 8
seg002:13D8                 mov     bx, word ptr [bp+arg_2]
seg002:13DB                 cmp     bx, word_14B9D
seg002:13DF                 jb      short loc_125B8
seg002:13E1                 mov     ax, 900h
seg002:13E4                 stc
seg002:13E5
seg002:13E5 loc_125B5:                              ; CODE XREF: _write+32↓j
seg002:13E5                 jmp     __dosretax
seg002:13E8 ; ---------------------------------------------------------------------------
seg002:13E8
seg002:13E8 loc_125B8:                              ; CODE XREF: _write+D↑j
seg002:13E8                 cmp     word_14DB6, 0D6D6h
seg002:13EE                 jnz     short loc_125C4
seg002:13F0                 call    off_14DB8
seg002:13F4
seg002:13F4 loc_125C4:                              ; CODE XREF: _write+1C↑j
seg002:13F4                 test    byte ptr [bx+97Fh], 20h
seg002:13F9                 jz      short loc_125D6
seg002:13FB                 mov     ax, 4202h
seg002:13FE                 xor     cx, cx
seg002:1400                 mov     dx, cx
seg002:1402                 int     21h             ; DOS - 2+ - MOVE FILE READ/WRITE POINTER (LSEEK)
seg002:1402                                         ; AL = method: offset from end of file
seg002:1404                 jb      short loc_125B5
seg002:1406
seg002:1406 loc_125D6:                              ; CODE XREF: _write+27↑j
seg002:1406                 test    byte ptr [bx+97Fh], 80h
seg002:140B                 jz      short loc_1264D
seg002:140D                 mov     dx, word ptr [bp+arg_2+2]
seg002:1410                 push    ds
seg002:1411                 pop     es
seg002:1412                 assume es:dseg
seg002:1412                 xor     ax, ax
seg002:1414                 mov     [bp+var_2], ax
seg002:1417                 mov     [bp+var_4], ax
seg002:141A                 cld
seg002:141B                 push    di
seg002:141C                 push    si
seg002:141D                 mov     di, dx
seg002:141F                 mov     si, dx
seg002:1421                 mov     [bp+var_8], sp
seg002:1424                 mov     cx, [bp+arg_6]
seg002:1427                 jcxz    short loc_12633
seg002:1429                 mov     al, 0Ah
seg002:142B                 repne scasb
seg002:142D                 jnz     short loc_1264B
seg002:142F                 call    sub_126E2
seg002:1434                 cmp     ax, 0A8h
seg002:1437                 jbe     short loc_1264F
seg002:1439                 sub     sp, 2
seg002:143C                 mov     bx, sp
seg002:143E                 mov     dx, 200h
seg002:1441                 cmp     ax, 228h
seg002:1444                 jnb     short loc_12619
seg002:1446                 mov     dx, 80h
seg002:1449
seg002:1449 loc_12619:                              ; CODE XREF: _write+72↑j
seg002:1449                 sub     sp, dx
seg002:144B                 mov     dx, sp
seg002:144D                 mov     di, dx
seg002:144F                 push    ss
seg002:1450                 pop     es
seg002:1451                 mov     cx, [bp+arg_6]
seg002:1454
seg002:1454 loc_12624:                              ; CODE XREF: _write+8C↓j
seg002:1454                 lodsb
seg002:1455                 cmp     al, 0Ah
seg002:1457                 jz      short loc_12635
seg002:1459
seg002:1459 loc_12629:                              ; CODE XREF: _write+A2↓j
seg002:1459                 cmp     di, bx
seg002:145B                 jz      short loc_12646
seg002:145D
seg002:145D loc_1262D:                              ; CODE XREF: _write+A7↓j
seg002:145D                 stosb
seg002:145E                 loop    loc_12624
seg002:1460                 call    sub_12656
seg002:1463
seg002:1463 loc_12633:                              ; CODE XREF: _write+55↑j
seg002:1463                 jmp     short loc_126A0
seg002:1465 ; ---------------------------------------------------------------------------
seg002:1465
seg002:1465 loc_12635:                              ; CODE XREF: _write+85↑j
seg002:1465                 mov     al, 0Dh
seg002:1467                 cmp     di, bx
seg002:1469                 jnz     short loc_1263E
seg002:146B                 call    sub_12656
seg002:146E
seg002:146E loc_1263E:                              ; CODE XREF: _write+97↑j
seg002:146E                 stosb
seg002:146F                 mov     al, 0Ah
seg002:1471                 inc     [bp+var_4]
seg002:1474                 jmp     short loc_12629
seg002:1476 ; ---------------------------------------------------------------------------
seg002:1476
seg002:1476 loc_12646:                              ; CODE XREF: _write+89↑j
seg002:1476                 call    sub_12656
seg002:1479                 jmp     short loc_1262D
seg002:147B ; ---------------------------------------------------------------------------
seg002:147B
seg002:147B loc_1264B:                              ; CODE XREF: _write+5B↑j
seg002:147B                 pop     si
seg002:147C                 pop     di
seg002:147D
seg002:147D loc_1264D:                              ; CODE XREF: _write+39↑j
seg002:147D                 jmp     short loc_126AE
seg002:147F ; ---------------------------------------------------------------------------
seg002:147F
seg002:147F loc_1264F:                              ; CODE XREF: _write+65↑j
seg002:147F                 mov     ax, 0FFFCh
seg002:1482                 push    cs
seg002:1483                 call    near ptr __aFchkstk
seg002:1483 _write          endp ; sp-analysis failed
seg002:1483
seg002:1486
seg002:1486 ; =============== S U B R O U T I N E =======================================
seg002:1486
seg002:1486 ; Attributes: library function
seg002:1486
seg002:1486 sub_12656       proc near               ; CODE XREF: _write+8E↑p
seg002:1486                                         ; _write+99↑p ...
seg002:1486
seg002:1486 ; FUNCTION CHUNK AT seg002:05BB SIZE 00000002 BYTES
seg002:1486
seg002:1486                 push    ax
seg002:1487                 push    bx
seg002:1488                 push    cx
seg002:1489                 mov     cx, di
seg002:148B                 sub     cx, dx
seg002:148D                 jcxz    short loc_12671
seg002:148F                 push    cx
seg002:1490                 mov     bx, [bp+6]
seg002:1493                 mov     ah, 40h
seg002:1495                 int     21h             ; DOS - 2+ - WRITE TO FILE WITH HANDLE
seg002:1495                                         ; BX = file handle, CX = number of bytes to write, DS:DX -> buffer
seg002:1497                 pop     cx
seg002:1498                 jb      short loc_12677
seg002:149A                 add     [bp-2], ax
seg002:149D                 cmp     cx, ax
seg002:149F                 ja      short loc_12677
seg002:14A1
seg002:14A1 loc_12671:                              ; CODE XREF: sub_12656+7↑j
seg002:14A1                 pop     cx
seg002:14A2                 pop     bx
seg002:14A3                 pop     ax
seg002:14A4                 mov     di, dx
seg002:14A6                 retn
seg002:14A7 ; ---------------------------------------------------------------------------
seg002:14A7
seg002:14A7 loc_12677:                              ; CODE XREF: sub_12656+12↑j
seg002:14A7                                         ; sub_12656+19↑j
seg002:14A7                 lahf
seg002:14A8                 add     sp, 8
seg002:14AB                 cmp     word ptr [bp-2], 0
seg002:14AF                 jnz     short loc_126A0
seg002:14B1                 sahf
seg002:14B2                 jnb     short loc_12688
seg002:14B4                 mov     ah, 9
seg002:14B6                 jmp     short loc_126A6
seg002:14B8 ; ---------------------------------------------------------------------------
seg002:14B8
seg002:14B8 loc_12688:                              ; CODE XREF: sub_12656+2C↑j
seg002:14B8                 test    byte ptr [bx+97Fh], 40h
seg002:14BD                 jz      short loc_1269A
seg002:14BF                 mov     bx, [bp+8]
seg002:14C2                 cmp     byte ptr [bx], 1Ah
seg002:14C5                 jnz     short loc_1269A
seg002:14C7                 clc
seg002:14C8                 jmp     short loc_126A6
seg002:14CA ; ---------------------------------------------------------------------------
seg002:14CA
seg002:14CA loc_1269A:                              ; CODE XREF: sub_12656+37↑j
seg002:14CA                                         ; sub_12656+3F↑j
seg002:14CA                 stc
seg002:14CB                 mov     ax, 1C00h
seg002:14CE                 jmp     short loc_126A6
seg002:14D0 ; ---------------------------------------------------------------------------
seg002:14D0
seg002:14D0 loc_126A0:                              ; CODE XREF: _write:loc_12633↑j
seg002:14D0                                         ; sub_12656+29↑j
seg002:14D0                 mov     ax, [bp-2]
seg002:14D3                 sub     ax, [bp-4]
seg002:14D6
seg002:14D6 loc_126A6:                              ; CODE XREF: sub_12656+30↑j
seg002:14D6                                         ; sub_12656+42↑j ...
seg002:14D6                 mov     sp, [bp-8]
seg002:14D9                 pop     si
seg002:14DA                 pop     di
seg002:14DB
seg002:14DB loc_126AB:                              ; CODE XREF: _write+123↓j
seg002:14DB                                         ; _write+127↓j ...
seg002:14DB                 jmp     __dosretax
seg002:14DB sub_12656       endp ; sp-analysis failed
seg002:14DB
seg002:14DE ; ---------------------------------------------------------------------------
seg002:14DE ; START OF FUNCTION CHUNK FOR _write
seg002:14DE
seg002:14DE loc_126AE:                              ; CODE XREF: _write:loc_1264D↑j
seg002:14DE                 mov     cx, [bp+arg_6]
seg002:14E1                 or      cx, cx
seg002:14E3                 jnz     short loc_126BA
seg002:14E5                 mov     ax, cx
seg002:14E7                 jmp     __dosretax
seg002:14EA ; ---------------------------------------------------------------------------
seg002:14EA
seg002:14EA loc_126BA:                              ; CODE XREF: _write+111↑j
seg002:14EA                 mov     dx, word ptr [bp+arg_2+2]
seg002:14ED                 mov     ah, 40h
seg002:14EF                 int     21h             ; DOS - 2+ - WRITE TO FILE WITH HANDLE
seg002:14EF                                         ; BX = file handle, CX = number of bytes to write, DS:DX -> buffer
seg002:14F1                 jnb     short loc_126C7
seg002:14F3                 mov     ah, 9
seg002:14F5                 jmp     short loc_126AB
seg002:14F7 ; ---------------------------------------------------------------------------
seg002:14F7
seg002:14F7 loc_126C7:                              ; CODE XREF: _write+11F↑j
seg002:14F7                 or      ax, ax
seg002:14F9                 jnz     short loc_126AB
seg002:14FB                 test    byte ptr [bx+97Fh], 40h
seg002:1500                 jz      short loc_126DC
seg002:1502                 mov     bx, dx
seg002:1504                 cmp     byte ptr [bx], 1Ah
seg002:1507                 jnz     short loc_126DC
seg002:1509                 clc
seg002:150A                 jmp     short loc_126AB
seg002:150C ; ---------------------------------------------------------------------------
seg002:150C
seg002:150C loc_126DC:                              ; CODE XREF: _write+12E↑j
seg002:150C                                         ; _write+135↑j
seg002:150C                 stc
seg002:150D                 mov     ax, 1C00h
seg002:1510                 jmp     short loc_126AB
seg002:1510 ; END OF FUNCTION CHUNK FOR _write
seg002:1512
seg002:1512 ; =============== S U B R O U T I N E =======================================
seg002:1512
seg002:1512
seg002:1512 sub_126E2       proc far                ; CODE XREF: _write+5D↑P
seg002:1512                 pop     cx
seg002:1513                 pop     dx
seg002:1514                 mov     ax, word_14BCE
seg002:1517                 cmp     ax, sp
seg002:1519                 jnb     short loc_126F2
seg002:151B                 sub     ax, sp
seg002:151D                 neg     ax
seg002:151F
seg002:151F loc_126EF:                              ; CODE XREF: sub_126E2+12↓j
seg002:151F                 push    dx
seg002:1520                 push    cx
seg002:1521                 retf
seg002:1522 ; ---------------------------------------------------------------------------
seg002:1522
seg002:1522 loc_126F2:                              ; CODE XREF: sub_126E2+7↑j
seg002:1522                 xor     ax, ax
seg002:1524                 jmp     short loc_126EF
seg002:1524 sub_126E2       endp ; sp-analysis failed
seg002:1524
seg002:1526
seg002:1526 ; =============== S U B R O U T I N E =======================================
seg002:1526
seg002:1526 ; Attributes: thunk
seg002:1526
seg002:1526 ; void near *__cdecl j___nmalloc(size_t)
seg002:1526 j___nmalloc     proc far                ; CODE XREF: sub_10FA6+2A↑P
seg002:1526                                         ; __myalloc+C↑P ...
seg002:1526                 jmp     __nmalloc
seg002:1526 j___nmalloc     endp
seg002:1526
seg002:1526 ; ---------------------------------------------------------------------------
seg002:152B                 align 2
seg002:152C
seg002:152C ; =============== S U B R O U T I N E =======================================
seg002:152C
seg002:152C ; Attributes: thunk
seg002:152C
seg002:152C ; void __cdecl j___nfree(void near *)
seg002:152C j___nfree       proc far                ; CODE XREF: __freebuf+15↑P
seg002:152C                                         ; seg005:02DF↓P ...
seg002:152C                 jmp     __nfree
seg002:152C j___nfree       endp
seg002:152C
seg002:152C ; ---------------------------------------------------------------------------
seg002:1531                 align 2
seg002:1532
seg002:1532 ; =============== S U B R O U T I N E =======================================
seg002:1532
seg002:1532 ; Attributes: library function bp-based frame
seg002:1532
seg002:1532 ; void __cdecl _nfree(void near *)
seg002:1532 __nfree         proc far                ; CODE XREF: j___nfree↑J
seg002:1532                                         ; __nrealloc+45↓p ...
seg002:1532
seg002:1532 arg_0           = word ptr  6
seg002:1532
seg002:1532                 push    bp
seg002:1533                 mov     bp, sp
seg002:1535                 push    si
seg002:1536                 mov     bx, [bp+arg_0]
seg002:1539                 mov     si, 93Ch
seg002:153C                 cmp     [si+6], bx
seg002:153F                 jnb     short loc_1271E
seg002:1541                 dec     bx
seg002:1542                 dec     bx
seg002:1543                 or      byte ptr [bx], 1
seg002:1546                 cmp     [si+8], bx
seg002:1549                 jbe     short loc_1271E
seg002:154B                 mov     [si+8], bx
seg002:154E
seg002:154E loc_1271E:                              ; CODE XREF: __nfree+D↑j
seg002:154E                                         ; __nfree+17↑j
seg002:154E                 pop     si
seg002:154F                 mov     sp, bp
seg002:1551                 pop     bp
seg002:1552                 retf
seg002:1552 __nfree         endp
seg002:1552
seg002:1553
seg002:1553 ; =============== S U B R O U T I N E =======================================
seg002:1553
seg002:1553 ; Attributes: library function bp-based frame
seg002:1553
seg002:1553 ; void near *__cdecl _nmalloc(size_t)
seg002:1553 __nmalloc       proc far                ; CODE XREF: j___nmalloc↑J
seg002:1553                                         ; __nrealloc+2A↓p ...
seg002:1553
seg002:1553 arg_0           = word ptr  6
seg002:1553
seg002:1553                 push    bp
seg002:1554                 mov     bp, sp
seg002:1556                 push    si
seg002:1557                 push    di
seg002:1558                 mov     cx, [bp+arg_0]
seg002:155B                 cmp     cx, 0FFE8h
seg002:155E                 ja      short loc_12742
seg002:1560                 mov     bx, 93Ch
seg002:1563                 call    __searchseg
seg002:1566                 jnb     short loc_12747
seg002:1568                 call    __growseg
seg002:156B                 jb      short loc_12742
seg002:156D                 call    __searchseg
seg002:1570                 jnb     short loc_12747
seg002:1572
seg002:1572 loc_12742:                              ; CODE XREF: __nmalloc+B↑j
seg002:1572                                         ; __nmalloc+18↑j
seg002:1572                 xor     ax, ax
seg002:1574                 cwd
seg002:1575                 jmp     short $+2
seg002:1577 ; ---------------------------------------------------------------------------
seg002:1577
seg002:1577 loc_12747:                              ; CODE XREF: __nmalloc+13↑j
seg002:1577                                         ; __nmalloc+1D↑j ...
seg002:1577                 pop     di
seg002:1578                 pop     si
seg002:1579                 pop     bp
seg002:157A                 retf
seg002:157A __nmalloc       endp
seg002:157A
seg002:157A ; ---------------------------------------------------------------------------
seg002:157B                 align 2
seg002:157C
seg002:157C ; =============== S U B R O U T I N E =======================================
seg002:157C
seg002:157C ; Attributes: library function
seg002:157C
seg002:157C __searchseg     proc near               ; CODE XREF: __nmalloc+10↑p
seg002:157C                                         ; __nmalloc+1A↑p
seg002:157C                 inc     cx
seg002:157D                 and     cl, 0FEh
seg002:1580                 push    bx
seg002:1581                 cld
seg002:1582                 mov     si, [bx+8]
seg002:1585                 mov     bx, [bx+0Ah]
seg002:1588                 xor     di, di
seg002:158A                 jmp     short loc_1277F
seg002:158C ; ---------------------------------------------------------------------------
seg002:158C
seg002:158C loc_1275C:                              ; CODE XREF: __searchseg+2D↓j
seg002:158C                 mov     ax, bx
seg002:158E                 pop     bx
seg002:158F                 test    al, 1
seg002:1591                 jnz     short loc_127A5
seg002:1593                 push    bx
seg002:1594                 mov     si, [bx+6]
seg002:1597                 mov     bx, [bx+8]
seg002:159A                 cmp     bx, si
seg002:159C                 jz      short loc_127A4
seg002:159E                 dec     bx
seg002:159F                 xor     di, di
seg002:15A1                 jmp     short loc_1277F
seg002:15A1 ; ---------------------------------------------------------------------------
seg002:15A3                 align 2
seg002:15A4
seg002:15A4 loc_12774:                              ; CODE XREF: __searchseg+36↓j
seg002:15A4                                         ; __searchseg+48↓j
seg002:15A4                 lea     dx, [si-2]
seg002:15A7                 cmp     dx, bx
seg002:15A9                 jnb     short loc_1275C
seg002:15AB                 add     si, ax
seg002:15AD                 jb      short loc_127A2
seg002:15AF
seg002:15AF loc_1277F:                              ; CODE XREF: __searchseg+E↑j
seg002:15AF                                         ; __searchseg+25↑j
seg002:15AF                 lodsw
seg002:15B0                 test    al, 1
seg002:15B2                 jz      short loc_12774
seg002:15B4                 mov     di, si
seg002:15B6
seg002:15B6 loc_12786:                              ; CODE XREF: __searchseg+54↓j
seg002:15B6                 dec     ax
seg002:15B7                 cmp     ax, cx
seg002:15B9                 jnb     short loc_127AE
seg002:15BB                 add     si, ax
seg002:15BD                 jb      short loc_127A2
seg002:15BF                 mov     dx, ax
seg002:15C1                 lodsw
seg002:15C2                 test    al, 1
seg002:15C4                 jz      short loc_12774
seg002:15C6                 add     ax, dx
seg002:15C8                 add     ax, 2
seg002:15CB                 mov     si, di
seg002:15CD                 mov     [si-2], ax
seg002:15D0                 jmp     short loc_12786
seg002:15D2 ; ---------------------------------------------------------------------------
seg002:15D2
seg002:15D2 loc_127A2:                              ; CODE XREF: __searchseg+31↑j
seg002:15D2                                         ; __searchseg+41↑j
seg002:15D2                 mov     ax, ax
seg002:15D4
seg002:15D4 loc_127A4:                              ; CODE XREF: __searchseg+20↑j
seg002:15D4                 pop     bx
seg002:15D5
seg002:15D5 loc_127A5:                              ; CODE XREF: __searchseg+15↑j
seg002:15D5                 mov     ax, [bx+6]
seg002:15D8                 mov     [bx+8], ax
seg002:15DB                 stc
seg002:15DC                 jmp     short locret_127C7
seg002:15DE ; ---------------------------------------------------------------------------
seg002:15DE
seg002:15DE loc_127AE:                              ; CODE XREF: __searchseg+3D↑j
seg002:15DE                 pop     bx
seg002:15DF                 mov     [si-2], cx
seg002:15E2                 jz      short loc_127BD
seg002:15E4                 add     di, cx
seg002:15E6                 sub     ax, cx
seg002:15E8                 dec     ax
seg002:15E9                 mov     [di], ax
seg002:15EB                 sub     di, cx
seg002:15ED
seg002:15ED loc_127BD:                              ; CODE XREF: __searchseg+66↑j
seg002:15ED                 add     di, cx
seg002:15EF                 mov     [bx+8], di
seg002:15F2                 mov     ax, si
seg002:15F4                 mov     dx, ds
seg002:15F6                 clc
seg002:15F7
seg002:15F7 locret_127C7:                           ; CODE XREF: __searchseg+60↑j
seg002:15F7                 retn
seg002:15F7 __searchseg     endp
seg002:15F7
seg002:15F8
seg002:15F8 ; =============== S U B R O U T I N E =======================================
seg002:15F8
seg002:15F8 ; Attributes: library function
seg002:15F8
seg002:15F8 __growseg       proc near               ; CODE XREF: __nmalloc+15↑p
seg002:15F8                                         ; __resize+5D↓p
seg002:15F8                 push    cx
seg002:15F9                 push    di
seg002:15FA                 test    byte ptr [bx+2], 1
seg002:15FE                 jz      short loc_12833
seg002:1600                 call    __findlast
seg002:1603                 mov     di, si
seg002:1605                 mov     ax, [si]
seg002:1607                 test    al, 1
seg002:1609                 jz      short loc_127DE
seg002:160B                 sub     cx, ax
seg002:160D                 dec     cx
seg002:160E
seg002:160E loc_127DE:                              ; CODE XREF: __growseg+11↑j
seg002:160E                 inc     cx
seg002:160F                 inc     cx
seg002:1610                 mov     si, [bx+4]
seg002:1613                 or      si, si
seg002:1615                 jz      short loc_12833
seg002:1617                 add     cx, si
seg002:1619                 jnb     short loc_127F4
seg002:161B                 xor     ax, ax
seg002:161D                 mov     dx, 0FFF0h
seg002:1620                 jcxz    short loc_12822
seg002:1622                 jmp     short loc_12833
seg002:1624 ; ---------------------------------------------------------------------------
seg002:1624
seg002:1624 loc_127F4:                              ; CODE XREF: __growseg+21↑j
seg002:1624                 push    ss
seg002:1625                 pop     es
seg002:1626                 mov     ax, es:word_14D94
seg002:162A                 cmp     ax, 2000h
seg002:162D                 jz      short loc_12815
seg002:162F                 mov     dx, 8000h
seg002:1632
seg002:1632 loc_12802:                              ; CODE XREF: __growseg+40↓j
seg002:1632                 cmp     dx, ax
seg002:1634                 jb      short loc_1280C
seg002:1636                 shr     dx, 1
seg002:1638                 jnz     short loc_12802
seg002:163A                 jmp     short loc_1282E
seg002:163C ; ---------------------------------------------------------------------------
seg002:163C
seg002:163C loc_1280C:                              ; CODE XREF: __growseg+3C↑j
seg002:163C                 cmp     dx, 8
seg002:163F                 jb      short loc_1282E
seg002:1641                 shl     dx, 1
seg002:1643                 mov     ax, dx
seg002:1645
seg002:1645 loc_12815:                              ; CODE XREF: __growseg+35↑j
seg002:1645                                         ; __growseg+69↓j
seg002:1645                 dec     ax
seg002:1646                 mov     dx, ax
seg002:1648                 add     ax, cx
seg002:164A                 jnb     short loc_1281E
seg002:164C                 xor     ax, ax
seg002:164E
seg002:164E loc_1281E:                              ; CODE XREF: __growseg+52↑j
seg002:164E                 not     dx
seg002:1650                 and     ax, dx
seg002:1652
seg002:1652 loc_12822:                              ; CODE XREF: __growseg+28↑j
seg002:1652                 push    dx
seg002:1653                 call    __incseg
seg002:1656                 pop     dx
seg002:1657                 jnb     short loc_12836
seg002:1659                 cmp     dx, 0FFF0h
seg002:165C                 jz      short loc_12833
seg002:165E
seg002:165E loc_1282E:                              ; CODE XREF: __growseg+42↑j
seg002:165E                                         ; __growseg+47↑j
seg002:165E                 mov     ax, 10h
seg002:1661                 jmp     short loc_12815
seg002:1663 ; ---------------------------------------------------------------------------
seg002:1663
seg002:1663 loc_12833:                              ; CODE XREF: __growseg+6↑j
seg002:1663                                         ; __growseg+1D↑j ...
seg002:1663                 stc
seg002:1664                 jmp     short loc_12851
seg002:1666 ; ---------------------------------------------------------------------------
seg002:1666
seg002:1666 loc_12836:                              ; CODE XREF: __growseg+5F↑j
seg002:1666                 mov     dx, ax
seg002:1668                 sub     dx, [bx+4]
seg002:166B                 mov     [bx+4], ax
seg002:166E                 mov     [bx+8], di
seg002:1671                 mov     si, [bx+0Ah]
seg002:1674                 dec     dx
seg002:1675                 mov     [si], dx
seg002:1677                 inc     dx
seg002:1678                 add     si, dx
seg002:167A                 mov     word ptr [si], 0FFFEh
seg002:167E                 mov     [bx+0Ah], si
seg002:1681
seg002:1681 loc_12851:                              ; CODE XREF: __growseg+6C↑j
seg002:1681                 pop     di
seg002:1682                 pop     cx
seg002:1683                 retn
seg002:1683 __growseg       endp
seg002:1683
seg002:1684
seg002:1684 ; =============== S U B R O U T I N E =======================================
seg002:1684
seg002:1684 ; Attributes: library function
seg002:1684
seg002:1684 __incseg        proc near               ; CODE XREF: __growseg+5B↑p
seg002:1684                 mov     dx, ax
seg002:1686                 test    byte ptr [bx+2], 4
seg002:168A                 jz      short loc_1286B
seg002:168C                 dec     dx
seg002:168D                 mov     si, [bx+4]
seg002:1690                 dec     si
seg002:1691                 cmp     dx, si
seg002:1693                 jb      short loc_1286A
seg002:1695                 cmp     [bx-2], dx
seg002:1698                 jnb     short loc_128A0
seg002:169A
seg002:169A loc_1286A:                              ; CODE XREF: __incseg+F↑j
seg002:169A                 inc     dx
seg002:169B
seg002:169B loc_1286B:                              ; CODE XREF: __incseg+6↑j
seg002:169B                 push    bx
seg002:169C                 push    cx
seg002:169D                 mov     si, ds
seg002:169F                 mov     es, si
seg002:16A1                 mov     cl, 4
seg002:16A3                 shr     ax, cl
seg002:16A5                 jnz     short loc_1287A
seg002:16A7                 mov     ax, 1000h
seg002:16AA
seg002:16AA loc_1287A:                              ; CODE XREF: __incseg+21↑j
seg002:16AA                 test    byte ptr [bx+2], 4
seg002:16AE                 jz      short loc_1288A
seg002:16B0                 add     ax, si
seg002:16B2                 mov     bx, word_14B96
seg002:16B6                 sub     ax, bx
seg002:16B8                 mov     es, bx
seg002:16BA                 assume es:nothing
seg002:16BA
seg002:16BA loc_1288A:                              ; CODE XREF: __incseg+2A↑j
seg002:16BA                 mov     bx, ax
seg002:16BC                 mov     ah, 4Ah
seg002:16BE                 int     21h             ; DOS - 2+ - ADJUST MEMORY BLOCK SIZE (SETBLOCK)
seg002:16BE                                         ; ES = segment address of block to change
seg002:16BE                                         ; BX = new size in paragraphs
seg002:16C0                 pop     cx
seg002:16C1                 pop     bx
seg002:16C2                 jb      short locret_128A4
seg002:16C4                 mov     ax, dx
seg002:16C6                 test    byte ptr [bx+2], 4
seg002:16CA                 jz      short loc_128A0
seg002:16CC                 dec     dx
seg002:16CD                 mov     [bx-2], dx
seg002:16D0
seg002:16D0 loc_128A0:                              ; CODE XREF: __incseg+14↑j
seg002:16D0                                         ; __incseg+46↑j
seg002:16D0                 clc
seg002:16D1                 jmp     short locret_128A4
seg002:16D3 ; ---------------------------------------------------------------------------
seg002:16D3                 stc
seg002:16D4
seg002:16D4 locret_128A4:                           ; CODE XREF: __incseg+3E↑j
seg002:16D4                                         ; __incseg+4D↑j
seg002:16D4                 retn
seg002:16D4 __incseg        endp
seg002:16D4
seg002:16D5
seg002:16D5 ; =============== S U B R O U T I N E =======================================
seg002:16D5
seg002:16D5 ; Attributes: library function
seg002:16D5
seg002:16D5 __findlast      proc near               ; CODE XREF: __growseg+8↑p
seg002:16D5                 push    di
seg002:16D6                 mov     si, [bx+8]
seg002:16D9                 cmp     si, [bx+0Ah]
seg002:16DC                 jnz     short loc_128B1
seg002:16DE                 mov     si, [bx+6]
seg002:16E1
seg002:16E1 loc_128B1:                              ; CODE XREF: __findlast+7↑j
seg002:16E1                                         ; __findlast+18↓j
seg002:16E1                 lodsw
seg002:16E2                 cmp     ax, 0FFFEh
seg002:16E5                 jz      short loc_128BF
seg002:16E7                 mov     di, si
seg002:16E9                 and     al, 0FEh
seg002:16EB                 add     si, ax
seg002:16ED                 jmp     short loc_128B1
seg002:16EF ; ---------------------------------------------------------------------------
seg002:16EF
seg002:16EF loc_128BF:                              ; CODE XREF: __findlast+10↑j
seg002:16EF                 dec     di
seg002:16F0                 dec     di
seg002:16F1                 mov     si, di
seg002:16F3                 pop     di
seg002:16F4                 retn
seg002:16F4 __findlast      endp
seg002:16F4
seg002:16F4 ; ---------------------------------------------------------------------------
seg002:16F5                 align 2
seg002:16F6
seg002:16F6 ; =============== S U B R O U T I N E =======================================
seg002:16F6
seg002:16F6 ; Attributes: library function bp-based frame
seg002:16F6
seg002:16F6 ; char *__cdecl strcat(char *, const char *)
seg002:16F6 _strcat         proc far                ; CODE XREF: _fclose+7B↑P
seg002:16F6
seg002:16F6 arg_0           = dword ptr  6
seg002:16F6
seg002:16F6                 push    bp
seg002:16F7                 mov     bp, sp
seg002:16F9                 mov     dx, di
seg002:16FB                 mov     bx, si
seg002:16FD                 mov     ax, ds
seg002:16FF                 mov     es, ax
seg002:1701                 assume es:dseg
seg002:1701                 mov     di, word ptr [bp+arg_0]
seg002:1704                 xor     ax, ax
seg002:1706                 mov     cx, 0FFFFh
seg002:1709                 repne scasb
seg002:170B                 lea     si, [di-1]
seg002:170E                 mov     di, word ptr [bp+arg_0+2]
seg002:1711                 mov     cx, 0FFFFh
seg002:1714                 repne scasb
seg002:1716                 not     cx
seg002:1718                 sub     di, cx
seg002:171A                 xchg    di, si
seg002:171C                 mov     ax, word ptr [bp+arg_0]
seg002:171F                 test    si, 1
seg002:1723                 jz      short loc_128F7
seg002:1725                 movsb
seg002:1726                 dec     cx
seg002:1727
seg002:1727 loc_128F7:                              ; CODE XREF: _strcat+2D↑j
seg002:1727                 shr     cx, 1
seg002:1729                 rep movsw
seg002:172B                 adc     cx, cx
seg002:172D                 rep movsb
seg002:172F                 mov     si, bx
seg002:1731                 mov     di, dx
seg002:1733                 pop     bp
seg002:1734                 retf
seg002:1734 _strcat         endp
seg002:1734
seg002:1734 ; ---------------------------------------------------------------------------
seg002:1735                 align 2
seg002:1736
seg002:1736 ; =============== S U B R O U T I N E =======================================
seg002:1736
seg002:1736 ; Attributes: library function bp-based frame
seg002:1736
seg002:1736 ; char *__cdecl strcpy(char *, const char *)
seg002:1736 _strcpy         proc far                ; CODE XREF: _fclose+5F↑P
seg002:1736                                         ; sub_13DE6+E6↓P
seg002:1736
seg002:1736 arg_0           = dword ptr  6
seg002:1736
seg002:1736                 push    bp
seg002:1737                 mov     bp, sp
seg002:1739                 mov     dx, di
seg002:173B                 mov     bx, si
seg002:173D                 mov     si, word ptr [bp+arg_0+2]
seg002:1740                 mov     di, si
seg002:1742                 mov     ax, ds
seg002:1744                 mov     es, ax
seg002:1746                 xor     ax, ax
seg002:1748                 mov     cx, 0FFFFh
seg002:174B                 repne scasb
seg002:174D                 not     cx
seg002:174F                 mov     di, word ptr [bp+arg_0]
seg002:1752                 mov     ax, di
seg002:1754                 test    al, 1
seg002:1756                 jz      short loc_1292A
seg002:1758                 movsb
seg002:1759                 dec     cx
seg002:175A
seg002:175A loc_1292A:                              ; CODE XREF: _strcpy+20↑j
seg002:175A                 shr     cx, 1
seg002:175C                 rep movsw
seg002:175E                 adc     cx, cx
seg002:1760                 rep movsb
seg002:1762                 mov     si, bx
seg002:1764                 mov     di, dx
seg002:1766                 pop     bp
seg002:1767                 retf
seg002:1767 _strcpy         endp
seg002:1767
seg002:1768
seg002:1768 ; =============== S U B R O U T I N E =======================================
seg002:1768
seg002:1768 ; Attributes: library function bp-based frame
seg002:1768
seg002:1768 ; size_t __cdecl strlen(const char *)
seg002:1768 _strlen         proc far                ; CODE XREF: sub_13DE6+102↓P
seg002:1768
seg002:1768 arg_0           = dword ptr  6
seg002:1768
seg002:1768                 push    bp
seg002:1769                 mov     bp, sp
seg002:176B                 mov     dx, di
seg002:176D                 mov     ax, ds
seg002:176F                 mov     es, ax
seg002:1771                 mov     di, word ptr [bp+arg_0]
seg002:1774                 xor     ax, ax
seg002:1776                 mov     cx, 0FFFFh
seg002:1779                 repne scasb
seg002:177B                 not     cx
seg002:177D                 dec     cx
seg002:177E                 xchg    ax, cx
seg002:177F                 mov     di, dx
seg002:1781                 pop     bp
seg002:1782                 retf
seg002:1782 _strlen         endp
seg002:1782
seg002:1782 ; ---------------------------------------------------------------------------
seg002:1783                 align 2
seg002:1784
seg002:1784 ; =============== S U B R O U T I N E =======================================
seg002:1784
seg002:1784 ; Attributes: library function bp-based frame
seg002:1784
seg002:1784 ; char *__cdecl strncpy(char *, const char *, size_t)
seg002:1784 _strncpy        proc far                ; CODE XREF: sub_10FA6+36↑P
seg002:1784
seg002:1784 arg_0           = dword ptr  6
seg002:1784 arg_4           = dword ptr  0Ah
seg002:1784
seg002:1784                 push    bp
seg002:1785                 mov     bp, sp
seg002:1787                 push    di
seg002:1788                 push    si
seg002:1789                 push    ds
seg002:178A                 pop     es
seg002:178B                 mov     di, word ptr [bp+arg_0]
seg002:178E                 mov     si, word ptr [bp+arg_0+2]
seg002:1791                 mov     bx, di
seg002:1793                 mov     cx, word ptr [bp+arg_4]
seg002:1796                 jcxz    short loc_12974
seg002:1798
seg002:1798 loc_12968:                              ; CODE XREF: _strncpy+1A↓j
seg002:1798                 lodsb
seg002:1799                 or      al, al
seg002:179B                 jz      short loc_12970
seg002:179D                 stosb
seg002:179E                 loop    loc_12968
seg002:17A0
seg002:17A0 loc_12970:                              ; CODE XREF: _strncpy+17↑j
seg002:17A0                 xor     al, al
seg002:17A2                 rep stosb
seg002:17A4
seg002:17A4 loc_12974:                              ; CODE XREF: _strncpy+12↑j
seg002:17A4                 mov     ax, bx
seg002:17A6                 pop     si
seg002:17A7                 pop     di
seg002:17A8                 mov     sp, bp
seg002:17AA                 pop     bp
seg002:17AB                 retf
seg002:17AB _strncpy        endp
seg002:17AB
seg002:17AC
seg002:17AC ; =============== S U B R O U T I N E =======================================
seg002:17AC
seg002:17AC ; Attributes: library function bp-based frame
seg002:17AC
seg002:17AC ; char *__cdecl itoa(int, char *, int)
seg002:17AC _itoa           proc far                ; CODE XREF: _fclose+93↑P
seg002:17AC
seg002:17AC arg_0           = word ptr  6
seg002:17AC arg_2           = dword ptr  8
seg002:17AC
seg002:17AC ; FUNCTION CHUNK AT seg002:1CC8 SIZE 00000053 BYTES
seg002:17AC
seg002:17AC                 push    bp
seg002:17AD                 mov     bp, sp
seg002:17AF                 push    si
seg002:17B0                 push    di
seg002:17B1                 mov     bl, 1
seg002:17B3                 mov     cx, word ptr [bp+arg_2+2]
seg002:17B6                 mov     ax, [bp+arg_0]
seg002:17B9                 xor     dx, dx
seg002:17BB                 cmp     cx, 0Ah
seg002:17BE                 jnz     short loc_12991
seg002:17C0                 cwd
seg002:17C1
seg002:17C1 loc_12991:                              ; CODE XREF: _itoa+12↑j
seg002:17C1                 mov     di, word ptr [bp+arg_2]
seg002:17C4                 jmp     __cxtoa
seg002:17C4 _itoa           endp
seg002:17C4
seg002:17C4 ; ---------------------------------------------------------------------------
seg002:17C7                 align 2
seg002:17C8
seg002:17C8 ; =============== S U B R O U T I N E =======================================
seg002:17C8
seg002:17C8 ; Attributes: library function bp-based frame
seg002:17C8
seg002:17C8 ; int __cdecl int86(int, union REGS *, union REGS *)
seg002:17C8 _int86          proc far                ; CODE XREF: sub_1340C+1C↓P
seg002:17C8                                         ; seg005:0365↓P ...
seg002:17C8
seg002:17C8 var_E           = dword ptr -0Eh
seg002:17C8 var_A           = byte ptr -0Ah
seg002:17C8 var_9           = byte ptr -9
seg002:17C8 var_8           = byte ptr -8
seg002:17C8 var_7           = byte ptr -7
seg002:17C8 var_6           = byte ptr -6
seg002:17C8 arg_0           = word ptr  6
seg002:17C8 arg_2           = dword ptr  8
seg002:17C8
seg002:17C8                 push    bp
seg002:17C9                 mov     bp, sp
seg002:17CB                 push    si
seg002:17CC                 push    di
seg002:17CD                 sub     sp, 0Ah
seg002:17D0                 mov     [bp+var_A], 0CDh
seg002:17D4                 mov     ax, [bp+arg_0]
seg002:17D7                 mov     [bp+var_9], al
seg002:17DA                 cmp     al, 25h ; '%'
seg002:17DC                 jz      short loc_129B8
seg002:17DE                 cmp     al, 26h ; '&'
seg002:17E0                 jz      short loc_129B8
seg002:17E2                 mov     [bp+var_8], 0CBh
seg002:17E6                 jmp     short loc_129C4
seg002:17E8 ; ---------------------------------------------------------------------------
seg002:17E8
seg002:17E8 loc_129B8:                              ; CODE XREF: _int86+14↑j
seg002:17E8                                         ; _int86+18↑j
seg002:17E8                 mov     [bp+var_6], 0CBh
seg002:17EC                 mov     [bp+var_7], 44h ; 'D'
seg002:17F0                 mov     [bp+var_8], 44h ; 'D'
seg002:17F4
seg002:17F4 loc_129C4:                              ; CODE XREF: _int86+1E↑j
seg002:17F4                 mov     word ptr [bp+var_E+2], ss
seg002:17F7                 lea     ax, [bp+var_A]
seg002:17FA                 mov     word ptr [bp+var_E], ax
seg002:17FD                 mov     di, word ptr [bp+arg_2]
seg002:1800                 mov     ax, [di]
seg002:1802                 mov     bx, [di+2]
seg002:1805                 mov     cx, [di+4]
seg002:1808                 mov     dx, [di+6]
seg002:180B                 mov     si, [di+8]
seg002:180E                 mov     di, [di+0Ah]
seg002:1811                 push    bp
seg002:1812                 call    [bp+var_E]
seg002:1815                 pop     bp
seg002:1816                 cld
seg002:1817                 push    di
seg002:1818                 mov     di, word ptr [bp+arg_2+2]
seg002:181B                 mov     [di], ax
seg002:181D                 mov     [di+2], bx
seg002:1820                 mov     [di+4], cx
seg002:1823                 mov     [di+6], dx
seg002:1826                 mov     [di+8], si
seg002:1829                 pop     word ptr [di+0Ah]
seg002:182C                 jb      short loc_12A02
seg002:182E                 xor     si, si
seg002:1830                 jmp     short loc_12A0B
seg002:1832 ; ---------------------------------------------------------------------------
seg002:1832
seg002:1832 loc_12A02:                              ; CODE XREF: _int86+64↑j
seg002:1832                 push    cs
seg002:1833                 call    near ptr __maperror
seg002:1836                 mov     si, 1
seg002:1839                 mov     ax, [di]
seg002:183B
seg002:183B loc_12A0B:                              ; CODE XREF: _int86+68↑j
seg002:183B                 mov     [di+0Ch], si
seg002:183E                 add     sp, 0Ah
seg002:1841                 pop     di
seg002:1842                 pop     si
seg002:1843                 mov     sp, bp
seg002:1845                 pop     bp
seg002:1846                 retf
seg002:1846 _int86          endp
seg002:1846
seg002:1846 ; ---------------------------------------------------------------------------
seg002:1847                 align 2
seg002:1848
seg002:1848 ; =============== S U B R O U T I N E =======================================
seg002:1848
seg002:1848 ; Attributes: library function bp-based frame
seg002:1848
seg002:1848 ; int __cdecl fseek(FILE *, __int32, int)
seg002:1848 _fseek          proc far                ; CODE XREF: sub_10D3E+55↑P
seg002:1848
seg002:1848 arg_0           = dword ptr  6
seg002:1848 arg_4           = dword ptr  0Ah
seg002:1848
seg002:1848                 push    bp
seg002:1849                 mov     bp, sp
seg002:184B                 push    si
seg002:184C                 mov     si, word ptr [bp+arg_0]
seg002:184F                 test    byte ptr [si+6], 83h
seg002:1853                 jz      short loc_12A31
seg002:1855                 cmp     word ptr [bp+arg_4+2], 2
seg002:1859                 jg      short loc_12A31
seg002:185B                 cmp     word ptr [bp+arg_4+2], 0
seg002:185F                 jge     short loc_12A3A
seg002:1861
seg002:1861 loc_12A31:                              ; CODE XREF: _fseek+B↑j
seg002:1861                                         ; _fseek+11↑j
seg002:1861                 mov     word_14B90, 16h
seg002:1867                 jmp     short loc_12A8B
seg002:1867 ; ---------------------------------------------------------------------------
seg002:1869                 align 2
seg002:186A
seg002:186A loc_12A3A:                              ; CODE XREF: _fseek+17↑j
seg002:186A                 and     byte ptr [si+6], 0EFh
seg002:186E                 cmp     word ptr [bp+arg_4+2], 1
seg002:1872                 jnz     short loc_12A58
seg002:1874                 push    si              ; FILE *
seg002:1875                 call    _ftell
seg002:187A                 add     sp, 2
seg002:187D                 add     word ptr [bp+arg_0+2], ax
seg002:1880                 adc     word ptr [bp+arg_4], dx
seg002:1883                 mov     word ptr [bp+arg_4+2], 0
seg002:1888
seg002:1888 loc_12A58:                              ; CODE XREF: _fseek+2A↑j
seg002:1888                 push    si              ; FILE *
seg002:1889                 call    _fflush
seg002:188E                 add     sp, 2
seg002:1891                 test    byte ptr [si+6], 80h
seg002:1895                 jz      short loc_12A6B
seg002:1897                 and     byte ptr [si+6], 0FCh
seg002:189B
seg002:189B loc_12A6B:                              ; CODE XREF: _fseek+4D↑j
seg002:189B                 push    word ptr [bp+arg_4+2] ; int
seg002:189E                 push    word ptr [bp+arg_4]
seg002:18A1                 push    word ptr [bp+arg_0+2] ; __int32
seg002:18A4                 mov     al, [si+7]
seg002:18A7                 sub     ah, ah
seg002:18A9                 push    ax              ; int
seg002:18AA                 call    far ptr _lseek
seg002:18AF                 add     sp, 8
seg002:18B2                 cmp     ax, 0FFFFh
seg002:18B5                 jnz     short loc_12A90
seg002:18B7                 cmp     dx, ax
seg002:18B9                 jnz     short loc_12A90
seg002:18BB
seg002:18BB loc_12A8B:                              ; CODE XREF: _fseek+1F↑j
seg002:18BB                 mov     ax, 0FFFFh
seg002:18BE                 jmp     short loc_12A92
seg002:18C0 ; ---------------------------------------------------------------------------
seg002:18C0
seg002:18C0 loc_12A90:                              ; CODE XREF: _fseek+6D↑j
seg002:18C0                                         ; _fseek+71↑j
seg002:18C0                 sub     ax, ax
seg002:18C2
seg002:18C2 loc_12A92:                              ; CODE XREF: _fseek+76↑j
seg002:18C2                 pop     si
seg002:18C3                 mov     sp, bp
seg002:18C5                 pop     bp
seg002:18C6                 retf
seg002:18C6 _fseek          endp
seg002:18C6
seg002:18C6 ; ---------------------------------------------------------------------------
seg002:18C7                 align 2
seg002:18C8
seg002:18C8 ; =============== S U B R O U T I N E =======================================
seg002:18C8
seg002:18C8 ; Attributes: library function bp-based frame
seg002:18C8
seg002:18C8 ; __int32 __cdecl ftell(FILE *)
seg002:18C8 _ftell          proc far                ; CODE XREF: _fseek+2D↑P
seg002:18C8
seg002:18C8 var_E           = word ptr -0Eh
seg002:18C8 var_C           = word ptr -0Ch
seg002:18C8 var_A           = word ptr -0Ah
seg002:18C8 var_8           = word ptr -8
seg002:18C8 var_6           = word ptr -6
seg002:18C8 var_4           = dword ptr -4
seg002:18C8 arg_0           = dword ptr  6
seg002:18C8
seg002:18C8                 push    bp
seg002:18C9                 mov     bp, sp
seg002:18CB                 sub     sp, 0Eh
seg002:18CE                 push    di
seg002:18CF                 push    si
seg002:18D0                 mov     si, word ptr [bp+arg_0]
seg002:18D3                 mov     ax, si
seg002:18D5                 sub     ax, 9CEh
seg002:18D8                 add     ax, 0A6Eh
seg002:18DB                 mov     [bp+var_E], ax
seg002:18DE                 mov     al, [si+7]
seg002:18E1                 sub     ah, ah
seg002:18E3                 mov     [bp+var_A], ax
seg002:18E6                 cmp     word ptr [si+2], 0
seg002:18EA                 jge     short loc_12AC1
seg002:18EC                 mov     word ptr [si+2], 0
seg002:18F1
seg002:18F1 loc_12AC1:                              ; CODE XREF: _ftell+22↑j
seg002:18F1                 mov     ax, 1
seg002:18F4                 push    ax              ; int
seg002:18F5                 sub     ax, ax
seg002:18F7                 push    ax
seg002:18F8                 push    ax              ; __int32
seg002:18F9                 push    [bp+var_A]      ; int
seg002:18FC                 call    far ptr _lseek
seg002:1901                 add     sp, 8
seg002:1904                 mov     word ptr [bp+var_4], ax
seg002:1907                 mov     word ptr [bp+var_4+2], dx
seg002:190A                 or      dx, dx
seg002:190C                 jge     short loc_12AE6
seg002:190E
seg002:190E loc_12ADE:                              ; CODE XREF: _ftell+BA↓j
seg002:190E                 mov     ax, 0FFFFh
seg002:1911                 cwd
seg002:1912                 jmp     loc_12C08
seg002:1912 ; ---------------------------------------------------------------------------
seg002:1915                 align 2
seg002:1916
seg002:1916 loc_12AE6:                              ; CODE XREF: _ftell+44↑j
seg002:1916                 test    byte ptr [si+6], 8
seg002:191A                 jnz     short loc_12B0A
seg002:191C                 mov     bx, [bp+var_E]
seg002:191F                 test    byte ptr [bx], 1
seg002:1922                 jnz     short loc_12B0A
seg002:1924                 mov     ax, [si+2]
seg002:1927                 cwd
seg002:1928                 mov     cx, ax
seg002:192A                 mov     bx, dx
seg002:192C                 mov     ax, word ptr [bp+var_4]
seg002:192F                 mov     dx, word ptr [bp+var_4+2]
seg002:1932                 sub     ax, cx
seg002:1934                 sbb     dx, bx
seg002:1936                 jmp     loc_12C08
seg002:1936 ; ---------------------------------------------------------------------------
seg002:1939                 align 2
seg002:193A
seg002:193A loc_12B0A:                              ; CODE XREF: _ftell+52↑j
seg002:193A                                         ; _ftell+5A↑j
seg002:193A                 mov     ax, [si]
seg002:193C                 sub     ax, [si+4]
seg002:193F                 mov     [bp+var_8], ax
seg002:1942                 test    byte ptr [si+6], 3
seg002:1946                 jz      short loc_12B46
seg002:1948                 mov     bx, [bp+var_A]
seg002:194B                 test    byte ptr [bx+97Fh], 80h
seg002:1950                 jz      short loc_12B35
seg002:1952                 mov     di, [si+4]
seg002:1955                 jmp     short loc_12B31
seg002:1955 ; ---------------------------------------------------------------------------
seg002:1957                 align 2
seg002:1958
seg002:1958 loc_12B28:                              ; CODE XREF: _ftell+9B↓j
seg002:1958                 cmp     byte ptr [di], 0Ah
seg002:195B                 jnz     short loc_12B30
seg002:195D                 inc     [bp+var_8]
seg002:1960
seg002:1960 loc_12B30:                              ; CODE XREF: _ftell+93↑j
seg002:1960                 inc     di
seg002:1961
seg002:1961 loc_12B31:                              ; CODE XREF: _ftell+8D↑j
seg002:1961                 cmp     [si], di
seg002:1963                 ja      short loc_12B28
seg002:1965
seg002:1965 loc_12B35:                              ; CODE XREF: _ftell+88↑j
seg002:1965                                         ; _ftell+B2↓j
seg002:1965                 mov     ax, word ptr [bp+var_4+2]
seg002:1968                 or      ax, word ptr [bp+var_4]
seg002:196B                 jnz     short loc_12B54
seg002:196D                 mov     ax, [bp+var_8]
seg002:1970                 sub     dx, dx
seg002:1972                 jmp     loc_12C08
seg002:1972 ; ---------------------------------------------------------------------------
seg002:1975                 align 2
seg002:1976
seg002:1976 loc_12B46:                              ; CODE XREF: _ftell+7E↑j
seg002:1976                 test    byte ptr [si+6], 80h
seg002:197A                 jnz     short loc_12B35
seg002:197C                 mov     word_14B90, 16h
seg002:1982                 jmp     short loc_12ADE
seg002:1984 ; ---------------------------------------------------------------------------
seg002:1984
seg002:1984 loc_12B54:                              ; CODE XREF: _ftell+A3↑j
seg002:1984                 test    byte ptr [si+6], 1
seg002:1988                 jnz     short loc_12B5D
seg002:198A                 jmp     loc_12BFC
seg002:198D ; ---------------------------------------------------------------------------
seg002:198D
seg002:198D loc_12B5D:                              ; CODE XREF: _ftell+C0↑j
seg002:198D                 cmp     word ptr [si+2], 0
seg002:1991                 jnz     short loc_12B6C
seg002:1993                 mov     [bp+var_8], 0
seg002:1998                 jmp     loc_12BFC
seg002:1998 ; ---------------------------------------------------------------------------
seg002:199B                 align 2
seg002:199C
seg002:199C loc_12B6C:                              ; CODE XREF: _ftell+C9↑j
seg002:199C                 mov     ax, [si]
seg002:199E                 sub     ax, [si+4]
seg002:19A1                 add     ax, [si+2]
seg002:19A4                 mov     [bp+var_C], ax
seg002:19A7                 mov     bx, [bp+var_A]
seg002:19AA                 test    byte ptr [bx+97Fh], 80h
seg002:19AF                 jz      short loc_12BF1
seg002:19B1                 mov     cx, 2
seg002:19B4                 push    cx              ; int
seg002:19B5                 sub     cx, cx
seg002:19B7                 push    cx
seg002:19B8                 push    cx              ; __int32
seg002:19B9                 push    bx              ; int
seg002:19BA                 call    far ptr _lseek
seg002:19BF                 add     sp, 8
seg002:19C2                 cmp     ax, word ptr [bp+var_4]
seg002:19C5                 jnz     short loc_12BC6
seg002:19C7                 cmp     dx, word ptr [bp+var_4+2]
seg002:19CA                 jnz     short loc_12BC6
seg002:19CC                 mov     ax, [bp+var_C]
seg002:19CF                 add     ax, [si+4]
seg002:19D2                 mov     [bp+var_6], ax
seg002:19D5                 mov     di, [si+4]
seg002:19D8                 jmp     short loc_12BB3
seg002:19DA ; ---------------------------------------------------------------------------
seg002:19DA
seg002:19DA loc_12BAA:                              ; CODE XREF: _ftell+11E↓j
seg002:19DA                 cmp     byte ptr [di], 0Ah
seg002:19DD                 jnz     short loc_12BB2
seg002:19DF                 inc     [bp+var_C]
seg002:19E2
seg002:19E2 loc_12BB2:                              ; CODE XREF: _ftell+115↑j
seg002:19E2                 inc     di
seg002:19E3
seg002:19E3 loc_12BB3:                              ; CODE XREF: _ftell+110↑j
seg002:19E3                 cmp     [bp+var_6], di
seg002:19E6                 ja      short loc_12BAA
seg002:19E8                 mov     bx, [bp+var_E]
seg002:19EB                 test    byte ptr [bx], 20h
seg002:19EE                 jz      short loc_12BF1
seg002:19F0                 inc     [bp+var_C]
seg002:19F3                 jmp     short loc_12BF1
seg002:19F3 ; ---------------------------------------------------------------------------
seg002:19F5                 align 2
seg002:19F6
seg002:19F6 loc_12BC6:                              ; CODE XREF: _ftell+FD↑j
seg002:19F6                                         ; _ftell+102↑j
seg002:19F6                 sub     ax, ax
seg002:19F8                 push    ax              ; int
seg002:19F9                 push    word ptr [bp+var_4+2]
seg002:19FC                 push    word ptr [bp+var_4] ; __int32
seg002:19FF                 push    [bp+var_A]      ; int
seg002:1A02                 call    far ptr _lseek
seg002:1A07                 add     sp, 8
seg002:1A0A                 mov     bx, [bp+var_E]
seg002:1A0D                 mov     ax, [bx+2]
seg002:1A10                 mov     [bp+var_C], ax
seg002:1A13                 mov     bx, [bp+var_A]
seg002:1A16                 test    byte ptr [bx+97Fh], 4
seg002:1A1B                 jz      short loc_12BF1
seg002:1A1D                 inc     ax
seg002:1A1E                 mov     [bp+var_C], ax
seg002:1A21
seg002:1A21 loc_12BF1:                              ; CODE XREF: _ftell+E7↑j
seg002:1A21                                         ; _ftell+126↑j ...
seg002:1A21                 mov     ax, [bp+var_C]
seg002:1A24                 sub     dx, dx
seg002:1A26                 sub     word ptr [bp+var_4], ax
seg002:1A29                 sbb     word ptr [bp+var_4+2], dx
seg002:1A2C
seg002:1A2C loc_12BFC:                              ; CODE XREF: _ftell+C2↑j
seg002:1A2C                                         ; _ftell+D0↑j
seg002:1A2C                 mov     ax, word ptr [bp+var_4]
seg002:1A2F                 mov     dx, word ptr [bp+var_4+2]
seg002:1A32                 add     ax, [bp+var_8]
seg002:1A35                 adc     dx, 0
seg002:1A38
seg002:1A38 loc_12C08:                              ; CODE XREF: _ftell+4A↑j
seg002:1A38                                         ; _ftell+6E↑j ...
seg002:1A38                 pop     si
seg002:1A39                 pop     di
seg002:1A3A                 mov     sp, bp
seg002:1A3C                 pop     bp
seg002:1A3D                 retf
seg002:1A3D _ftell          endp
seg002:1A3D
seg002:1A3E
seg002:1A3E ; =============== S U B R O U T I N E =======================================
seg002:1A3E
seg002:1A3E ; Attributes: library function bp-based frame
seg002:1A3E
seg002:1A3E ; int sprintf(char *, const char *, ...)
seg002:1A3E _sprintf        proc far                ; CODE XREF: sub_1011E+18A↑P
seg002:1A3E                                         ; sub_13DE6+7B↓P ...
seg002:1A3E
seg002:1A3E arg_0           = dword ptr  6
seg002:1A3E arg_4           = dword ptr  0Ah
seg002:1A3E
seg002:1A3E                 push    bp
seg002:1A3F                 mov     bp, sp
seg002:1A41                 sub     sp, 2
seg002:1A44                 push    di
seg002:1A45                 push    si
seg002:1A46                 mov     byte_15F4C, 42h ; 'B'
seg002:1A4B                 mov     ax, word ptr [bp+arg_0]
seg002:1A4E                 mov     word_15F4A, ax
seg002:1A51                 mov     si, 1D26h
seg002:1A54                 mov     [si], ax
seg002:1A56                 mov     word_15F48, 7FFFh
seg002:1A5C                 lea     ax, [bp+arg_4]
seg002:1A5F                 push    ax
seg002:1A60                 push    word ptr [bp+arg_0+2]
seg002:1A63                 mov     ax, si
seg002:1A65                 push    ax
seg002:1A66                 call    __output
seg002:1A6B                 add     sp, 6
seg002:1A6E                 mov     di, ax
seg002:1A70                 dec     word_15F48
seg002:1A74                 js      short loc_12C54
seg002:1A76                 mov     bx, word_15F46
seg002:1A7A                 inc     word_15F46
seg002:1A7E                 mov     byte ptr [bx], 0
seg002:1A81                 jmp     short loc_12C60
seg002:1A81 ; ---------------------------------------------------------------------------
seg002:1A83                 align 2
seg002:1A84
seg002:1A84 loc_12C54:                              ; CODE XREF: _sprintf+36↑j
seg002:1A84                 push    si              ; FILE *
seg002:1A85                 sub     ax, ax
seg002:1A87                 push    ax              ; int
seg002:1A88                 call    __flsbuf
seg002:1A8D                 add     sp, 4
seg002:1A90
seg002:1A90 loc_12C60:                              ; CODE XREF: _sprintf+43↑j
seg002:1A90                 mov     ax, di
seg002:1A92                 pop     si
seg002:1A93                 pop     di
seg002:1A94                 mov     sp, bp
seg002:1A96                 pop     bp
seg002:1A97                 retf
seg002:1A97 _sprintf        endp
seg002:1A97
seg002:1A98
seg002:1A98 ; =============== S U B R O U T I N E =======================================
seg002:1A98
seg002:1A98 ; Attributes: library function bp-based frame
seg002:1A98
seg002:1A98 ; __int32 __cdecl filelength(int)
seg002:1A98 _filelength     proc far                ; CODE XREF: sub_100B0+2A↑P
seg002:1A98
seg002:1A98 var_8           = dword ptr -8
seg002:1A98 var_4           = word ptr -4
seg002:1A98 var_2           = word ptr -2
seg002:1A98 arg_0           = word ptr  6
seg002:1A98
seg002:1A98                 push    bp
seg002:1A99                 mov     bp, sp
seg002:1A9B                 sub     sp, 8
seg002:1A9E                 push    si
seg002:1A9F                 mov     si, [bp+arg_0]
seg002:1AA2                 or      si, si
seg002:1AA4                 jl      short loc_12C7C
seg002:1AA6                 cmp     word_14B9D, si
seg002:1AAA                 jg      short loc_12C88
seg002:1AAC
seg002:1AAC loc_12C7C:                              ; CODE XREF: _filelength+C↑j
seg002:1AAC                 mov     word_14B90, 9
seg002:1AB2                 mov     ax, 0FFFFh
seg002:1AB5                 cwd
seg002:1AB6                 jmp     short loc_12CE9
seg002:1AB8 ; ---------------------------------------------------------------------------
seg002:1AB8
seg002:1AB8 loc_12C88:                              ; CODE XREF: _filelength+12↑j
seg002:1AB8                 mov     ax, 1
seg002:1ABB                 push    ax              ; int
seg002:1ABC                 sub     ax, ax
seg002:1ABE                 push    ax
seg002:1ABF                 push    ax              ; __int32
seg002:1AC0                 push    si              ; int
seg002:1AC1                 call    far ptr _lseek
seg002:1AC6                 add     sp, 8
seg002:1AC9                 mov     word ptr [bp+var_8], ax
seg002:1ACC                 mov     word ptr [bp+var_8+2], dx
seg002:1ACF                 cmp     ax, 0FFFFh
seg002:1AD2                 jnz     short loc_12CB0
seg002:1AD4                 cmp     dx, ax
seg002:1AD6                 jnz     short loc_12CB0
seg002:1AD8                 mov     [bp+var_4], ax
seg002:1ADB                 mov     [bp+var_2], ax
seg002:1ADE                 jmp     short loc_12CE3
seg002:1AE0 ; ---------------------------------------------------------------------------
seg002:1AE0
seg002:1AE0 loc_12CB0:                              ; CODE XREF: _filelength+3A↑j
seg002:1AE0                                         ; _filelength+3E↑j
seg002:1AE0                 mov     ax, 2
seg002:1AE3                 push    ax              ; int
seg002:1AE4                 sub     ax, ax
seg002:1AE6                 push    ax
seg002:1AE7                 push    ax              ; __int32
seg002:1AE8                 push    si              ; int
seg002:1AE9                 call    far ptr _lseek
seg002:1AEE                 add     sp, 8
seg002:1AF1                 mov     [bp+var_4], ax
seg002:1AF4                 mov     [bp+var_2], dx
seg002:1AF7                 cmp     ax, word ptr [bp+var_8]
seg002:1AFA                 jnz     short loc_12CD1
seg002:1AFC                 cmp     dx, word ptr [bp+var_8+2]
seg002:1AFF                 jz      short loc_12CE3
seg002:1B01
seg002:1B01 loc_12CD1:                              ; CODE XREF: _filelength+62↑j
seg002:1B01                 sub     ax, ax
seg002:1B03                 push    ax              ; int
seg002:1B04                 push    word ptr [bp+var_8+2]
seg002:1B07                 push    word ptr [bp+var_8] ; __int32
seg002:1B0A                 push    si              ; int
seg002:1B0B                 call    far ptr _lseek
seg002:1B10                 add     sp, 8
seg002:1B13
seg002:1B13 loc_12CE3:                              ; CODE XREF: _filelength+46↑j
seg002:1B13                                         ; _filelength+67↑j
seg002:1B13                 mov     ax, [bp+var_4]
seg002:1B16                 mov     dx, [bp+var_2]
seg002:1B19
seg002:1B19 loc_12CE9:                              ; CODE XREF: _filelength+1E↑j
seg002:1B19                 pop     si
seg002:1B1A                 mov     sp, bp
seg002:1B1C                 pop     bp
seg002:1B1D                 retf
seg002:1B1D _filelength     endp
seg002:1B1D
seg002:1B1E
seg002:1B1E ; =============== S U B R O U T I N E =======================================
seg002:1B1E
seg002:1B1E ; Attributes: library function bp-based frame
seg002:1B1E
seg002:1B1E ; void near *__cdecl _nrealloc(void near *, size_t)
seg002:1B1E __nrealloc      proc far                ; CODE XREF: j___nrealloc↓J
seg002:1B1E
seg002:1B1E arg_0           = word ptr  6
seg002:1B1E arg_2           = word ptr  8
seg002:1B1E
seg002:1B1E                 push    bp
seg002:1B1F                 mov     bp, sp
seg002:1B21                 push    si
seg002:1B22                 push    di
seg002:1B23                 mov     si, [bp+arg_0]
seg002:1B26                 mov     cx, [bp+arg_2]
seg002:1B29                 or      si, si
seg002:1B2B                 jz      short loc_12D41
seg002:1B2D                 jcxz    short loc_12D49
seg002:1B2F                 push    word ptr [si-2]
seg002:1B32                 mov     bx, 93Ch
seg002:1B35                 push    cx
seg002:1B36                 call    __resize
seg002:1B39                 pop     cx
seg002:1B3A                 jb      short loc_12D15
seg002:1B3C                 mov     ax, si
seg002:1B3E                 and     byte ptr [si-2], 0FEh
seg002:1B42                 pop     cx
seg002:1B43                 jmp     short loc_12D51
seg002:1B45 ; ---------------------------------------------------------------------------
seg002:1B45
seg002:1B45 loc_12D15:                              ; CODE XREF: __nrealloc+1C↑j
seg002:1B45                 push    bx
seg002:1B46                 push    cx              ; size_t
seg002:1B47                 push    cs
seg002:1B48                 call    near ptr __nmalloc
seg002:1B4B                 pop     cx
seg002:1B4C                 pop     bx
seg002:1B4D                 pop     cx
seg002:1B4E                 and     cl, 0FEh
seg002:1B51                 or      ax, ax
seg002:1B53                 jz      short loc_12D3A
seg002:1B55                 mov     di, ax
seg002:1B57                 mov     ax, ds
seg002:1B59                 mov     es, ax
seg002:1B5B                 cld
seg002:1B5C                 push    di
seg002:1B5D                 push    si              ; void near *
seg002:1B5E                 shr     cx, 1
seg002:1B60                 rep movsw
seg002:1B62                 push    cs
seg002:1B63                 call    near ptr __nfree
seg002:1B66                 pop     cx
seg002:1B67                 pop     ax
seg002:1B68                 jmp     short loc_12D51
seg002:1B6A ; ---------------------------------------------------------------------------
seg002:1B6A
seg002:1B6A loc_12D3A:                              ; CODE XREF: __nrealloc+35↑j
seg002:1B6A                 call    __resize
seg002:1B6D                 xor     ax, ax
seg002:1B6F                 jmp     short loc_12D51
seg002:1B71 ; ---------------------------------------------------------------------------
seg002:1B71
seg002:1B71 loc_12D41:                              ; CODE XREF: __nrealloc+D↑j
seg002:1B71                 push    cx              ; size_t
seg002:1B72                 push    cs
seg002:1B73                 call    near ptr __nmalloc
seg002:1B76                 pop     cx
seg002:1B77                 jmp     short loc_12D51
seg002:1B79 ; ---------------------------------------------------------------------------
seg002:1B79
seg002:1B79 loc_12D49:                              ; CODE XREF: __nrealloc+F↑j
seg002:1B79                 push    si              ; void near *
seg002:1B7A                 push    cs
seg002:1B7B                 call    near ptr __nfree
seg002:1B7E                 pop     cx
seg002:1B7F                 xor     ax, ax
seg002:1B81
seg002:1B81 loc_12D51:                              ; CODE XREF: __nrealloc+25↑j
seg002:1B81                                         ; __nrealloc+4A↑j ...
seg002:1B81                 pop     di
seg002:1B82                 pop     si
seg002:1B83                 pop     bp
seg002:1B84                 retf
seg002:1B84 __nrealloc      endp
seg002:1B84
seg002:1B84 ; ---------------------------------------------------------------------------
seg002:1B85                 align 2
seg002:1B86
seg002:1B86 ; =============== S U B R O U T I N E =======================================
seg002:1B86
seg002:1B86 ; Attributes: thunk
seg002:1B86
seg002:1B86 ; void near *__cdecl j___nrealloc(void near *, size_t)
seg002:1B86 j___nrealloc    proc far                ; CODE XREF: sub_10FA6+9D↑P
seg002:1B86                                         ; sub_13254+21↓P ...
seg002:1B86                 jmp     __nrealloc
seg002:1B86 j___nrealloc    endp
seg002:1B86
seg002:1B86 ; ---------------------------------------------------------------------------
seg002:1B8B                 align 2
seg002:1B8C
seg002:1B8C ; =============== S U B R O U T I N E =======================================
seg002:1B8C
seg002:1B8C ; Attributes: library function bp-based frame
seg002:1B8C
seg002:1B8C __resize        proc near               ; CODE XREF: __nrealloc+18↑p
seg002:1B8C                                         ; __nrealloc:loc_12D3A↑p
seg002:1B8C
seg002:1B8C var_2           = word ptr -2
seg002:1B8C
seg002:1B8C                 push    bp
seg002:1B8D                 mov     bp, sp
seg002:1B8F                 sub     sp, 2
seg002:1B92                 push    si
seg002:1B93                 push    di
seg002:1B94                 cld
seg002:1B95                 mov     [bp+var_2], 0
seg002:1B9A                 inc     cx
seg002:1B9B                 jz      short loc_12D72
seg002:1B9D                 and     cl, 0FEh
seg002:1BA0                 jmp     short loc_12D73
seg002:1BA2 ; ---------------------------------------------------------------------------
seg002:1BA2
seg002:1BA2 loc_12D72:                              ; CODE XREF: __resize+F↑j
seg002:1BA2                 dec     cx
seg002:1BA3
seg002:1BA3 loc_12D73:                              ; CODE XREF: __resize+14↑j
seg002:1BA3                 dec     si
seg002:1BA4                 dec     si
seg002:1BA5                 mov     di, si
seg002:1BA7                 lodsw
seg002:1BA8                 push    ax
seg002:1BA9                 and     al, 0FEh
seg002:1BAB                 mov     [di], ax
seg002:1BAD                 mov     dx, ax
seg002:1BAF
seg002:1BAF loc_12D7F:                              ; CODE XREF: __resize+36↓j
seg002:1BAF                                         ; __resize+7C↓j
seg002:1BAF                 cmp     dx, cx
seg002:1BB1                 jnb     short loc_12DEB
seg002:1BB3                 add     si, ax
seg002:1BB5                 jb      short loc_12DE1
seg002:1BB7                 lodsw
seg002:1BB8                 test    al, 1
seg002:1BBA                 jz      short loc_12D94
seg002:1BBC                 add     dx, ax
seg002:1BBE                 inc     dx
seg002:1BBF                 mov     [di], dx
seg002:1BC1                 dec     ax
seg002:1BC2                 jmp     short loc_12D7F
seg002:1BC4 ; ---------------------------------------------------------------------------
seg002:1BC4
seg002:1BC4 loc_12D94:                              ; CODE XREF: __resize+2E↑j
seg002:1BC4                 cmp     ax, 0FFFEh
seg002:1BC7                 jnz     short loc_12DDA
seg002:1BC9                 test    byte ptr [bx+2], 1
seg002:1BCD                 jz      short loc_12DDA
seg002:1BCF                 lea     ax, [di+4]
seg002:1BD2                 add     ax, cx
seg002:1BD4                 jnb     short loc_12DAD
seg002:1BD6                 mov     [bp+var_2], 1
seg002:1BDB                 sub     cx, ax
seg002:1BDD
seg002:1BDD loc_12DAD:                              ; CODE XREF: __resize+48↑j
seg002:1BDD                 inc     word ptr [di]
seg002:1BDF                 cmp     di, [bx+8]
seg002:1BE2                 jnb     short loc_12DB7
seg002:1BE4                 mov     [bx+8], di
seg002:1BE7
seg002:1BE7 loc_12DB7:                              ; CODE XREF: __resize+56↑j
seg002:1BE7                                         ; __resize+73↓j
seg002:1BE7                 push    dx
seg002:1BE8                 push    si
seg002:1BE9                 call    __growseg
seg002:1BEC                 pop     si
seg002:1BED                 pop     dx
seg002:1BEE                 jnb     short loc_12DD1
seg002:1BF0                 mov     [bp+var_2], 1
seg002:1BF5                 cmp     cx, 10h
seg002:1BF8                 jb      short loc_12DDA
seg002:1BFA                 shr     cx, 1
seg002:1BFC                 adc     cx, 0
seg002:1BFF                 jmp     short loc_12DB7
seg002:1C01 ; ---------------------------------------------------------------------------
seg002:1C01
seg002:1C01 loc_12DD1:                              ; CODE XREF: __resize+62↑j
seg002:1C01                 dec     word ptr [di]
seg002:1C03                 lea     si, [di+2]
seg002:1C06                 mov     ax, dx
seg002:1C08                 jmp     short loc_12D7F
seg002:1C0A ; ---------------------------------------------------------------------------
seg002:1C0A
seg002:1C0A loc_12DDA:                              ; CODE XREF: __resize+3B↑j
seg002:1C0A                                         ; __resize+41↑j ...
seg002:1C0A                 mov     ax, 1
seg002:1C0D                 dec     si
seg002:1C0E                 dec     si
seg002:1C0F                 jmp     short loc_12E04
seg002:1C11 ; ---------------------------------------------------------------------------
seg002:1C11
seg002:1C11 loc_12DE1:                              ; CODE XREF: __resize+29↑j
seg002:1C11                                         ; __resize+A0↓j
seg002:1C11                 pop     dx
seg002:1C12                 stc
seg002:1C13                 jmp     short loc_12E1E
seg002:1C15 ; ---------------------------------------------------------------------------
seg002:1C15
seg002:1C15 loc_12DE5:                              ; CODE XREF: __resize+94↓j
seg002:1C15                 inc     si
seg002:1C16                 inc     si
seg002:1C17                 add     si, cx
seg002:1C19                 jmp     short loc_12E04
seg002:1C1B ; ---------------------------------------------------------------------------
seg002:1C1B
seg002:1C1B loc_12DEB:                              ; CODE XREF: __resize+25↑j
seg002:1C1B                 mov     ax, [bp+var_2]
seg002:1C1E                 mov     si, di
seg002:1C20                 jz      short loc_12DE5
seg002:1C22                 or      ax, ax
seg002:1C24                 jnz     short loc_12E04
seg002:1C26                 mov     [di], cx
seg002:1C28                 inc     si
seg002:1C29                 inc     si
seg002:1C2A                 add     si, cx
seg002:1C2C                 jb      short loc_12DE1
seg002:1C2E                 sub     dx, cx
seg002:1C30                 dec     dx
seg002:1C31                 mov     [si], dx
seg002:1C33                 dec     dx
seg002:1C34
seg002:1C34 loc_12E04:                              ; CODE XREF: __resize+83↑j
seg002:1C34                                         ; __resize+8D↑j ...
seg002:1C34                 pop     cx
seg002:1C35                 xchg    ax, cx
seg002:1C36                 and     ax, 1
seg002:1C39                 and     word ptr [di], 0FFFEh
seg002:1C3C                 or      [di], ax
seg002:1C3E                 mov     dx, [bx+8]
seg002:1C41                 cmp     di, dx
seg002:1C43                 jnb     short loc_12E1C
seg002:1C45                 cmp     si, dx
seg002:1C47                 jbe     short loc_12E1C
seg002:1C49                 mov     [bx+8], di
seg002:1C4C
seg002:1C4C loc_12E1C:                              ; CODE XREF: __resize+B7↑j
seg002:1C4C                                         ; __resize+BB↑j
seg002:1C4C                 neg     cx
seg002:1C4E
seg002:1C4E loc_12E1E:                              ; CODE XREF: __resize+87↑j
seg002:1C4E                 pop     di
seg002:1C4F                 pop     si
seg002:1C50                 mov     sp, bp
seg002:1C52                 pop     bp
seg002:1C53                 retn
seg002:1C53 __resize        endp
seg002:1C53
seg002:1C54
seg002:1C54 ; =============== S U B R O U T I N E =======================================
seg002:1C54
seg002:1C54 ; Attributes: library function bp-based frame
seg002:1C54
seg002:1C54 ; int __cdecl inp(unsigned int)
seg002:1C54 _inp            proc far                ; CODE XREF: sub_10BA6+1F↑P
seg002:1C54                                         ; sub_10BA6+32↑P
seg002:1C54
seg002:1C54 arg_0           = word ptr  6
seg002:1C54
seg002:1C54                 push    bp
seg002:1C55                 mov     bp, sp
seg002:1C57                 mov     dx, [bp+arg_0]
seg002:1C5A                 in      al, dx
seg002:1C5B                 xor     ah, ah
seg002:1C5D                 mov     sp, bp
seg002:1C5F                 pop     bp
seg002:1C60                 retf
seg002:1C60 _inp            endp
seg002:1C60
seg002:1C60 ; ---------------------------------------------------------------------------
seg002:1C61                 align 2
seg002:1C62
seg002:1C62 ; =============== S U B R O U T I N E =======================================
seg002:1C62
seg002:1C62 ; Attributes: library function bp-based frame
seg002:1C62
seg002:1C62 ; void *__cdecl memcpy(void *, const void *, size_t)
seg002:1C62 _memcpy         proc far                ; CODE XREF: seg000:0602↑P
seg002:1C62                                         ; seg000:0652↑P ...
seg002:1C62
seg002:1C62 arg_0           = dword ptr  6
seg002:1C62 arg_4           = dword ptr  0Ah
seg002:1C62
seg002:1C62                 push    bp
seg002:1C63                 mov     bp, sp
seg002:1C65                 mov     dx, di
seg002:1C67                 mov     bx, si
seg002:1C69                 mov     ax, ds
seg002:1C6B                 mov     es, ax
seg002:1C6D                 mov     si, word ptr [bp+arg_0+2]
seg002:1C70                 mov     di, word ptr [bp+arg_0]
seg002:1C73                 mov     ax, di
seg002:1C75                 mov     cx, word ptr [bp+arg_4]
seg002:1C78                 jcxz    short loc_12E58
seg002:1C7A                 test    al, 1
seg002:1C7C                 jz      short loc_12E50
seg002:1C7E                 movsb
seg002:1C7F                 dec     cx
seg002:1C80
seg002:1C80 loc_12E50:                              ; CODE XREF: _memcpy+1A↑j
seg002:1C80                 shr     cx, 1
seg002:1C82                 rep movsw
seg002:1C84                 adc     cx, cx
seg002:1C86                 rep movsb
seg002:1C88
seg002:1C88 loc_12E58:                              ; CODE XREF: _memcpy+16↑j
seg002:1C88                 mov     si, bx
seg002:1C8A                 mov     di, dx
seg002:1C8C                 pop     bp
seg002:1C8D                 retf
seg002:1C8D _memcpy         endp
seg002:1C8D
seg002:1C8E
seg002:1C8E ; =============== S U B R O U T I N E =======================================
seg002:1C8E
seg002:1C8E ; Attributes: library function bp-based frame
seg002:1C8E
seg002:1C8E ; void *__cdecl memset(void *, int, size_t)
seg002:1C8E _memset         proc far                ; CODE XREF: sub_1011E+1F↑P
seg002:1C8E                                         ; sub_13DE6+129↓P
seg002:1C8E
seg002:1C8E arg_0           = dword ptr  6
seg002:1C8E arg_4           = word ptr  0Ah
seg002:1C8E
seg002:1C8E                 push    bp
seg002:1C8F                 mov     bp, sp
seg002:1C91                 mov     dx, di
seg002:1C93                 mov     ax, ds
seg002:1C95                 mov     es, ax
seg002:1C97                 mov     di, word ptr [bp+arg_0]
seg002:1C9A                 mov     bx, di
seg002:1C9C                 mov     cx, [bp+arg_4]
seg002:1C9F                 jcxz    short loc_12E86
seg002:1CA1                 mov     al, byte ptr [bp+arg_0+2]
seg002:1CA4                 mov     ah, al
seg002:1CA6                 test    di, 1
seg002:1CAA                 jz      short loc_12E7E
seg002:1CAC                 stosb
seg002:1CAD                 dec     cx
seg002:1CAE
seg002:1CAE loc_12E7E:                              ; CODE XREF: _memset+1C↑j
seg002:1CAE                 shr     cx, 1
seg002:1CB0                 rep stosw
seg002:1CB2                 adc     cx, cx
seg002:1CB4                 rep stosb
seg002:1CB6
seg002:1CB6 loc_12E86:                              ; CODE XREF: _memset+11↑j
seg002:1CB6                 mov     di, dx
seg002:1CB8                 xchg    ax, bx
seg002:1CB9                 pop     bp
seg002:1CBA                 retf
seg002:1CBA _memset         endp
seg002:1CBA
seg002:1CBA ; ---------------------------------------------------------------------------
seg002:1CBB                 align 2
seg002:1CBC
seg002:1CBC __cltoasub:
seg002:1CBC                 mov     cx, [bp+0Ch]
seg002:1CBF                 mov     ax, [bp+6]
seg002:1CC2                 mov     dx, [bp+8]
seg002:1CC5                 mov     di, [bp+0Ah]
seg002:1CC8 ; START OF FUNCTION CHUNK FOR _itoa
seg002:1CC8
seg002:1CC8 __cxtoa:                                ; CODE XREF: _itoa+18↑j
seg002:1CC8                 push    di
seg002:1CC9                 push    ds
seg002:1CCA                 pop     es
seg002:1CCB                 cld
seg002:1CCC                 xchg    ax, bx
seg002:1CCD                 or      al, al
seg002:1CCF                 jz      short loc_12EB4
seg002:1CD1                 cmp     cx, 0Ah
seg002:1CD4                 jnz     short loc_12EB4
seg002:1CD6                 or      dx, dx
seg002:1CD8                 jns     short loc_12EB4
seg002:1CDA                 mov     al, 2Dh ; '-'
seg002:1CDC                 stosb
seg002:1CDD                 neg     bx
seg002:1CDF                 adc     dx, 0
seg002:1CE2                 neg     dx
seg002:1CE4
seg002:1CE4 loc_12EB4:                              ; CODE XREF: _itoa+523↑j
seg002:1CE4                                         ; _itoa+528↑j ...
seg002:1CE4                 mov     si, di
seg002:1CE6
seg002:1CE6 loc_12EB6:                              ; CODE XREF: _itoa+556↓j
seg002:1CE6                 xchg    ax, dx
seg002:1CE7                 xor     dx, dx
seg002:1CE9                 or      ax, ax
seg002:1CEB                 jz      short loc_12EBF
seg002:1CED                 div     cx
seg002:1CEF
seg002:1CEF loc_12EBF:                              ; CODE XREF: _itoa+53F↑j
seg002:1CEF                 xchg    ax, bx
seg002:1CF0                 div     cx
seg002:1CF2                 xchg    ax, dx
seg002:1CF3                 xchg    dx, bx
seg002:1CF5                 add     al, 30h ; '0'
seg002:1CF7                 cmp     al, 39h ; '9'
seg002:1CF9                 jbe     short loc_12ECD
seg002:1CFB                 add     al, 27h ; '''
seg002:1CFD
seg002:1CFD loc_12ECD:                              ; CODE XREF: _itoa+54D↑j
seg002:1CFD                 stosb
seg002:1CFE                 mov     ax, dx
seg002:1D00                 or      ax, bx
seg002:1D02                 jnz     short loc_12EB6
seg002:1D04                 mov     [di], al
seg002:1D06
seg002:1D06 loc_12ED6:                              ; CODE XREF: _itoa+566↓j
seg002:1D06                 dec     di
seg002:1D07                 lodsb
seg002:1D08                 xchg    al, [di]
seg002:1D0A                 mov     [si-1], al
seg002:1D0D                 lea     ax, [si+1]
seg002:1D10                 cmp     ax, di
seg002:1D12                 jb      short loc_12ED6
seg002:1D14                 pop     ax
seg002:1D15                 pop     di
seg002:1D16                 pop     si
seg002:1D17                 mov     sp, bp
seg002:1D19                 pop     bp
seg002:1D1A                 retf
seg002:1D1A ; END OF FUNCTION CHUNK FOR _itoa
seg002:1D1A ; ---------------------------------------------------------------------------
seg002:1D1B                 align 2
seg002:1D1C
seg002:1D1C ; =============== S U B R O U T I N E =======================================
seg002:1D1C
seg002:1D1C ; Attributes: library function bp-based frame
seg002:1D1C
seg002:1D1C ; int __cdecl remove(const char *)
seg002:1D1C _remove         proc far                ; CODE XREF: _fclose+9F↑P
seg002:1D1C
seg002:1D1C arg_0           = dword ptr  6
seg002:1D1C
seg002:1D1C ; FUNCTION CHUNK AT seg002:05A6 SIZE 00000008 BYTES
seg002:1D1C
seg002:1D1C                 push    bp
seg002:1D1D                 mov     bp, sp
seg002:1D1F                 mov     dx, word ptr [bp+arg_0]
seg002:1D22                 mov     ah, 41h
seg002:1D24                 int     21h             ; DOS - 2+ - DELETE A FILE (UNLINK)
seg002:1D24                                         ; DS:DX -> ASCIZ pathname of file to delete (no wildcards allowed)
seg002:1D26                 jmp     __dosret0
seg002:1D26 _remove         endp
seg002:1D26
seg002:1D26 ; ---------------------------------------------------------------------------
seg002:1D29                 align 2
seg002:1D2A
seg002:1D2A ; =============== S U B R O U T I N E =======================================
seg002:1D2A
seg002:1D2A ; Attributes: library function bp-based frame
seg002:1D2A
seg002:1D2A ; unsigned int __cdecl _bios_keybrd(unsigned int)
seg002:1D2A __bios_keybrd   proc far                ; CODE XREF: sub_12FBA+E↓P
seg002:1D2A                                         ; seg004:0060↓P ...
seg002:1D2A
seg002:1D2A arg_0           = word ptr  6
seg002:1D2A
seg002:1D2A                 push    bp
seg002:1D2B                 mov     bp, sp
seg002:1D2D                 mov     ah, byte ptr [bp+arg_0]
seg002:1D30                 mov     dl, ah
seg002:1D32                 and     dl, 0Fh
seg002:1D35                 int     16h             ; KEYBOARD -
seg002:1D37                 jnz     short loc_12F12
seg002:1D39                 cmp     dl, 1
seg002:1D3C                 jnz     short loc_12F12
seg002:1D3E                 xor     ax, ax
seg002:1D40                 jmp     short loc_12F1C
seg002:1D42 ; ---------------------------------------------------------------------------
seg002:1D42
seg002:1D42 loc_12F12:                              ; CODE XREF: __bios_keybrd+D↑j
seg002:1D42                                         ; __bios_keybrd+12↑j
seg002:1D42                 cmp     dl, 2
seg002:1D45                 jz      short loc_12F1C
seg002:1D47                 or      ax, ax
seg002:1D49                 jnz     short loc_12F1C
seg002:1D4B                 dec     ax
seg002:1D4C
seg002:1D4C loc_12F1C:                              ; CODE XREF: __bios_keybrd+16↑j
seg002:1D4C                                         ; __bios_keybrd+1B↑j ...
seg002:1D4C                 pop     bp
seg002:1D4D                 retf
seg002:1D4D __bios_keybrd   endp
seg002:1D4D
seg002:1D4E
seg002:1D4E ; =============== S U B R O U T I N E =======================================
seg002:1D4E
seg002:1D4E ; Attributes: library function bp-based frame
seg002:1D4E
seg002:1D4E ; unsigned int __cdecl _dos_findnext(struct _find_t *)
seg002:1D4E __dos_findnext  proc far                ; CODE XREF: sub_10D3E+FD↑P
seg002:1D4E
seg002:1D4E arg_0           = dword ptr  6
seg002:1D4E
seg002:1D4E                 push    bp
seg002:1D4F                 mov     bp, sp
seg002:1D51                 push    ds
seg002:1D52                 mov     al, 4Fh ; 'O'
seg002:1D54                 mov     dx, word ptr [bp+arg_0]
seg002:1D57                 jmp     short loc_12F32
seg002:1D57 __dos_findnext  endp
seg002:1D57
seg002:1D59
seg002:1D59 ; =============== S U B R O U T I N E =======================================
seg002:1D59
seg002:1D59 ; Attributes: library function bp-based frame
seg002:1D59
seg002:1D59 ; unsigned int __cdecl _dos_findfirst(const char *, unsigned int, struct _find_t *)
seg002:1D59 __dos_findfirst proc far                ; CODE XREF: sub_10D3E+1E↑P
seg002:1D59
seg002:1D59 arg_0           = dword ptr  6
seg002:1D59 arg_4           = word ptr  0Ah
seg002:1D59
seg002:1D59 ; FUNCTION CHUNK AT seg002:05AE SIZE 0000000D BYTES
seg002:1D59
seg002:1D59                 push    bp
seg002:1D5A                 mov     bp, sp
seg002:1D5C                 push    ds
seg002:1D5D                 mov     al, 4Eh ; 'N'
seg002:1D5F                 mov     dx, [bp+arg_4]
seg002:1D62
seg002:1D62 loc_12F32:                              ; CODE XREF: __dos_findnext+9↑j
seg002:1D62                 mov     ah, 2Fh
seg002:1D64                 int     21h             ; DOS - GET DISK TRANSFER AREA ADDRESS
seg002:1D64                                         ; Return: ES:BX -> DTA
seg002:1D66                 mov     ah, 1Ah
seg002:1D68                 int     21h             ; DOS - SET DISK TRANSFER AREA ADDRESS
seg002:1D68                                         ; DS:DX -> disk transfer buffer
seg002:1D6A                 cmp     al, 4Eh ; 'N'
seg002:1D6C                 jnz     short loc_12F44
seg002:1D6E                 mov     dx, word ptr [bp+arg_0]
seg002:1D71                 mov     cx, word ptr [bp+arg_0+2]
seg002:1D74
seg002:1D74 loc_12F44:                              ; CODE XREF: __dos_findfirst+13↑j
seg002:1D74                 mov     ah, al
seg002:1D76                 int     21h             ; DOS -
seg002:1D78                 push    ax
seg002:1D79                 lahf
seg002:1D7A                 push    ax
seg002:1D7B                 mov     dx, es
seg002:1D7D                 mov     ds, dx
seg002:1D7F                 mov     dx, bx
seg002:1D81                 mov     ah, 1Ah
seg002:1D83                 int     21h             ; DOS - SET DISK TRANSFER AREA ADDRESS
seg002:1D83                                         ; DS:DX -> disk transfer buffer
seg002:1D85                 pop     ax
seg002:1D86                 sahf
seg002:1D87                 pop     ax
seg002:1D88                 pop     ds
seg002:1D89                 jmp     __dosreturn
seg002:1D89 __dos_findfirst endp
seg002:1D89
seg002:1D89 seg002          ends
seg002:1D89
seg003:000C ; ===========================================================================
seg003:000C
seg003:000C ; Segment type: Pure code
seg003:000C seg003          segment byte public 'CODE' use16
seg003:000C                 assume cs:seg003
seg003:000C                 ;org 0Ch
seg003:000C                 assume es:nothing, ss:nothing, ds:dseg, fs:nothing, gs:nothing
seg003:000C
seg003:000C ; =============== S U B R O U T I N E =======================================
seg003:000C
seg003:000C
seg003:000C sub_12F5C       proc far                ; CODE XREF: sub_10C06+10↑P
seg003:000C                 mov     dx, 201h
seg003:000F                 in      al, dx          ; Game I/O port
seg003:000F                                         ; bits 0-3: Coordinates (resistive, time-dependent inputs)
seg003:000F                                         ; bits 4-7: Buttons/Triggers (digital inputs)
seg003:0010                 not     al
seg003:0012                 shr     al, 1
seg003:0014                 shr     al, 1
seg003:0016                 shr     al, 1
seg003:0018                 shr     al, 1
seg003:001A                 and     al, byte ptr word_15F50
seg003:001E                 xor     ah, ah
seg003:0020                 mov     word_15F7C, ax
seg003:0023                 xor     bx, bx
seg003:0025                 xor     cx, cx
seg003:0027                 xor     di, di
seg003:0029                 xor     si, si
seg003:002B                 push    bp
seg003:002C                 mov     bp, 7530h
seg003:002F                 cli
seg003:0030                 out     dx, al          ; Game I/O port
seg003:0030                                         ; bits 0-3: Coordinates (resistive, time-dependent inputs)
seg003:0030                                         ; bits 4-7: Buttons/Triggers (digital inputs)
seg003:0031                 jmp     short $+2
seg003:0033 ; ---------------------------------------------------------------------------
seg003:0033
seg003:0033 loc_12F83:                              ; CODE XREF: sub_12F5C+25↑j
seg003:0033                 jmp     short $+2
seg003:0035 ; ---------------------------------------------------------------------------
seg003:0035
seg003:0035 loc_12F85:                              ; CODE XREF: sub_12F5C:loc_12F83↑j
seg003:0035                                         ; sub_12F5C+45↓j
seg003:0035                 in      al, dx          ; Game I/O port
seg003:0035                                         ; bits 0-3: Coordinates (resistive, time-dependent inputs)
seg003:0035                                         ; bits 4-7: Buttons/Triggers (digital inputs)
seg003:0036                 and     al, byte ptr word_15F50
seg003:003A                 jz      short loc_12FA3
seg003:003C                 ror     al, 1
seg003:003E                 adc     bx, 0
seg003:0041                 ror     al, 1
seg003:0043                 adc     cx, 0
seg003:0046                 ror     al, 1
seg003:0048                 adc     di, 0
seg003:004B                 ror     al, 1
seg003:004D                 adc     si, 0
seg003:0050                 dec     bp
seg003:0051                 jnz     short loc_12F85
seg003:0053
seg003:0053 loc_12FA3:                              ; CODE XREF: sub_12F5C+2E↑j
seg003:0053                 pop     bp
seg003:0054                 sti
seg003:0055                 mov     word_1618A, bx
seg003:0059                 mov     word_1618C, cx
seg003:005D                 mov     word_16198, di
seg003:0061                 mov     word_1619A, si
seg003:0065                 mov     ax, word_15F7C
seg003:0068                 retf
seg003:0068 sub_12F5C       endp
seg003:0068
seg003:0068 seg003          ends
seg003:0068
seg004:0009 ; ===========================================================================
seg004:0009
seg004:0009 ; Segment type: Pure code
seg004:0009 seg004          segment byte public 'CODE' use16
seg004:0009                 assume cs:seg004
seg004:0009                 ;org 9
seg004:0009                 assume es:nothing, ss:nothing, ds:dseg, fs:nothing, gs:nothing
seg004:0009                 align 2
seg004:000A
seg004:000A ; =============== S U B R O U T I N E =======================================
seg004:000A
seg004:000A ; Attributes: bp-based frame
seg004:000A
seg004:000A sub_12FBA       proc far                ; CODE XREF: sub_13F7E+31↓P
seg004:000A
seg004:000A var_2           = word ptr -2
seg004:000A
seg004:000A                 push    bp
seg004:000B                 mov     bp, sp
seg004:000D                 mov     ax, 2
seg004:0010                 call    __aFchkstk
seg004:0015                 sub     ax, ax
seg004:0017                 push    ax              ; unsigned int
seg004:0018                 call    __bios_keybrd
seg004:001D                 add     sp, 2
seg004:0020                 mov     [bp+var_2], ax
seg004:0023                 or      ax, ax
seg004:0025                 jz      short loc_12FDB
seg004:0027                 test    al, 0FFh
seg004:0029                 jz      short loc_12FE2
seg004:002B
seg004:002B loc_12FDB:                              ; CODE XREF: sub_12FBA+1B↑j
seg004:002B                 mov     al, byte ptr [bp+var_2]
seg004:002E                 sub     ah, ah
seg004:0030                 jmp     short loc_12FF3
seg004:0032 ; ---------------------------------------------------------------------------
seg004:0032
seg004:0032 loc_12FE2:                              ; CODE XREF: sub_12FBA+1F↑j
seg004:0032                 cwd
seg004:0033                 xor     ax, dx
seg004:0035                 sub     ax, dx
seg004:0037                 mov     cx, 8
seg004:003A                 sar     ax, cl
seg004:003C                 xor     ax, dx
seg004:003E                 sub     ax, dx
seg004:0040                 add     ah, 1
seg004:0043
seg004:0043 loc_12FF3:                              ; CODE XREF: sub_12FBA+26↑j
seg004:0043                 mov     sp, bp
seg004:0045                 pop     bp
seg004:0046                 retf
seg004:0046 sub_12FBA       endp
seg004:0046
seg004:0047 ; ---------------------------------------------------------------------------
seg004:0047                 mov     sp, bp
seg004:0049                 pop     bp
seg004:004A                 retf
seg004:004A ; ---------------------------------------------------------------------------
seg004:004B                 align 2
seg004:004C                 push    bp
seg004:004D                 mov     bp, sp
seg004:004F                 mov     ax, 2
seg004:0052                 call    __aFchkstk
seg004:0057                 mov     word ptr [bp-2], 0
seg004:005C
seg004:005C loc_1300C:                              ; CODE XREF: seg004:007A↓j
seg004:005C                 mov     ax, 1
seg004:005F                 push    ax
seg004:0060                 call    __bios_keybrd
seg004:0065                 add     sp, 2
seg004:0068                 or      ax, ax
seg004:006A                 jz      short loc_1302C
seg004:006C                 sub     ax, ax
seg004:006E                 push    ax
seg004:006F                 call    __bios_keybrd
seg004:0074                 add     sp, 2
seg004:0077                 mov     [bp-2], ax
seg004:007A                 jmp     short loc_1300C
seg004:007C ; ---------------------------------------------------------------------------
seg004:007C
seg004:007C loc_1302C:                              ; CODE XREF: seg004:006A↑j
seg004:007C                 cmp     word ptr [bp-2], 0
seg004:0080                 jz      short loc_13038
seg004:0082                 test    byte ptr [bp-2], 0FFh
seg004:0086                 jz      short loc_13040
seg004:0088
seg004:0088 loc_13038:                              ; CODE XREF: seg004:0080↑j
seg004:0088                 mov     al, [bp-2]
seg004:008B                 sub     ah, ah
seg004:008D                 jmp     short loc_13054
seg004:008D ; ---------------------------------------------------------------------------
seg004:008F                 align 2
seg004:0090
seg004:0090 loc_13040:                              ; CODE XREF: seg004:0086↑j
seg004:0090                 mov     ax, [bp-2]
seg004:0093                 cwd
seg004:0094                 xor     ax, dx
seg004:0096                 sub     ax, dx
seg004:0098                 mov     cx, 8
seg004:009B                 sar     ax, cl
seg004:009D                 xor     ax, dx
seg004:009F                 sub     ax, dx
seg004:00A1                 add     ah, 1
seg004:00A4
seg004:00A4 loc_13054:                              ; CODE XREF: seg004:008D↑j
seg004:00A4                 mov     sp, bp
seg004:00A6                 pop     bp
seg004:00A7                 retf
seg004:00A8 ; ---------------------------------------------------------------------------
seg004:00A8                 mov     sp, bp
seg004:00AA                 pop     bp
seg004:00AB                 retf
seg004:00AC ; ---------------------------------------------------------------------------
seg004:00AC                 push    bp
seg004:00AD                 mov     bp, sp
seg004:00AF                 mov     ax, 2
seg004:00B2                 call    __aFchkstk
seg004:00B7                 mov     ax, 1
seg004:00BA                 push    ax
seg004:00BB                 call    __bios_keybrd
seg004:00C0                 add     sp, 2
seg004:00C3                 mov     [bp-2], ax
seg004:00C6                 or      ax, ax
seg004:00C8                 jz      short loc_1307E
seg004:00CA                 test    al, 0FFh
seg004:00CC                 jz      short loc_13086
seg004:00CE
seg004:00CE loc_1307E:                              ; CODE XREF: seg004:00C8↑j
seg004:00CE                 mov     al, [bp-2]
seg004:00D1                 sub     ah, ah
seg004:00D3                 jmp     short loc_13097
seg004:00D3 ; ---------------------------------------------------------------------------
seg004:00D5                 align 2
seg004:00D6
seg004:00D6 loc_13086:                              ; CODE XREF: seg004:00CC↑j
seg004:00D6                 cwd
seg004:00D7                 xor     ax, dx
seg004:00D9                 sub     ax, dx
seg004:00DB                 mov     cx, 8
seg004:00DE                 sar     ax, cl
seg004:00E0                 xor     ax, dx
seg004:00E2                 sub     ax, dx
seg004:00E4                 add     ah, 1
seg004:00E7
seg004:00E7 loc_13097:                              ; CODE XREF: seg004:00D3↑j
seg004:00E7                 mov     sp, bp
seg004:00E9                 pop     bp
seg004:00EA                 retf
seg004:00EB ; ---------------------------------------------------------------------------
seg004:00EB                 mov     sp, bp
seg004:00ED                 pop     bp
seg004:00EE                 retf
seg004:00EE ; ---------------------------------------------------------------------------
seg004:00EF                 align 2
seg004:00F0
seg004:00F0 ; =============== S U B R O U T I N E =======================================
seg004:00F0
seg004:00F0 ; Attributes: bp-based frame
seg004:00F0
seg004:00F0 sub_130A0       proc far                ; CODE XREF: sub_10B2C:loc_10B48↑P
seg004:00F0
seg004:00F0 var_2           = word ptr -2
seg004:00F0
seg004:00F0                 push    bp
seg004:00F1                 mov     bp, sp
seg004:00F3                 mov     ax, 2
seg004:00F6                 call    __aFchkstk
seg004:00FB                 mov     [bp+var_2], 0
seg004:0100                 mov     ax, 1
seg004:0103                 push    ax              ; unsigned int
seg004:0104                 call    __bios_keybrd
seg004:0109                 add     sp, 2
seg004:010C                 or      ax, ax
seg004:010E                 jz      short loc_130CE
seg004:0110                 sub     ax, ax
seg004:0112                 push    ax              ; unsigned int
seg004:0113                 call    __bios_keybrd
seg004:0118                 add     sp, 2
seg004:011B                 mov     [bp+var_2], ax
seg004:011E
seg004:011E loc_130CE:                              ; CODE XREF: sub_130A0+1E↑j
seg004:011E                 cmp     [bp+var_2], 0
seg004:0122                 jz      short loc_130DA
seg004:0124                 test    byte ptr [bp+var_2], 0FFh
seg004:0128                 jz      short loc_130E2
seg004:012A
seg004:012A loc_130DA:                              ; CODE XREF: sub_130A0+32↑j
seg004:012A                 mov     al, byte ptr [bp+var_2]
seg004:012D                 sub     ah, ah
seg004:012F                 jmp     short loc_130F6
seg004:012F ; ---------------------------------------------------------------------------
seg004:0131                 align 2
seg004:0132
seg004:0132 loc_130E2:                              ; CODE XREF: sub_130A0+38↑j
seg004:0132                 mov     ax, [bp+var_2]
seg004:0135                 cwd
seg004:0136                 xor     ax, dx
seg004:0138                 sub     ax, dx
seg004:013A                 mov     cx, 8
seg004:013D                 sar     ax, cl
seg004:013F                 xor     ax, dx
seg004:0141                 sub     ax, dx
seg004:0143                 add     ah, 1
seg004:0146
seg004:0146 loc_130F6:                              ; CODE XREF: sub_130A0+3F↑j
seg004:0146                 mov     sp, bp
seg004:0148                 pop     bp
seg004:0149                 retf
seg004:0149 sub_130A0       endp
seg004:0149
seg004:0149 seg004          ends
seg004:0149
seg005:000A ; ---------------------------------------------------------------------------
seg005:000A ; ===========================================================================
seg005:000A
seg005:000A ; Segment type: Pure code
seg005:000A seg005          segment byte public 'CODE' use16
seg005:000A                 assume cs:seg005
seg005:000A                 ;org 0Ah
seg005:000A                 assume es:nothing, ss:nothing, ds:dseg, fs:nothing, gs:nothing
seg005:000A                 mov     sp, bp
seg005:000C                 pop     bp
seg005:000D                 retf
seg005:000E
seg005:000E ; =============== S U B R O U T I N E =======================================
seg005:000E
seg005:000E ; Attributes: bp-based frame
seg005:000E
seg005:000E sub_130FE       proc far                ; CODE XREF: sub_107FE+48↑P
seg005:000E                                         ; sub_107FE+79↑P ...
seg005:000E
seg005:000E arg_0           = word ptr  6
seg005:000E
seg005:000E                 push    bp
seg005:000F                 mov     bp, sp
seg005:0011                 xor     ax, ax
seg005:0013                 call    __aFchkstk
seg005:0018                 mov     ax, [bp+arg_0]
seg005:001B                 mov     word_14F98, ax
seg005:001E                 leave
seg005:001F                 retf
seg005:001F sub_130FE       endp
seg005:001F
seg005:0020
seg005:0020 ; =============== S U B R O U T I N E =======================================
seg005:0020
seg005:0020 ; Attributes: bp-based frame
seg005:0020
seg005:0020 sub_13110       proc far                ; CODE XREF: sub_13838+1F↓p
seg005:0020                                         ; sub_1386E+44↓P ...
seg005:0020
seg005:0020 var_8           = word ptr -8
seg005:0020 var_6           = word ptr -6
seg005:0020 var_4           = word ptr -4
seg005:0020 var_2           = word ptr -2
seg005:0020 arg_0           = word ptr  6
seg005:0020 arg_2           = word ptr  8
seg005:0020
seg005:0020                 push    bp
seg005:0021                 mov     bp, sp
seg005:0023                 mov     ax, 8
seg005:0026                 call    __aFchkstk
seg005:002B                 mov     ax, [bp+arg_0]
seg005:002E                 cmp     word_14F8E, ax
seg005:0032                 jle     short loc_13130
seg005:0034                 mov     [bp+var_6], ax
seg005:0037                 mov     ax, word_14F8E
seg005:003A                 mov     [bp+var_8], ax
seg005:003D                 jmp     short loc_1313C
seg005:003D ; ---------------------------------------------------------------------------
seg005:003F                 align 2
seg005:0040
seg005:0040 loc_13130:                              ; CODE XREF: sub_13110+12↑j
seg005:0040                 mov     ax, word_14F8E
seg005:0043                 mov     [bp+var_6], ax
seg005:0046                 mov     ax, [bp+arg_0]
seg005:0049                 mov     [bp+var_8], ax
seg005:004C
seg005:004C loc_1313C:                              ; CODE XREF: sub_13110+1D↑j
seg005:004C                 mov     ax, [bp+arg_2]
seg005:004F                 cmp     word_14F90, ax
seg005:0053                 jle     short loc_13150
seg005:0055                 mov     [bp+var_2], ax
seg005:0058                 mov     ax, word_14F90
seg005:005B                 mov     [bp+var_4], ax
seg005:005E                 jmp     short loc_1315C
seg005:0060 ; ---------------------------------------------------------------------------
seg005:0060
seg005:0060 loc_13150:                              ; CODE XREF: sub_13110+33↑j
seg005:0060                 mov     ax, word_14F90
seg005:0063                 mov     [bp+var_2], ax
seg005:0066                 mov     ax, [bp+arg_2]
seg005:0069                 mov     [bp+var_4], ax
seg005:006C
seg005:006C loc_1315C:                              ; CODE XREF: sub_13110+3E↑j
seg005:006C                 mov     ax, [bp+var_2]
seg005:006F                 mov     [bp+arg_2], ax
seg005:0072                 jmp     short loc_13167
seg005:0074 ; ---------------------------------------------------------------------------
seg005:0074
seg005:0074 loc_13164:                              ; CODE XREF: sub_13110:loc_131BE↓j
seg005:0074                 inc     [bp+arg_2]
seg005:0077
seg005:0077 loc_13167:                              ; CODE XREF: sub_13110+52↑j
seg005:0077                 mov     ax, [bp+arg_2]
seg005:007A                 cmp     [bp+var_4], ax
seg005:007D                 jl      short locret_131C0
seg005:007F                 mov     ax, [bp+var_6]
seg005:0082                 mov     [bp+arg_0], ax
seg005:0085                 jmp     short loc_1317B
seg005:0085 ; ---------------------------------------------------------------------------
seg005:0087                 align 2
seg005:0088
seg005:0088 loc_13178:                              ; CODE XREF: sub_13110+AB↓j
seg005:0088                 inc     [bp+arg_0]
seg005:008B
seg005:008B loc_1317B:                              ; CODE XREF: sub_13110+65↑j
seg005:008B                 mov     ax, [bp+arg_0]
seg005:008E                 cmp     [bp+var_8], ax
seg005:0091                 jl      short loc_131BE
seg005:0093                 shl     ax, 1
seg005:0095                 cwd
seg005:0096                 mov     bx, ax
seg005:0098                 mov     cx, dx
seg005:009A                 imul    ax, [bp+arg_2], 0A0h
seg005:009F                 cwd
seg005:00A0                 add     bx, ax
seg005:00A2                 adc     cx, dx
seg005:00A4                 sub     bx, 0
seg005:00A7                 sbb     cx, 4800h
seg005:00AB                 mov     es, cx
seg005:00AD                 mov     word ptr dword_14F9E, bx
seg005:00B1                 mov     word ptr dword_14F9E+2, es
seg005:00B5                 mov     byte ptr es:[bx], 0
seg005:00B9                 mov     al, byte ptr word_14F98
seg005:00BC                 inc     word ptr dword_14F9E
seg005:00C0                 les     bx, dword_14F9E
seg005:00C4                 mov     es:[bx], al
seg005:00C7                 inc     word ptr dword_14F9E
seg005:00CB                 jmp     short loc_13178
seg005:00CB ; ---------------------------------------------------------------------------
seg005:00CD                 align 2
seg005:00CE
seg005:00CE loc_131BE:                              ; CODE XREF: sub_13110+71↑j
seg005:00CE                 jmp     short loc_13164
seg005:00D0 ; ---------------------------------------------------------------------------
seg005:00D0
seg005:00D0 locret_131C0:                           ; CODE XREF: sub_13110+5D↑j
seg005:00D0                 leave
seg005:00D1                 retf
seg005:00D1 sub_13110       endp
seg005:00D1
seg005:00D2
seg005:00D2 ; =============== S U B R O U T I N E =======================================
seg005:00D2
seg005:00D2 ; Attributes: bp-based frame
seg005:00D2
seg005:00D2 sub_131C2       proc far                ; CODE XREF: sub_107FE+14A↑P
seg005:00D2                                         ; sub_107FE+20A↑P ...
seg005:00D2
seg005:00D2 var_A           = word ptr -0Ah
seg005:00D2 var_8           = word ptr -8
seg005:00D2 var_6           = word ptr -6
seg005:00D2 var_4           = word ptr -4
seg005:00D2 arg_0           = word ptr  6
seg005:00D2 arg_2           = word ptr  8
seg005:00D2
seg005:00D2                 push    bp
seg005:00D3                 mov     bp, sp
seg005:00D5                 mov     ax, 0Ah
seg005:00D8                 call    __aFchkstk
seg005:00DD                 mov     ax, word_14F8E
seg005:00E0                 cmp     [bp+arg_0], ax
seg005:00E3                 jge     short loc_131E0
seg005:00E5                 mov     cx, [bp+arg_0]
seg005:00E8                 mov     [bp+var_8], cx
seg005:00EB                 mov     [bp+var_A], ax
seg005:00EE                 jmp     short loc_131E9
seg005:00F0 ; ---------------------------------------------------------------------------
seg005:00F0
seg005:00F0 loc_131E0:                              ; CODE XREF: sub_131C2+11↑j
seg005:00F0                 mov     [bp+var_8], ax
seg005:00F3                 mov     ax, [bp+arg_0]
seg005:00F6                 mov     [bp+var_A], ax
seg005:00F9
seg005:00F9 loc_131E9:                              ; CODE XREF: sub_131C2+1C↑j
seg005:00F9                 mov     ax, word_14F90
seg005:00FC                 cmp     [bp+arg_2], ax
seg005:00FF                 jge     short loc_131FC
seg005:0101                 mov     cx, [bp+arg_2]
seg005:0104                 mov     [bp+var_4], cx
seg005:0107                 mov     [bp+var_6], ax
seg005:010A                 jmp     short loc_13205
seg005:010C ; ---------------------------------------------------------------------------
seg005:010C
seg005:010C loc_131FC:                              ; CODE XREF: sub_131C2+2D↑j
seg005:010C                 mov     [bp+var_4], ax
seg005:010F                 mov     ax, [bp+arg_2]
seg005:0112                 mov     [bp+var_6], ax
seg005:0115
seg005:0115 loc_13205:                              ; CODE XREF: sub_131C2+38↑j
seg005:0115                 mov     ax, [bp+var_4]
seg005:0118                 mov     [bp+arg_2], ax
seg005:011B                 jmp     short loc_13211
seg005:011B ; ---------------------------------------------------------------------------
seg005:011D                 align 2
seg005:011E
seg005:011E loc_1320E:                              ; CODE XREF: sub_131C2:loc_13250↓j
seg005:011E                 inc     [bp+arg_2]
seg005:0121
seg005:0121 loc_13211:                              ; CODE XREF: sub_131C2+49↑j
seg005:0121                 mov     ax, [bp+arg_2]
seg005:0124                 cmp     [bp+var_6], ax
seg005:0127                 jl      short locret_13252
seg005:0129                 mov     ax, [bp+var_8]
seg005:012C                 mov     [bp+arg_0], ax
seg005:012F                 jmp     short loc_13225
seg005:012F ; ---------------------------------------------------------------------------
seg005:0131                 align 2
seg005:0132
seg005:0132 loc_13222:                              ; CODE XREF: sub_131C2+8B↓j
seg005:0132                 inc     [bp+arg_0]
seg005:0135
seg005:0135 loc_13225:                              ; CODE XREF: sub_131C2+5D↑j
seg005:0135                 mov     ax, [bp+arg_0]
seg005:0138                 cmp     [bp+var_A], ax
seg005:013B                 jl      short loc_13250
seg005:013D                 shl     ax, 1
seg005:013F                 cwd
seg005:0140                 mov     bx, ax
seg005:0142                 mov     cx, dx
seg005:0144                 imul    ax, [bp+arg_2], 0A0h
seg005:0149                 cwd
seg005:014A                 add     bx, ax
seg005:014C                 adc     cx, dx
seg005:014E                 sub     bx, 0FFFFh
seg005:0151                 sbb     cx, 47FFh
seg005:0155                 mov     es, cx
seg005:0157                 mov     al, byte ptr word_14F98
seg005:015A                 mov     es:[bx], al
seg005:015D                 jmp     short loc_13222
seg005:015D ; ---------------------------------------------------------------------------
seg005:015F                 align 2
seg005:0160
seg005:0160 loc_13250:                              ; CODE XREF: sub_131C2+69↑j
seg005:0160                 jmp     short loc_1320E
seg005:0162 ; ---------------------------------------------------------------------------
seg005:0162
seg005:0162 locret_13252:                           ; CODE XREF: sub_131C2+55↑j
seg005:0162                 leave
seg005:0163                 retf
seg005:0163 sub_131C2       endp
seg005:0163
seg005:0164
seg005:0164 ; =============== S U B R O U T I N E =======================================
seg005:0164
seg005:0164 ; Attributes: bp-based frame
seg005:0164
seg005:0164 sub_13254       proc far                ; CODE XREF: sub_13912+9A↓P
seg005:0164
seg005:0164 var_E           = word ptr -0Eh
seg005:0164 var_C           = word ptr -0Ch
seg005:0164 var_A           = word ptr -0Ah
seg005:0164 var_8           = word ptr -8
seg005:0164 var_6           = word ptr -6
seg005:0164 var_4           = word ptr -4
seg005:0164 var_2           = word ptr -2
seg005:0164 arg_0           = word ptr  6
seg005:0164 arg_2           = word ptr  8
seg005:0164
seg005:0164                 push    bp
seg005:0165                 mov     bp, sp
seg005:0167                 mov     ax, 0Eh
seg005:016A                 call    __aFchkstk
seg005:016F                 push    si
seg005:0170                 inc     word_14F96
seg005:0174                 mov     ax, word_14F96
seg005:0177                 mov     cx, ax
seg005:0179                 shl     ax, 2
seg005:017C                 add     ax, cx
seg005:017E                 shl     ax, 1
seg005:0180                 push    ax              ; size_t
seg005:0181                 push    word_14F8C      ; void near *
seg005:0185                 call    j___nrealloc
seg005:018A                 add     sp, 4
seg005:018D                 mov     word_14F8C, ax
seg005:0190                 mov     ax, word_14F96
seg005:0193                 mov     cx, ax
seg005:0195                 shl     ax, 2
seg005:0198                 add     ax, cx
seg005:019A                 shl     ax, 1
seg005:019C                 add     ax, word_14F8C
seg005:01A0                 sub     ax, 0Ah
seg005:01A3                 mov     [bp+var_4], ax
seg005:01A6                 mov     ax, word_14F8E
seg005:01A9                 cmp     [bp+arg_0], ax
seg005:01AC                 jge     short loc_132AA
seg005:01AE                 mov     cx, [bp+arg_0]
seg005:01B1                 mov     [bp+var_A], cx
seg005:01B4                 mov     [bp+var_C], ax
seg005:01B7                 jmp     short loc_132B3
seg005:01B7 ; ---------------------------------------------------------------------------
seg005:01B9                 align 2
seg005:01BA
seg005:01BA loc_132AA:                              ; CODE XREF: sub_13254+48↑j
seg005:01BA                 mov     [bp+var_A], ax
seg005:01BD                 mov     ax, [bp+arg_0]
seg005:01C0                 mov     [bp+var_C], ax
seg005:01C3
seg005:01C3 loc_132B3:                              ; CODE XREF: sub_13254+53↑j
seg005:01C3                 mov     ax, word_14F90
seg005:01C6                 cmp     [bp+arg_2], ax
seg005:01C9                 jge     short loc_132C6
seg005:01CB                 mov     cx, [bp+arg_2]
seg005:01CE                 mov     [bp+var_2], cx
seg005:01D1                 mov     [bp+var_6], ax
seg005:01D4                 jmp     short loc_132CF
seg005:01D6 ; ---------------------------------------------------------------------------
seg005:01D6
seg005:01D6 loc_132C6:                              ; CODE XREF: sub_13254+65↑j
seg005:01D6                 mov     [bp+var_2], ax
seg005:01D9                 mov     ax, [bp+arg_2]
seg005:01DC                 mov     [bp+var_6], ax
seg005:01DF
seg005:01DF loc_132CF:                              ; CODE XREF: sub_13254+70↑j
seg005:01DF                 mov     ax, [bp+var_C]
seg005:01E2                 sub     ax, [bp+var_A]
seg005:01E5                 inc     ax
seg005:01E6                 mov     cx, [bp+var_6]
seg005:01E9                 sub     cx, [bp+var_2]
seg005:01EC                 inc     cx
seg005:01ED                 imul    cx
seg005:01EF                 mov     [bp+var_E], ax
seg005:01F2                 mov     bx, [bp+var_4]
seg005:01F5                 mov     [bx], ax
seg005:01F7                 mov     cl, byte ptr [bp+var_2]
seg005:01FA                 mov     [bx+2], cl
seg005:01FD                 mov     cl, byte ptr [bp+var_6]
seg005:0200                 mov     [bx+3], cl
seg005:0203                 mov     cl, byte ptr [bp+var_A]
seg005:0206                 mov     [bx+4], cl
seg005:0209                 mov     cl, byte ptr [bp+var_C]
seg005:020C                 mov     [bx+5], cl
seg005:020F                 push    ax              ; size_t
seg005:0210                 call    j___nmalloc
seg005:0215                 add     sp, 2
seg005:0218                 mov     bx, [bp+var_4]
seg005:021B                 mov     [bx+6], ax
seg005:021E                 push    [bp+var_E]      ; size_t
seg005:0221                 call    j___nmalloc
seg005:0226                 add     sp, 2
seg005:0229                 mov     bx, [bp+var_4]
seg005:022C                 mov     [bx+8], ax
seg005:022F                 mov     [bp+var_8], 0
seg005:0234                 mov     ax, [bp+var_2]
seg005:0237                 mov     [bp+arg_2], ax
seg005:023A                 jmp     short loc_1332F
seg005:023C ; ---------------------------------------------------------------------------
seg005:023C
seg005:023C loc_1332C:                              ; CODE XREF: sub_13254:loc_13398↓j
seg005:023C                 inc     [bp+arg_2]
seg005:023F
seg005:023F loc_1332F:                              ; CODE XREF: sub_13254+D6↑j
seg005:023F                 mov     ax, [bp+arg_2]
seg005:0242                 cmp     [bp+var_6], ax
seg005:0245                 jl      short loc_1339A
seg005:0247                 mov     ax, [bp+var_A]
seg005:024A                 mov     [bp+arg_0], ax
seg005:024D                 jmp     short loc_13343
seg005:024D ; ---------------------------------------------------------------------------
seg005:024F                 align 2
seg005:0250
seg005:0250 loc_13340:                              ; CODE XREF: sub_13254+142↓j
seg005:0250                 inc     [bp+arg_0]
seg005:0253
seg005:0253 loc_13343:                              ; CODE XREF: sub_13254+E9↑j
seg005:0253                 mov     ax, [bp+arg_0]
seg005:0256                 cmp     [bp+var_C], ax
seg005:0259                 jl      short loc_13398
seg005:025B                 imul    ax, [bp+arg_2], 0A0h
seg005:0260                 cwd
seg005:0261                 mov     cx, ax
seg005:0263                 mov     ax, [bp+arg_0]
seg005:0266                 shl     ax, 1
seg005:0268                 mov     bx, dx
seg005:026A                 cwd
seg005:026B                 add     cx, ax
seg005:026D                 adc     bx, dx
seg005:026F                 sub     cx, 0
seg005:0272                 sbb     bx, 4800h
seg005:0276                 mov     word ptr dword_14F9E, cx
seg005:027A                 mov     word ptr dword_14F9E+2, bx
seg005:027E                 mov     es, bx
seg005:0280                 mov     bx, cx
seg005:0282                 mov     al, es:[bx]
seg005:0285                 mov     bx, [bp+var_4]
seg005:0288                 mov     bx, [bx+6]
seg005:028B                 mov     si, [bp+var_8]
seg005:028E                 mov     [bx+si], al
seg005:0290                 inc     word ptr dword_14F9E
seg005:0294                 les     bx, dword_14F9E
seg005:0298                 mov     al, es:[bx]
seg005:029B                 mov     bx, [bp+var_4]
seg005:029E                 mov     bx, [bx+8]
seg005:02A1                 mov     [bx+si], al
seg005:02A3                 inc     [bp+var_8]
seg005:02A6                 jmp     short loc_13340
seg005:02A8 ; ---------------------------------------------------------------------------
seg005:02A8
seg005:02A8 loc_13398:                              ; CODE XREF: sub_13254+F5↑j
seg005:02A8                 jmp     short loc_1332C
seg005:02AA ; ---------------------------------------------------------------------------
seg005:02AA
seg005:02AA loc_1339A:                              ; CODE XREF: sub_13254+E1↑j
seg005:02AA                 pop     si
seg005:02AB                 leave
seg005:02AC                 retf
seg005:02AC sub_13254       endp
seg005:02AC
seg005:02AC ; ---------------------------------------------------------------------------
seg005:02AD                 align 2
seg005:02AE                 push    bp
seg005:02AF                 mov     bp, sp
seg005:02B1                 mov     ax, 2
seg005:02B4                 call    __aFchkstk
seg005:02B9                 cmp     word_14F96, 0
seg005:02BE                 jz      short locret_13409
seg005:02C0                 mov     bx, word_14F96
seg005:02C4                 mov     ax, bx
seg005:02C6                 shl     bx, 2
seg005:02C9                 add     bx, ax
seg005:02CB                 shl     bx, 1
seg005:02CD                 add     bx, word_14F8C
seg005:02D1                 sub     bx, 0Ah
seg005:02D4                 mov     [bp-2], bx
seg005:02D7                 cmp     word ptr [bx], 0
seg005:02DA                 jz      short loc_133E5
seg005:02DC                 push    word ptr [bx+6]
seg005:02DF                 call    j___nfree
seg005:02E4                 add     sp, 2
seg005:02E7                 mov     bx, [bp-2]
seg005:02EA                 push    word ptr [bx+8]
seg005:02ED                 call    j___nfree
seg005:02F2                 add     sp, 2
seg005:02F5
seg005:02F5 loc_133E5:                              ; CODE XREF: seg005:02DA↑j
seg005:02F5                 mov     bx, [bp-2]
seg005:02F8                 mov     word ptr [bx], 0
seg005:02FC                 dec     word_14F96
seg005:0300                 mov     ax, word_14F96
seg005:0303                 mov     cx, ax
seg005:0305                 shl     ax, 2
seg005:0308                 add     ax, cx
seg005:030A                 shl     ax, 1
seg005:030C                 push    ax
seg005:030D                 push    word_14F8C
seg005:0311                 call    j___nrealloc
seg005:0316                 mov     word_14F8C, ax
seg005:0319
seg005:0319 locret_13409:                           ; CODE XREF: seg005:02BE↑j
seg005:0319                 leave
seg005:031A                 retf
seg005:031A ; ---------------------------------------------------------------------------
seg005:031B                 align 2
seg005:031C
seg005:031C ; =============== S U B R O U T I N E =======================================
seg005:031C
seg005:031C
seg005:031C sub_1340C       proc far                ; CODE XREF: sub_13838+C↓p
seg005:031C                                         ; sub_1386E+20↓P
seg005:031C                 xor     ax, ax
seg005:031E                 call    __aFchkstk
seg005:0323                 mov     byte_14F7D, 1
seg005:0328                 mov     al, 20h ; ' '
seg005:032A                 mov     byte_14F81, al
seg005:032D                 mov     byte_14F80, al
seg005:0330                 push    0D5Ch
seg005:0333                 push    0D5Ch           ; union REGS *
seg005:0336                 push    10h             ; int
seg005:0338                 call    _int86
seg005:033D                 add     sp, 6
seg005:0340                 retf
seg005:0340 sub_1340C       endp
seg005:0340
seg005:0340 ; ---------------------------------------------------------------------------
seg005:0341                 align 2
seg005:0342                 push    bp
seg005:0343                 mov     bp, sp
seg005:0345                 xor     ax, ax
seg005:0347                 call    __aFchkstk
seg005:034C                 mov     byte_14F7D, 1
seg005:0351                 mov     al, [bp+6]
seg005:0354                 mov     byte_14F81, al
seg005:0357                 mov     al, [bp+8]
seg005:035A                 mov     byte_14F80, al
seg005:035D                 push    0D5Ch
seg005:0360                 push    0D5Ch
seg005:0363                 push    10h
seg005:0365                 call    _int86
seg005:036A                 leave
seg005:036B                 retf
seg005:036C ; ---------------------------------------------------------------------------
seg005:036C                 push    bp
seg005:036D                 mov     bp, sp
seg005:036F                 xor     ax, ax
seg005:0371                 call    __aFchkstk
seg005:0376                 mov     ax, [bp+6]
seg005:0379                 mov     word_14F9A, ax
seg005:037C                 leave
seg005:037D                 retf
seg005:037E
seg005:037E ; =============== S U B R O U T I N E =======================================
seg005:037E
seg005:037E ; Attributes: bp-based frame
seg005:037E
seg005:037E sub_1346E       proc far                ; CODE XREF: sub_1011E+16E↑P
seg005:037E                                         ; sub_107FE+135↑P ...
seg005:037E
seg005:037E arg_0           = word ptr  6
seg005:037E arg_2           = word ptr  8
seg005:037E
seg005:037E                 push    bp              ; union REGS *
seg005:037F                 mov     bp, sp
seg005:0381                 xor     ax, ax
seg005:0383                 call    __aFchkstk
seg005:0388                 mov     byte_14F7D, 2
seg005:038D                 mov     byte_14F7F, 0
seg005:0392                 mov     ax, [bp+arg_2]
seg005:0395                 mov     word_14F90, ax
seg005:0398                 mov     byte_14F83, al
seg005:039B                 mov     ax, [bp+arg_0]
seg005:039E                 mov     word_14F8E, ax
seg005:03A1                 mov     word_14F9A, ax
seg005:03A4                 mov     byte_14F82, al
seg005:03A7                 push    0D5Ch
seg005:03AA                 push    0D5Ch           ; union REGS *
seg005:03AD                 push    10h             ; int
seg005:03AF                 call    _int86
seg005:03B4                 leave
seg005:03B5                 retf
seg005:03B5 sub_1346E       endp
seg005:03B5
seg005:03B6
seg005:03B6 ; =============== S U B R O U T I N E =======================================
seg005:03B6
seg005:03B6 ; Attributes: bp-based frame
seg005:03B6
seg005:03B6 sub_134A6       proc far                ; CODE XREF: sub_138DC+E↓P
seg005:03B6
seg005:03B6 var_C           = word ptr -0Ch
seg005:03B6 var_A           = word ptr -0Ah
seg005:03B6 var_8           = word ptr -8
seg005:03B6 var_4           = word ptr -4
seg005:03B6
seg005:03B6                 push    bp
seg005:03B7                 mov     bp, sp
seg005:03B9                 mov     ax, 12h
seg005:03BC                 call    __aFchkstk
seg005:03C1                 push    di
seg005:03C2                 push    si
seg005:03C3                 mov     bx, word_14F96
seg005:03C7                 mov     ax, bx
seg005:03C9                 shl     bx, 2
seg005:03CC                 add     bx, ax
seg005:03CE                 shl     bx, 1
seg005:03D0                 add     bx, word_14F8C
seg005:03D4                 sub     bx, 0Ah
seg005:03D7                 mov     [bp+var_4], bx
seg005:03DA                 cmp     word ptr [bx], 0
seg005:03DD                 jnz     short loc_134D2
seg005:03DF                 jmp     loc_13556
seg005:03E2 ; ---------------------------------------------------------------------------
seg005:03E2
seg005:03E2 loc_134D2:                              ; CODE XREF: sub_134A6+27↑j
seg005:03E2                 mov     [bp+var_A], 0
seg005:03E7                 mov     al, [bx+2]
seg005:03EA                 sub     ah, ah
seg005:03EC                 mov     [bp+var_C], ax
seg005:03EF                 jmp     short loc_134E5
seg005:03EF ; ---------------------------------------------------------------------------
seg005:03F1                 align 2
seg005:03F2
seg005:03F2 loc_134E2:                              ; CODE XREF: sub_134A6:loc_13554↓j
seg005:03F2                 inc     [bp+var_C]
seg005:03F5
seg005:03F5 loc_134E5:                              ; CODE XREF: sub_134A6+39↑j
seg005:03F5                 mov     bx, [bp+var_4]
seg005:03F8                 mov     al, [bx+3]
seg005:03FB                 sub     ah, ah
seg005:03FD                 cmp     ax, [bp+var_C]
seg005:0400                 jl      short loc_13556
seg005:0402                 mov     al, [bx+4]
seg005:0405                 mov     [bp+var_8], ax
seg005:0408                 jmp     short loc_134FD
seg005:040A ; ---------------------------------------------------------------------------
seg005:040A
seg005:040A loc_134FA:                              ; CODE XREF: sub_134A6+AC↓j
seg005:040A                 inc     [bp+var_8]
seg005:040D
seg005:040D loc_134FD:                              ; CODE XREF: sub_134A6+52↑j
seg005:040D                 mov     bx, [bp+var_4]
seg005:0410                 mov     al, [bx+5]
seg005:0413                 sub     ah, ah
seg005:0415                 cmp     ax, [bp+var_8]
seg005:0418                 jl      short loc_13554
seg005:041A                 mov     ax, [bp+var_8]
seg005:041D                 shl     ax, 1
seg005:041F                 cwd
seg005:0420                 mov     cx, ax
seg005:0422                 imul    ax, [bp+var_C], 0A0h
seg005:0427                 mov     si, dx
seg005:0429                 cwd
seg005:042A                 add     cx, ax
seg005:042C                 adc     si, dx
seg005:042E                 sub     cx, 0
seg005:0431                 sbb     si, 4800h
seg005:0435                 mov     word ptr dword_14F9E, cx
seg005:0439                 mov     word ptr dword_14F9E+2, si
seg005:043D                 mov     bx, [bx+6]
seg005:0440                 mov     di, [bp+var_A]
seg005:0443                 mov     al, [bx+di]
seg005:0445                 mov     es, si
seg005:0447                 mov     bx, cx
seg005:0449                 mov     es:[bx], al
seg005:044C                 inc     word ptr dword_14F9E
seg005:0450                 mov     bx, [bp+var_4]
seg005:0453                 mov     bx, [bx+8]
seg005:0456                 mov     al, [bx+di]
seg005:0458                 les     bx, dword_14F9E
seg005:045C                 mov     es:[bx], al
seg005:045F                 inc     [bp+var_A]
seg005:0462                 jmp     short loc_134FA
seg005:0464 ; ---------------------------------------------------------------------------
seg005:0464
seg005:0464 loc_13554:                              ; CODE XREF: sub_134A6+62↑j
seg005:0464                 jmp     short loc_134E2
seg005:0466 ; ---------------------------------------------------------------------------
seg005:0466
seg005:0466 loc_13556:                              ; CODE XREF: sub_134A6+29↑j
seg005:0466                                         ; sub_134A6+4A↑j
seg005:0466                 dec     word_14F96
seg005:046A                 mov     ax, word_14F96
seg005:046D                 mov     cx, ax
seg005:046F                 shl     ax, 2
seg005:0472                 add     ax, cx
seg005:0474                 shl     ax, 1
seg005:0476                 push    ax              ; size_t
seg005:0477                 push    word_14F8C      ; void near *
seg005:047B                 call    j___nrealloc
seg005:0480                 add     sp, 4
seg005:0483                 mov     word_14F8C, ax
seg005:0486                 pop     si
seg005:0487                 pop     di
seg005:0488                 leave
seg005:0489                 retf
seg005:0489 sub_134A6       endp
seg005:0489
seg005:048A
seg005:048A ; =============== S U B R O U T I N E =======================================
seg005:048A
seg005:048A ; Attributes: bp-based frame
seg005:048A
seg005:048A sub_1357A       proc far                ; CODE XREF: sub_1011E+1C6↑P
seg005:048A                                         ; sub_107FE+54↑P ...
seg005:048A
seg005:048A var_4           = word ptr -4
seg005:048A var_2           = byte ptr -2
seg005:048A arg_0           = word ptr  6
seg005:048A
seg005:048A                 push    bp
seg005:048B                 mov     bp, sp
seg005:048D                 mov     ax, 4
seg005:0490                 call    __aFchkstk
seg005:0495                 push    si
seg005:0496                 mov     [bp+var_4], 0
seg005:049B                 jmp     short loc_13591
seg005:049B ; ---------------------------------------------------------------------------
seg005:049D                 align 2
seg005:049E
seg005:049E loc_1358E:                              ; CODE XREF: sub_1357A+2F↓j
seg005:049E                 inc     [bp+var_4]
seg005:04A1
seg005:04A1 loc_13591:                              ; CODE XREF: sub_1357A+11↑j
seg005:04A1                 mov     bx, [bp+var_4]
seg005:04A4                 mov     si, [bp+arg_0]
seg005:04A7                 mov     al, [bx+si]
seg005:04A9                 mov     [bp+var_2], al
seg005:04AC                 or      al, al
seg005:04AE                 jz      short loc_135AC
seg005:04B0                 cbw
seg005:04B1                 push    ax
seg005:04B2                 push    cs
seg005:04B3                 call    near ptr sub_13600
seg005:04B6                 add     sp, 2
seg005:04B9                 jmp     short loc_1358E
seg005:04B9 ; ---------------------------------------------------------------------------
seg005:04BB                 align 2
seg005:04BC
seg005:04BC loc_135AC:                              ; CODE XREF: sub_1357A+24↑j
seg005:04BC                 pop     si
seg005:04BD                 leave
seg005:04BE                 retf
seg005:04BE sub_1357A       endp
seg005:04BE
seg005:04BE ; ---------------------------------------------------------------------------
seg005:04BF                 align 2
seg005:04C0
seg005:04C0 ; =============== S U B R O U T I N E =======================================
seg005:04C0
seg005:04C0 ; Attributes: bp-based frame
seg005:04C0
seg005:04C0 sub_135B0       proc far                ; CODE XREF: sub_1011E+19A↑P
seg005:04C0
seg005:04C0 var_4           = word ptr -4
seg005:04C0 var_2           = byte ptr -2
seg005:04C0 arg_0           = byte ptr  6
seg005:04C0 arg_2           = word ptr  8
seg005:04C0
seg005:04C0                 push    bp
seg005:04C1                 mov     bp, sp
seg005:04C3                 mov     ax, 4
seg005:04C6                 call    __aFchkstk
seg005:04CB                 push    si
seg005:04CC                 mov     [bp+var_4], 0
seg005:04D1                 jmp     short loc_135C7
seg005:04D1 ; ---------------------------------------------------------------------------
seg005:04D3                 align 2
seg005:04D4
seg005:04D4 loc_135C4:                              ; CODE XREF: sub_135B0:loc_135FA↓j
seg005:04D4                 inc     [bp+var_4]
seg005:04D7
seg005:04D7 loc_135C7:                              ; CODE XREF: sub_135B0+11↑j
seg005:04D7                 mov     bx, [bp+var_4]
seg005:04DA                 mov     si, [bp+arg_2]
seg005:04DD                 mov     al, [bx+si]
seg005:04DF                 mov     [bp+var_2], al
seg005:04E2                 or      al, al
seg005:04E4                 jz      short loc_135FC
seg005:04E6                 cmp     al, [bp+arg_0]
seg005:04E9                 jnz     short loc_135EE
seg005:04EB                 inc     [bp+var_4]
seg005:04EE                 mov     bx, [bp+var_4]
seg005:04F1                 mov     al, [bx+si]
seg005:04F3                 cbw
seg005:04F4                 push    ax
seg005:04F5                 push    cs
seg005:04F6                 call    near ptr sub_130FE
seg005:04F9                 add     sp, 2
seg005:04FC                 jmp     short loc_135FA
seg005:04FE ; ---------------------------------------------------------------------------
seg005:04FE
seg005:04FE loc_135EE:                              ; CODE XREF: sub_135B0+29↑j
seg005:04FE                 mov     al, [bp+var_2]
seg005:0501                 cbw
seg005:0502                 push    ax
seg005:0503                 push    cs
seg005:0504                 call    near ptr sub_13600
seg005:0507                 add     sp, 2
seg005:050A
seg005:050A loc_135FA:                              ; CODE XREF: sub_135B0+3C↑j
seg005:050A                 jmp     short loc_135C4
seg005:050C ; ---------------------------------------------------------------------------
seg005:050C
seg005:050C loc_135FC:                              ; CODE XREF: sub_135B0+24↑j
seg005:050C                 pop     si
seg005:050D                 leave
seg005:050E                 retf
seg005:050E sub_135B0       endp
seg005:050E
seg005:050E ; ---------------------------------------------------------------------------
seg005:050F                 align 2
seg005:0510
seg005:0510 ; =============== S U B R O U T I N E =======================================
seg005:0510
seg005:0510 ; Attributes: bp-based frame
seg005:0510
seg005:0510 sub_13600       proc far                ; CODE XREF: sub_1357A+29↑p
seg005:0510                                         ; sub_135B0+44↑p ...
seg005:0510
seg005:0510 arg_0           = byte ptr  6
seg005:0510
seg005:0510                 push    bp              ; union REGS *
seg005:0511                 mov     bp, sp
seg005:0513                 xor     ax, ax
seg005:0515                 call    __aFchkstk
seg005:051A                 cmp     [bp+arg_0], 0Ah
seg005:051E                 jnz     short loc_13624
seg005:0520                 mov     ax, word_14F9A
seg005:0523                 mov     word_14F8E, ax
seg005:0526                 cmp     word_14F90, 18h
seg005:052B                 jge     short loc_13621
seg005:052D                 inc     word_14F90
seg005:0531
seg005:0531 loc_13621:                              ; CODE XREF: sub_13600+1B↑j
seg005:0531                 jmp     short loc_13669
seg005:0531 ; ---------------------------------------------------------------------------
seg005:0533                 align 2
seg005:0534
seg005:0534 loc_13624:                              ; CODE XREF: sub_13600+E↑j
seg005:0534                 mov     ax, word_14F8E
seg005:0537                 shl     ax, 1
seg005:0539                 cwd
seg005:053A                 mov     bx, ax
seg005:053C                 mov     cx, dx
seg005:053E                 imul    ax, word_14F90, 0A0h
seg005:0544                 cwd
seg005:0545                 add     bx, ax
seg005:0547                 adc     cx, dx
seg005:0549                 sub     bx, 0
seg005:054C                 sbb     cx, 4800h
seg005:0550                 mov     es, cx
seg005:0552                 mov     word ptr dword_14F9E, bx
seg005:0556                 mov     word ptr dword_14F9E+2, es
seg005:055A                 mov     al, [bp+arg_0]
seg005:055D                 mov     es:[bx], al
seg005:0560                 mov     al, byte ptr word_14F98
seg005:0563                 inc     word ptr dword_14F9E
seg005:0567                 les     bx, dword_14F9E
seg005:056B                 mov     es:[bx], al
seg005:056E                 cmp     word_14F8E, 50h ; 'P'
seg005:0573                 jge     short loc_13669
seg005:0575                 inc     word_14F8E
seg005:0579
seg005:0579 loc_13669:                              ; CODE XREF: sub_13600:loc_13621↑j
seg005:0579                                         ; sub_13600+63↑j
seg005:0579                 mov     byte_14F7D, 2
seg005:057E                 mov     byte_14F7F, 0
seg005:0583                 mov     al, byte ptr word_14F90
seg005:0586                 mov     byte_14F83, al
seg005:0589                 mov     al, byte ptr word_14F8E
seg005:058C                 mov     byte_14F82, al
seg005:058F                 push    0D5Ch
seg005:0592                 push    0D5Ch           ; union REGS *
seg005:0595                 push    10h             ; int
seg005:0597                 call    _int86
seg005:059C                 leave
seg005:059D                 retf
seg005:059D sub_13600       endp
seg005:059D
seg005:059E
seg005:059E ; =============== S U B R O U T I N E =======================================
seg005:059E
seg005:059E ; Attributes: bp-based frame
seg005:059E
seg005:059E sub_1368E       proc far                ; CODE XREF: sub_139EA+15B↓P
seg005:059E                                         ; sub_139EA+20D↓P
seg005:059E
seg005:059E arg_0           = byte ptr  6
seg005:059E arg_2           = word ptr  8
seg005:059E
seg005:059E                 push    bp
seg005:059F                 mov     bp, sp
seg005:05A1                 mov     ax, 2
seg005:05A4                 call    __aFchkstk
seg005:05A9                 imul    ax, word_14F90, 0A0h
seg005:05AF                 cwd
seg005:05B0                 mov     cx, ax
seg005:05B2                 mov     ax, word_14F8E
seg005:05B5                 shl     ax, 1
seg005:05B7                 mov     bx, dx
seg005:05B9                 cwd
seg005:05BA                 add     cx, ax
seg005:05BC                 adc     bx, dx
seg005:05BE                 sub     cx, 0
seg005:05C1                 sbb     bx, 4800h
seg005:05C5                 mov     word ptr dword_14F9E, cx
seg005:05C9                 mov     word ptr dword_14F9E+2, bx
seg005:05CD                 mov     ax, [bp+arg_2]
seg005:05D0                 add     word_14F8E, ax
seg005:05D4                 cmp     word_14F8E, 50h ; 'P'
seg005:05D9                 jle     short loc_136D1
seg005:05DB                 mov     word_14F8E, 50h ; 'P'
seg005:05E1
seg005:05E1 loc_136D1:                              ; CODE XREF: sub_1368E+3B↑j
seg005:05E1                                         ; sub_1368E+69↓j
seg005:05E1                 mov     ax, [bp+arg_2]
seg005:05E4                 dec     [bp+arg_2]
seg005:05E7                 or      ax, ax
seg005:05E9                 jz      short loc_136FA
seg005:05EB                 mov     al, [bp+arg_0]
seg005:05EE                 les     bx, dword_14F9E
seg005:05F2                 mov     es:[bx], al
seg005:05F5                 mov     al, byte ptr word_14F98
seg005:05F8                 inc     word ptr dword_14F9E
seg005:05FC                 les     bx, dword_14F9E
seg005:0600                 mov     es:[bx], al
seg005:0603                 inc     word ptr dword_14F9E
seg005:0607                 jmp     short loc_136D1
seg005:0607 ; ---------------------------------------------------------------------------
seg005:0609                 align 2
seg005:060A
seg005:060A loc_136FA:                              ; CODE XREF: sub_1368E+4B↑j
seg005:060A                 mov     byte_14F7D, 2
seg005:060F                 mov     byte_14F7F, 0
seg005:0614                 mov     al, byte ptr word_14F90
seg005:0617                 mov     byte_14F83, al
seg005:061A                 mov     al, byte ptr word_14F8E
seg005:061D                 mov     byte_14F82, al
seg005:0620                 push    0D5Ch
seg005:0623                 push    0D5Ch           ; union REGS *
seg005:0626                 push    10h             ; int
seg005:0628                 call    _int86
seg005:062D                 leave
seg005:062E                 retf
seg005:062E sub_1368E       endp
seg005:062E
seg005:062E ; ---------------------------------------------------------------------------
seg005:062F                 align 2
seg005:0630
seg005:0630 ; =============== S U B R O U T I N E =======================================
seg005:0630
seg005:0630
seg005:0630 sub_13720       proc far                ; CODE XREF: sub_13838+8↓p
seg005:0630                                         ; sub_13838+26↓p
seg005:0630                 xor     ax, ax
seg005:0632                 call    __aFchkstk
seg005:0637                 mov     byte_14F7D, 1
seg005:063C                 mov     al, byte ptr word_14F94
seg005:063F                 mov     byte_14F81, al
seg005:0642                 mov     al, byte ptr word_14F8A
seg005:0645                 mov     byte_14F80, al
seg005:0648                 push    0D5Ch
seg005:064B                 push    0D5Ch           ; union REGS *
seg005:064E                 push    10h             ; int
seg005:0650                 call    _int86
seg005:0655                 add     sp, 6
seg005:0658                 mov     byte_14F7D, 2
seg005:065D                 mov     byte_14F7F, 0
seg005:0662                 mov     al, byte ptr word_14FA2
seg005:0665                 mov     byte_14F83, al
seg005:0668                 mov     al, byte ptr word_14F9C
seg005:066B                 mov     byte_14F82, al
seg005:066E                 push    0D5Ch
seg005:0671                 push    0D5Ch           ; union REGS *
seg005:0674                 push    10h             ; int
seg005:0676                 call    _int86
seg005:067B                 add     sp, 6
seg005:067E                 mov     ax, word_14F92
seg005:0681                 mov     word_14F98, ax
seg005:0684                 retf
seg005:0684 sub_13720       endp
seg005:0684
seg005:0684 ; ---------------------------------------------------------------------------
seg005:0685                 align 2
seg005:0686
seg005:0686 ; =============== S U B R O U T I N E =======================================
seg005:0686
seg005:0686
seg005:0686 sub_13776       proc far                ; CODE XREF: sub_1386E+1B↓P
seg005:0686                 xor     ax, ax
seg005:0688                 call    __aFchkstk
seg005:068D                 push    si              ; union REGS *
seg005:068E                 mov     byte_14F7D, 3
seg005:0693                 mov     byte_14F7F, 0
seg005:0698                 push    0D5Ch
seg005:069B                 push    0D5Ch           ; union REGS *
seg005:069E                 push    10h             ; int
seg005:06A0                 call    _int86
seg005:06A5                 add     sp, 6
seg005:06A8                 mov     al, byte_14F81
seg005:06AB                 sub     ah, ah
seg005:06AD                 mov     word_14F94, ax
seg005:06B0                 mov     al, byte_14F80
seg005:06B3                 mov     word_14F8A, ax
seg005:06B6                 mov     al, byte_14F83
seg005:06B9                 mov     word_14FA2, ax
seg005:06BC                 mov     word_14F8E, ax
seg005:06BF                 mov     cl, byte_14F82
seg005:06C3                 sub     ch, ch
seg005:06C5                 mov     word_14F9C, cx
seg005:06C9                 mov     word_14F90, cx
seg005:06CD                 shl     ax, 1
seg005:06CF                 cwd
seg005:06D0                 mov     bx, ax
seg005:06D2                 mov     si, dx
seg005:06D4                 imul    ax, cx, 0A0h
seg005:06D8                 cwd
seg005:06D9                 add     bx, ax
seg005:06DB                 adc     si, dx
seg005:06DD                 sub     bx, 0FFFFh
seg005:06E0                 sbb     si, 47FFh
seg005:06E4                 mov     es, si
seg005:06E6                 mov     al, es:[bx]
seg005:06E9                 cbw
seg005:06EA                 mov     word_14F92, ax
seg005:06ED                 mov     word_14F98, ax
seg005:06F0                 pop     si
seg005:06F1                 retf
seg005:06F1 sub_13776       endp
seg005:06F1
seg005:06F2
seg005:06F2 ; =============== S U B R O U T I N E =======================================
seg005:06F2
seg005:06F2 ; Attributes: bp-based frame
seg005:06F2
seg005:06F2 sub_137E2       proc far                ; CODE XREF: sub_107FE+116↑P
seg005:06F2                                         ; sub_107FE+1D6↑P ...
seg005:06F2
seg005:06F2 arg_0           = word ptr  6
seg005:06F2 arg_2           = word ptr  8
seg005:06F2
seg005:06F2                 push    bp
seg005:06F3                 mov     bp, sp
seg005:06F5                 xor     ax, ax
seg005:06F7                 call    __aFchkstk
seg005:06FC                 cmp     [bp+arg_0], 0
seg005:0700                 jz      short loc_137FA
seg005:0702                 mov     ax, word_14F8E
seg005:0705                 mov     bx, [bp+arg_0]
seg005:0708                 mov     [bx], ax
seg005:070A
seg005:070A loc_137FA:                              ; CODE XREF: sub_137E2+E↑j
seg005:070A                 cmp     [bp+arg_2], 0
seg005:070E                 jz      short locret_13808
seg005:0710                 mov     ax, word_14F90
seg005:0713                 mov     bx, [bp+arg_2]
seg005:0716                 mov     [bx], ax
seg005:0718
seg005:0718 locret_13808:                           ; CODE XREF: sub_137E2+1C↑j
seg005:0718                 leave
seg005:0719                 retf
seg005:0719 sub_137E2       endp
seg005:0719
seg005:071A
seg005:071A ; =============== S U B R O U T I N E =======================================
seg005:071A
seg005:071A ; Attributes: bp-based frame
seg005:071A
seg005:071A sub_1380A       proc far                ; CODE XREF: sub_1386E+13↓P
seg005:071A
seg005:071A arg_0           = word ptr  6
seg005:071A
seg005:071A                 push    bp              ; union REGS *
seg005:071B                 mov     bp, sp
seg005:071D                 xor     ax, ax
seg005:071F                 call    __aFchkstk
seg005:0724                 mov     byte_14F7D, 10h
seg005:0729                 mov     byte_14F7C, 3
seg005:072E                 cmp     [bp+arg_0], 1
seg005:0732                 sbb     al, al
seg005:0734                 inc     al
seg005:0736                 mov     byte_14F7E, al
seg005:0739                 push    0D5Ch
seg005:073C                 push    0D5Ch           ; union REGS *
seg005:073F                 push    10h             ; int
seg005:0741                 call    _int86
seg005:0746                 leave
seg005:0747                 retf
seg005:0747 sub_1380A       endp
seg005:0747
seg005:0748
seg005:0748 ; =============== S U B R O U T I N E =======================================
seg005:0748
seg005:0748
seg005:0748 sub_13838       proc far                ; CODE XREF: sub_138BC:loc_138D6↓P
seg005:0748                 xor     ax, ax
seg005:074A                 call    __aFchkstk
seg005:074F                 push    cs
seg005:0750                 call    near ptr sub_13720
seg005:0753                 push    cs
seg005:0754                 call    near ptr sub_1340C
seg005:0757                 push    0
seg005:0759                 push    0
seg005:075B                 push    cs
seg005:075C                 call    near ptr sub_1346E
seg005:075F                 add     sp, 4
seg005:0762                 push    18h
seg005:0764                 push    4Fh ; 'O'
seg005:0766                 push    cs
seg005:0767                 call    near ptr sub_13110
seg005:076A                 add     sp, 4
seg005:076D                 push    cs
seg005:076E                 call    near ptr sub_13720
seg005:0771                 push    0
seg005:0773                 push    0
seg005:0775                 push    cs
seg005:0776                 call    near ptr sub_1346E
seg005:0779                 add     sp, 4
seg005:077C                 retf
seg005:077C sub_13838       endp
seg005:077C
seg005:077C seg005          ends
seg005:077C
seg006:000D ; ===========================================================================
seg006:000D
seg006:000D ; Segment type: Pure code
seg006:000D seg006          segment byte public 'CODE' use16
seg006:000D                 assume cs:seg006
seg006:000D                 ;org 0Dh
seg006:000D                 assume es:nothing, ss:nothing, ds:dseg, fs:nothing, gs:nothing
seg006:000D                 align 2
seg006:000E
seg006:000E ; =============== S U B R O U T I N E =======================================
seg006:000E
seg006:000E ; Attributes: bp-based frame
seg006:000E
seg006:000E sub_1386E       proc far                ; CODE XREF: sub_1011E+15E↑P
seg006:000E
seg006:000E arg_0           = word ptr  6
seg006:000E
seg006:000E                 push    bp
seg006:000F                 mov     bp, sp
seg006:0011                 xor     ax, ax
seg006:0013                 call    __aFchkstk
seg006:0018                 mov     word_14FA4, 0
seg006:001E                 sub     ax, ax
seg006:0020                 push    ax
seg006:0021                 call    sub_1380A
seg006:0026                 add     sp, 2
seg006:0029                 call    sub_13776
seg006:002E                 call    sub_1340C
seg006:0033                 push    [bp+arg_0]
seg006:0036                 call    sub_130FE
seg006:003B                 add     sp, 2
seg006:003E                 sub     ax, ax
seg006:0040                 push    ax
seg006:0041                 push    ax
seg006:0042                 call    sub_1346E
seg006:0047                 add     sp, 4
seg006:004A                 mov     ax, 18h
seg006:004D                 push    ax
seg006:004E                 mov     ax, 4Fh ; 'O'
seg006:0051                 push    ax
seg006:0052                 call    sub_13110
seg006:0057                 mov     sp, bp
seg006:0059                 pop     bp
seg006:005A                 retf
seg006:005A sub_1386E       endp
seg006:005A
seg006:005A ; ---------------------------------------------------------------------------
seg006:005B                 align 2
seg006:005C
seg006:005C ; =============== S U B R O U T I N E =======================================
seg006:005C
seg006:005C
seg006:005C sub_138BC       proc far                ; CODE XREF: sub_102F4:loc_1030A↑P
seg006:005C                 xor     ax, ax
seg006:005E                 call    __aFchkstk
seg006:0063                 cmp     word_1619C, 0
seg006:0068                 jz      short loc_138D6
seg006:006A                 push    word_1619C      ; void near *
seg006:006E                 call    j___nfree
seg006:0073                 add     sp, 2
seg006:0076
seg006:0076 loc_138D6:                              ; CODE XREF: sub_138BC+C↑j
seg006:0076                 call    sub_13838
seg006:007B                 retf
seg006:007B sub_138BC       endp
seg006:007B
seg006:007C
seg006:007C ; =============== S U B R O U T I N E =======================================
seg006:007C
seg006:007C
seg006:007C sub_138DC       proc far                ; CODE XREF: sub_107FE:loc_1080C↑P
seg006:007C                                         ; sub_107FE+101↑P ...
seg006:007C                 xor     ax, ax
seg006:007E                 call    __aFchkstk
seg006:0083                 cmp     word_14FA4, 0
seg006:0088                 jz      short locret_13910
seg006:008A                 call    sub_134A6
seg006:008F                 dec     word_14FA4
seg006:0093                 mov     ax, word_14FA4
seg006:0096                 mov     cx, ax
seg006:0098                 shl     ax, 1
seg006:009A                 add     ax, cx
seg006:009C                 shl     ax, 1
seg006:009E                 shl     ax, 1
seg006:00A0                 push    ax              ; size_t
seg006:00A1                 push    word_1619C      ; void near *
seg006:00A5                 call    j___nrealloc
seg006:00AA                 add     sp, 4
seg006:00AD                 mov     word_1619C, ax
seg006:00B0
seg006:00B0 locret_13910:                           ; CODE XREF: sub_138DC+C↑j
seg006:00B0                 retf
seg006:00B0 sub_138DC       endp
seg006:00B0
seg006:00B0 ; ---------------------------------------------------------------------------
seg006:00B1                 align 2
seg006:00B2
seg006:00B2 ; =============== S U B R O U T I N E =======================================
seg006:00B2
seg006:00B2 ; Attributes: bp-based frame
seg006:00B2
seg006:00B2 sub_13912       proc far                ; CODE XREF: sub_1011E+1BA↑P
seg006:00B2                                         ; sub_107FE+2B↑P ...
seg006:00B2
seg006:00B2 var_2           = word ptr -2
seg006:00B2 arg_0           = byte ptr  6
seg006:00B2 arg_2           = byte ptr  8
seg006:00B2 arg_4           = byte ptr  0Ah
seg006:00B2 arg_6           = byte ptr  0Ch
seg006:00B2 arg_8           = byte ptr  0Eh
seg006:00B2 arg_A           = byte ptr  10h
seg006:00B2
seg006:00B2                 push    bp
seg006:00B3                 mov     bp, sp
seg006:00B5                 mov     ax, 2
seg006:00B8                 call    __aFchkstk
seg006:00BD                 inc     word_14FA4
seg006:00C1                 mov     ax, word_14FA4
seg006:00C4                 mov     cx, ax
seg006:00C6                 shl     ax, 1
seg006:00C8                 add     ax, cx
seg006:00CA                 shl     ax, 1
seg006:00CC                 shl     ax, 1
seg006:00CE                 push    ax              ; size_t
seg006:00CF                 push    word_1619C      ; void near *
seg006:00D3                 call    j___nrealloc
seg006:00D8                 add     sp, 4
seg006:00DB                 mov     word_1619C, ax
seg006:00DE                 mov     ax, word_14FA4
seg006:00E1                 mov     cx, ax
seg006:00E3                 shl     ax, 1
seg006:00E5                 add     ax, cx
seg006:00E7                 shl     ax, 1
seg006:00E9                 shl     ax, 1
seg006:00EB                 add     ax, word_1619C
seg006:00EF                 sub     ax, 0Ch
seg006:00F2                 mov     [bp+var_2], ax
seg006:00F5                 mov     bx, ax
seg006:00F7                 mov     al, [bp+arg_0]
seg006:00FA                 mov     [bx+1], al
seg006:00FD                 mov     al, [bp+arg_2]
seg006:0100                 mov     bx, [bp+var_2]
seg006:0103                 mov     [bx+2], al
seg006:0106                 mov     al, [bp+arg_4]
seg006:0109                 mov     [bx+3], al
seg006:010C                 mov     al, [bp+arg_6]
seg006:010F                 mov     [bx+4], al
seg006:0112                 mov     al, [bp+arg_8]
seg006:0115                 mov     [bx+5], al
seg006:0118                 mov     al, [bp+arg_A]
seg006:011B                 mov     [bx+6], al
seg006:011E                 mov     byte ptr [bx+0Bh], 1
seg006:0122                 push    bx
seg006:0123                 push    cs
seg006:0124                 call    near ptr sub_13C14
seg006:0127                 add     sp, 2
seg006:012A                 mov     bx, [bp+var_2]
seg006:012D                 mov     al, [bx+4]
seg006:0130                 sub     ah, ah
seg006:0132                 push    ax
seg006:0133                 mov     al, [bx+3]
seg006:0136                 push    ax
seg006:0137                 call    sub_1346E
seg006:013C                 add     sp, 4
seg006:013F                 mov     bx, [bp+var_2]
seg006:0142                 mov     al, [bx+0Ah]
seg006:0145                 sub     ah, ah
seg006:0147                 push    ax
seg006:0148                 mov     al, [bx+9]
seg006:014B                 push    ax
seg006:014C                 call    sub_13254
seg006:0151                 add     sp, 4
seg006:0154                 mov     ax, 1
seg006:0157                 push    ax
seg006:0158                 push    [bp+var_2]
seg006:015B                 push    cs
seg006:015C                 call    near ptr sub_139EA
seg006:015F                 add     sp, 4
seg006:0162                 mov     bx, [bp+var_2]
seg006:0165                 cmp     byte ptr [bx+2], 1
seg006:0169                 sbb     ax, ax
seg006:016B                 inc     ax
seg006:016C                 mov     cl, [bx+4]
seg006:016F                 sub     ch, ch
seg006:0171                 mov     dx, ax
seg006:0173                 add     ax, cx
seg006:0175                 push    ax
seg006:0176                 shl     dx, 1
seg006:0178                 mov     al, [bx+3]
seg006:017B                 sub     ah, ah
seg006:017D                 add     dx, ax
seg006:017F                 push    dx
seg006:0180                 call    sub_1346E
seg006:0185                 mov     sp, bp
seg006:0187                 pop     bp
seg006:0188                 retf
seg006:0188 sub_13912       endp
seg006:0188
seg006:0188 ; ---------------------------------------------------------------------------
seg006:0189                 align 2
seg006:018A
seg006:018A ; =============== S U B R O U T I N E =======================================
seg006:018A
seg006:018A ; Attributes: bp-based frame
seg006:018A
seg006:018A sub_139EA       proc far                ; CODE XREF: sub_13912+AA↑p
seg006:018A
seg006:018A var_A           = byte ptr -0Ah
seg006:018A var_8           = word ptr -8
seg006:018A var_6           = word ptr -6
seg006:018A var_4           = word ptr -4
seg006:018A var_2           = word ptr -2
seg006:018A arg_0           = word ptr  6
seg006:018A arg_2           = word ptr  8
seg006:018A
seg006:018A                 push    bp
seg006:018B                 mov     bp, sp
seg006:018D                 mov     ax, 0Ah
seg006:0190                 call    __aFchkstk
seg006:0195                 push    si
seg006:0196                 mov     bx, [bp+arg_0]
seg006:0199                 mov     al, [bx+1]
seg006:019C                 sub     ah, ah
seg006:019E                 push    ax
seg006:019F                 call    sub_130FE
seg006:01A4                 add     sp, 2
seg006:01A7                 mov     bx, [bp+arg_0]
seg006:01AA                 mov     al, [bx+4]
seg006:01AD                 sub     ah, ah
seg006:01AF                 push    ax
seg006:01B0                 mov     al, [bx+3]
seg006:01B3                 push    ax
seg006:01B4                 call    sub_1346E
seg006:01B9                 add     sp, 4
seg006:01BC                 mov     bx, [bp+arg_0]
seg006:01BF                 mov     al, [bx+8]
seg006:01C2                 sub     ah, ah
seg006:01C4                 push    ax
seg006:01C5                 mov     al, [bx+7]
seg006:01C8                 push    ax
seg006:01C9                 call    sub_13110
seg006:01CE                 add     sp, 4
seg006:01D1                 cmp     [bp+arg_2], 0
seg006:01D5                 jnz     short loc_13A3A
seg006:01D7                 jmp     loc_13AF2
seg006:01DA ; ---------------------------------------------------------------------------
seg006:01DA
seg006:01DA loc_13A3A:                              ; CODE XREF: sub_139EA+4B↑j
seg006:01DA                 mov     ax, 7
seg006:01DD                 push    ax
seg006:01DE                 call    sub_130FE
seg006:01E3                 add     sp, 2
seg006:01E6                 mov     bx, [bp+arg_0]
seg006:01E9                 cmp     byte ptr [bx+8], 18h
seg006:01ED                 jnb     short loc_13A7E
seg006:01EF                 mov     al, [bx+8]
seg006:01F2                 sub     ah, ah
seg006:01F4                 inc     ax
seg006:01F5                 push    ax
seg006:01F6                 mov     al, [bx+3]
seg006:01F9                 sub     ah, ah
seg006:01FB                 inc     ax
seg006:01FC                 inc     ax
seg006:01FD                 push    ax
seg006:01FE                 call    sub_1346E
seg006:0203                 add     sp, 4
seg006:0206                 mov     bx, [bp+arg_0]
seg006:0209                 mov     al, [bx+8]
seg006:020C                 sub     ah, ah
seg006:020E                 inc     ax
seg006:020F                 push    ax
seg006:0210                 mov     al, [bx+7]
seg006:0213                 sub     ah, ah
seg006:0215                 push    ax
seg006:0216                 call    sub_131C2
seg006:021B                 add     sp, 4
seg006:021E
seg006:021E loc_13A7E:                              ; CODE XREF: sub_139EA+63↑j
seg006:021E                 mov     bx, [bp+arg_0]
seg006:0221                 cmp     byte ptr [bx+7], 4Fh ; 'O'
seg006:0225                 jnb     short loc_13AE1
seg006:0227                 cmp     byte ptr [bx+8], 18h
seg006:022B                 jnb     short loc_13A92
seg006:022D                 mov     ax, 1
seg006:0230                 jmp     short loc_13A94
seg006:0232 ; ---------------------------------------------------------------------------
seg006:0232
seg006:0232 loc_13A92:                              ; CODE XREF: sub_139EA+A1↑j
seg006:0232                 sub     ax, ax
seg006:0234
seg006:0234 loc_13A94:                              ; CODE XREF: sub_139EA+A6↑j
seg006:0234                 mov     [bp+var_4], ax
seg006:0237                 mov     al, [bx+7]
seg006:023A                 mov     [bp+var_A], al
seg006:023D                 cmp     byte ptr [bx+7], 4Eh ; 'N'
seg006:0241                 jnz     short loc_13AA8
seg006:0243                 mov     ax, 1
seg006:0246                 jmp     short loc_13AAB
seg006:0248 ; ---------------------------------------------------------------------------
seg006:0248
seg006:0248 loc_13AA8:                              ; CODE XREF: sub_139EA+B7↑j
seg006:0248                 mov     ax, 2
seg006:024B
seg006:024B loc_13AAB:                              ; CODE XREF: sub_139EA+BC↑j
seg006:024B                 mov     [bp+var_2], ax
seg006:024E                 mov     al, [bx+4]
seg006:0251                 sub     ah, ah
seg006:0253                 inc     ax
seg006:0254                 push    ax
seg006:0255                 mov     al, [bp+var_A]
seg006:0258                 sub     ah, ah
seg006:025A                 inc     ax
seg006:025B                 push    ax
seg006:025C                 call    sub_1346E
seg006:0261                 add     sp, 4
seg006:0264                 mov     bx, [bp+arg_0]
seg006:0267                 mov     al, [bx+8]
seg006:026A                 sub     ah, ah
seg006:026C                 add     ax, [bp+var_4]
seg006:026F                 push    ax
seg006:0270                 mov     al, [bx+7]
seg006:0273                 sub     ah, ah
seg006:0275                 add     ax, [bp+var_2]
seg006:0278                 push    ax
seg006:0279                 call    sub_131C2
seg006:027E                 add     sp, 4
seg006:0281
seg006:0281 loc_13AE1:                              ; CODE XREF: sub_139EA+9B↑j
seg006:0281                 mov     bx, [bp+arg_0]
seg006:0284                 mov     al, [bx+1]
seg006:0287                 sub     ah, ah
seg006:0289                 push    ax
seg006:028A                 call    sub_130FE
seg006:028F                 add     sp, 2
seg006:0292
seg006:0292 loc_13AF2:                              ; CODE XREF: sub_139EA+4D↑j
seg006:0292                 mov     bx, [bp+arg_0]
seg006:0295                 cmp     byte ptr [bx+2], 0
seg006:0299                 jnz     short loc_13AFE
seg006:029B                 jmp     loc_13C0F
seg006:029E ; ---------------------------------------------------------------------------
seg006:029E
seg006:029E loc_13AFE:                              ; CODE XREF: sub_139EA+10F↑j
seg006:029E                 mov     bl, [bx+2]
seg006:02A1                 sub     bh, bh
seg006:02A3                 shl     bx, 1
seg006:02A5                 mov     ax, [bx+92Eh]
seg006:02A9                 mov     [bp+var_8], ax
seg006:02AC                 mov     bx, [bp+arg_0]
seg006:02AF                 mov     al, [bx+4]
seg006:02B2                 sub     ah, ah
seg006:02B4                 push    ax
seg006:02B5                 mov     al, [bx+3]
seg006:02B8                 inc     ax
seg006:02B9                 push    ax
seg006:02BA                 call    sub_1346E
seg006:02BF                 add     sp, 4
seg006:02C2                 mov     bx, [bp+var_8]
seg006:02C5                 mov     al, [bx]
seg006:02C7                 cbw
seg006:02C8                 push    ax
seg006:02C9                 call    sub_13600
seg006:02CE                 add     sp, 2
seg006:02D1                 mov     bx, [bp+arg_0]
seg006:02D4                 mov     al, [bx+5]
seg006:02D7                 sub     ah, ah
seg006:02D9                 sub     ax, 4
seg006:02DC                 push    ax
seg006:02DD                 mov     si, [bp+var_8]
seg006:02E0                 mov     al, [si+4]
seg006:02E3                 cbw
seg006:02E4                 push    ax
seg006:02E5                 call    sub_1368E
seg006:02EA                 add     sp, 4
seg006:02ED                 mov     al, [si+1]
seg006:02F0                 cbw
seg006:02F1                 push    ax
seg006:02F2                 call    sub_13600
seg006:02F7                 add     sp, 2
seg006:02FA                 mov     bx, [bp+arg_0]
seg006:02FD                 mov     al, [bx+4]
seg006:0300                 sub     ah, ah
seg006:0302                 inc     ax
seg006:0303                 mov     [bp+var_6], ax
seg006:0306                 jmp     short loc_13B6B
seg006:0308 ; ---------------------------------------------------------------------------
seg006:0308
seg006:0308 loc_13B68:                              ; CODE XREF: sub_139EA+1D3↓j
seg006:0308                 inc     [bp+var_6]
seg006:030B
seg006:030B loc_13B6B:                              ; CODE XREF: sub_139EA+17C↑j
seg006:030B                 mov     bx, [bp+arg_0]
seg006:030E                 mov     al, [bx+8]
seg006:0311                 sub     ah, ah
seg006:0313                 cmp     ax, [bp+var_6]
seg006:0316                 jle     short loc_13BC0
seg006:0318                 push    [bp+var_6]
seg006:031B                 mov     al, [bx+3]
seg006:031E                 inc     ax
seg006:031F                 push    ax
seg006:0320                 call    sub_1346E
seg006:0325                 add     sp, 4
seg006:0328                 mov     bx, [bp+var_8]
seg006:032B                 mov     al, [bx+5]
seg006:032E                 cbw
seg006:032F                 push    ax
seg006:0330                 call    sub_13600
seg006:0335                 add     sp, 2
seg006:0338                 push    [bp+var_6]
seg006:033B                 mov     bx, [bp+arg_0]
seg006:033E                 mov     al, [bx+7]
seg006:0341                 sub     ah, ah
seg006:0343                 dec     ax
seg006:0344                 push    ax
seg006:0345                 call    sub_1346E
seg006:034A                 add     sp, 4
seg006:034D                 mov     bx, [bp+var_8]
seg006:0350                 mov     al, [bx+5]
seg006:0353                 cbw
seg006:0354                 push    ax
seg006:0355                 call    sub_13600
seg006:035A                 add     sp, 2
seg006:035D                 jmp     short loc_13B68
seg006:035D ; ---------------------------------------------------------------------------
seg006:035F                 align 2
seg006:0360
seg006:0360 loc_13BC0:                              ; CODE XREF: sub_139EA+18C↑j
seg006:0360                 mov     al, [bx+8]
seg006:0363                 sub     ah, ah
seg006:0365                 push    ax
seg006:0366                 mov     al, [bx+3]
seg006:0369                 inc     ax
seg006:036A                 push    ax
seg006:036B                 call    sub_1346E
seg006:0370                 add     sp, 4
seg006:0373                 mov     bx, [bp+var_8]
seg006:0376                 mov     al, [bx+2]
seg006:0379                 cbw
seg006:037A                 push    ax
seg006:037B                 call    sub_13600
seg006:0380                 add     sp, 2
seg006:0383                 mov     bx, [bp+arg_0]
seg006:0386                 mov     al, [bx+5]
seg006:0389                 sub     ah, ah
seg006:038B                 sub     ax, 4
seg006:038E                 push    ax
seg006:038F                 mov     bx, [bp+var_8]
seg006:0392                 mov     al, [bx+4]
seg006:0395                 cbw
seg006:0396                 push    ax
seg006:0397                 call    sub_1368E
seg006:039C                 add     sp, 4
seg006:039F                 mov     bx, [bp+var_8]
seg006:03A2                 mov     al, [bx+3]
seg006:03A5                 cbw
seg006:03A6                 push    ax
seg006:03A7                 call    sub_13600
seg006:03AC                 add     sp, 2
seg006:03AF
seg006:03AF loc_13C0F:                              ; CODE XREF: sub_139EA+111↑j
seg006:03AF                 pop     si
seg006:03B0                 mov     sp, bp
seg006:03B2                 pop     bp
seg006:03B3                 retf
seg006:03B3 sub_139EA       endp
seg006:03B3
seg006:03B4
seg006:03B4 ; =============== S U B R O U T I N E =======================================
seg006:03B4
seg006:03B4 ; Attributes: bp-based frame
seg006:03B4
seg006:03B4 sub_13C14       proc far                ; CODE XREF: sub_13912+72↑p
seg006:03B4
seg006:03B4 arg_0           = word ptr  6
seg006:03B4
seg006:03B4                 push    bp
seg006:03B5                 mov     bp, sp
seg006:03B7                 xor     ax, ax
seg006:03B9                 call    __aFchkstk
seg006:03BE                 mov     bx, [bp+arg_0]
seg006:03C1                 mov     al, [bx+3]
seg006:03C4                 mov     cx, ax
seg006:03C6                 sub     ah, ah
seg006:03C8                 mov     dl, [bx+5]
seg006:03CB                 sub     dh, dh
seg006:03CD                 add     ax, dx
seg006:03CF                 cmp     ax, 50h ; 'P'
seg006:03D2                 jle     short loc_13C3C
seg006:03D4                 sub     cl, 50h ; 'P'
seg006:03D7                 neg     cl
seg006:03D9                 mov     [bx+5], cl
seg006:03DC
seg006:03DC loc_13C3C:                              ; CODE XREF: sub_13C14+1E↑j
seg006:03DC                 mov     bx, [bp+arg_0]
seg006:03DF                 mov     al, [bx+4]
seg006:03E2                 mov     cx, ax
seg006:03E4                 sub     ah, ah
seg006:03E6                 mov     dl, [bx+6]
seg006:03E9                 sub     dh, dh
seg006:03EB                 add     ax, dx
seg006:03ED                 cmp     ax, 19h
seg006:03F0                 jle     short loc_13C5A
seg006:03F2                 sub     cl, 19h
seg006:03F5                 neg     cl
seg006:03F7                 mov     [bx+6], cl
seg006:03FA
seg006:03FA loc_13C5A:                              ; CODE XREF: sub_13C14+3C↑j
seg006:03FA                 mov     bx, [bp+arg_0]
seg006:03FD                 mov     al, [bx+3]
seg006:0400                 add     al, [bx+5]
seg006:0403                 dec     al
seg006:0405                 mov     [bx+7], al
seg006:0408                 mov     al, [bx+4]
seg006:040B                 add     al, [bx+6]
seg006:040E                 dec     al
seg006:0410                 mov     [bx+8], al
seg006:0413                 mov     al, [bx+7]
seg006:0416                 add     al, 2
seg006:0418                 mov     [bx+9], al
seg006:041B                 cmp     al, 4Fh ; 'O'
seg006:041D                 jbe     short loc_13C83
seg006:041F                 mov     byte ptr [bx+9], 4Fh ; 'O'
seg006:0423
seg006:0423 loc_13C83:                              ; CODE XREF: sub_13C14+69↑j
seg006:0423                 mov     bx, [bp+arg_0]
seg006:0426                 mov     al, [bx+8]
seg006:0429                 inc     al
seg006:042B                 mov     [bx+0Ah], al
seg006:042E                 cmp     al, 18h
seg006:0430                 jbe     short loc_13C96
seg006:0432                 mov     byte ptr [bx+0Ah], 18h
seg006:0436
seg006:0436 loc_13C96:                              ; CODE XREF: sub_13C14+7C↑j
seg006:0436                 mov     sp, bp
seg006:0438                 pop     bp
seg006:0439                 retf
seg006:0439 sub_13C14       endp
seg006:0439
seg006:0439 seg006          ends
seg006:0439
seg007:000A ; ---------------------------------------------------------------------------
seg007:000A ; ===========================================================================
seg007:000A
seg007:000A ; Segment type: Pure code
seg007:000A seg007          segment byte public 'CODE' use16
seg007:000A                 assume cs:seg007
seg007:000A                 ;org 0Ah
seg007:000A                 assume es:nothing, ss:nothing, ds:dseg, fs:nothing, gs:nothing
seg007:000A                 push    bp
seg007:000B                 mov     bp, sp
seg007:000D                 xor     ax, ax
seg007:000F                 call    __aFchkstk
seg007:0014                 mov     bx, [bp+6]
seg007:0017                 mov     al, [bx+8]
seg007:001A                 cmp     [bx+3], al
seg007:001D                 ja      short loc_13CB3
seg007:001F                 mov     byte ptr [bx+8], 0
seg007:0023
seg007:0023 loc_13CB3:                              ; CODE XREF: seg007:001D↑j
seg007:0023                 push    word ptr [bp+6]
seg007:0026                 push    cs
seg007:0027                 call    near ptr sub_13DE6
seg007:002A                 add     sp, 2
seg007:002D                 push    word ptr [bp+6]
seg007:0030                 push    cs
seg007:0031                 call    near ptr sub_13CD0
seg007:0034                 add     sp, 2
seg007:0037                 mov     sp, bp
seg007:0039                 pop     bp
seg007:003A                 retf
seg007:003B ; ---------------------------------------------------------------------------
seg007:003B                 mov     sp, bp
seg007:003D                 pop     bp
seg007:003E                 retf
seg007:003E ; ---------------------------------------------------------------------------
seg007:003F                 align 2
seg007:0040
seg007:0040 ; =============== S U B R O U T I N E =======================================
seg007:0040
seg007:0040 ; Attributes: bp-based frame
seg007:0040
seg007:0040 sub_13CD0       proc far                ; CODE XREF: sub_1048E+B↑P
seg007:0040                                         ; seg007:0031↑p ...
seg007:0040
seg007:0040 var_4           = word ptr -4
seg007:0040 var_2           = word ptr -2
seg007:0040 arg_0           = word ptr  6
seg007:0040
seg007:0040                 push    bp
seg007:0041                 mov     bp, sp
seg007:0043                 mov     ax, 4
seg007:0046                 call    __aFchkstk
seg007:004B                 push    di
seg007:004C                 push    si
seg007:004D                 mov     [bp+var_2], 0
seg007:0052                 jmp     short loc_13CE7
seg007:0054 ; ---------------------------------------------------------------------------
seg007:0054
seg007:0054 loc_13CE4:                              ; CODE XREF: sub_13CD0:loc_13D5A↓j
seg007:0054                 inc     [bp+var_2]
seg007:0057
seg007:0057 loc_13CE7:                              ; CODE XREF: sub_13CD0+12↑j
seg007:0057                 mov     bx, [bp+arg_0]
seg007:005A                 mov     al, [bx+3]
seg007:005D                 sub     ah, ah
seg007:005F                 cmp     ax, [bp+var_2]
seg007:0062                 jle     short loc_13D5C
seg007:0064                 mov     si, [bx+9]
seg007:0067                 mov     ax, 11h
seg007:006A                 imul    [bp+var_2]
seg007:006D                 mov     bx, ax
seg007:006F                 mov     ax, [bx+si+2]
seg007:0072                 jmp     short loc_13D50
seg007:0074 ; ---------------------------------------------------------------------------
seg007:0074
seg007:0074 loc_13D04:                              ; CODE XREF: sub_13CD0+82↓j
seg007:0074                 mov     ax, 11h
seg007:0077                 imul    [bp+var_2]
seg007:007A                 mov     bx, ax
seg007:007C                 mov     si, [bp+arg_0]
seg007:007F                 add     bx, [si+9]
seg007:0082                 cmp     word ptr [bx+7], 0
seg007:0086                 jz      short loc_13D2E
seg007:0088                 mov     di, [bx+7]
seg007:008B                 mov     cx, [di]
seg007:008D                 mov     [bx+5], cx
seg007:0090                 mov     bx, [si+9]
seg007:0093                 add     bx, ax
seg007:0095                 mov     al, [bx+5]
seg007:0098                 mov     bx, [bx+9]
seg007:009B                 mov     [bx+8], al
seg007:009E
seg007:009E loc_13D2E:                              ; CODE XREF: sub_13CD0+46↑j
seg007:009E                 jmp     short loc_13D5A
seg007:00A0 ; ---------------------------------------------------------------------------
seg007:00A0
seg007:00A0 loc_13D30:                              ; CODE XREF: sub_13CD0+86↓j
seg007:00A0                 mov     ax, 11h
seg007:00A3                 imul    [bp+var_2]
seg007:00A6                 mov     bx, ax
seg007:00A8                 mov     si, [bp+arg_0]
seg007:00AB                 add     bx, [si+9]
seg007:00AE                 cmp     word ptr [bx+7], 0
seg007:00B2                 jz      short loc_13D4C
seg007:00B4                 mov     si, [bx+7]
seg007:00B7                 mov     ax, [si]
seg007:00B9                 mov     [bx+5], ax
seg007:00BC
seg007:00BC loc_13D4C:                              ; CODE XREF: sub_13CD0+72↑j
seg007:00BC                 jmp     short loc_13D5A
seg007:00BE ; ---------------------------------------------------------------------------
seg007:00BE                 jmp     short loc_13D5A
seg007:00C0 ; ---------------------------------------------------------------------------
seg007:00C0
seg007:00C0 loc_13D50:                              ; CODE XREF: sub_13CD0+32↑j
seg007:00C0                 or      ax, ax
seg007:00C2                 jz      short loc_13D04
seg007:00C4                 dec     ax
seg007:00C5                 dec     ax
seg007:00C6                 jz      short loc_13D30
seg007:00C8                 jmp     short $+2
seg007:00CA ; ---------------------------------------------------------------------------
seg007:00CA
seg007:00CA loc_13D5A:                              ; CODE XREF: sub_13CD0:loc_13D2E↑j
seg007:00CA                                         ; sub_13CD0:loc_13D4C↑j ...
seg007:00CA                 jmp     short loc_13CE4
seg007:00CC ; ---------------------------------------------------------------------------
seg007:00CC
seg007:00CC loc_13D5C:                              ; CODE XREF: sub_13CD0+22↑j
seg007:00CC                 cmp     byte ptr [bx+4], 1
seg007:00D0                 sbb     ax, ax
seg007:00D2                 inc     ax
seg007:00D3                 mov     cx, ax
seg007:00D5                 shl     ax, 1
seg007:00D7                 mov     dl, [bx+3]
seg007:00DA                 sub     dh, dh
seg007:00DC                 mov     si, ax
seg007:00DE                 add     ax, dx
seg007:00E0                 push    ax
seg007:00E1                 mov     ax, cx
seg007:00E3                 shl     cx, 1
seg007:00E5                 shl     cx, 1
seg007:00E7                 mov     dl, [bx+2]
seg007:00EA                 add     cx, dx
seg007:00EC                 push    cx
seg007:00ED                 mov     cl, [bx+1]
seg007:00F0                 sub     ch, ch
seg007:00F2                 sub     cx, ax
seg007:00F4                 push    cx
seg007:00F5                 mov     al, [bx]
seg007:00F7                 sub     ah, ah
seg007:00F9                 sub     ax, si
seg007:00FB                 push    ax
seg007:00FC                 mov     al, [bx+4]
seg007:00FF                 sub     ah, ah
seg007:0101                 push    ax
seg007:0102                 mov     al, [bx+5]
seg007:0105                 push    ax
seg007:0106                 call    sub_13912
seg007:010B                 add     sp, 0Ch
seg007:010E                 push    [bp+arg_0]
seg007:0111                 push    cs
seg007:0112                 call    near ptr sub_13DE6
seg007:0115                 add     sp, 2
seg007:0118                 push    [bp+arg_0]
seg007:011B                 push    cs
seg007:011C                 call    near ptr sub_13F7E
seg007:011F                 add     sp, 2
seg007:0122                 mov     [bp+var_4], ax
seg007:0125                 cmp     ax, 1Bh
seg007:0128                 jz      short loc_13DD2
seg007:012A                 mov     bx, [bp+arg_0]
seg007:012D                 mov     al, 11h
seg007:012F                 mul     byte ptr [bx+8]
seg007:0132                 mov     bx, [bx+9]
seg007:0135                 mov     si, ax
seg007:0137                 mov     ax, [bx+si+0Fh]
seg007:013A                 or      ax, [bx+si+0Dh]
seg007:013D                 jz      short loc_13DD2
seg007:013F                 call    dword ptr [bx+si+0Dh]
seg007:0142
seg007:0142 loc_13DD2:                              ; CODE XREF: sub_13CD0+E8↑j
seg007:0142                                         ; sub_13CD0+FD↑j
seg007:0142                 call    sub_138DC
seg007:0147                 mov     ax, [bp+var_4]
seg007:014A                 pop     si
seg007:014B                 pop     di
seg007:014C                 mov     sp, bp
seg007:014E                 pop     bp
seg007:014F                 retf
seg007:014F sub_13CD0       endp
seg007:014F
seg007:0150 ; ---------------------------------------------------------------------------
seg007:0150                 pop     si
seg007:0151                 pop     di
seg007:0152                 mov     sp, bp
seg007:0154                 pop     bp
seg007:0155                 retf
seg007:0156
seg007:0156 ; =============== S U B R O U T I N E =======================================
seg007:0156
seg007:0156 ; Attributes: bp-based frame
seg007:0156
seg007:0156 sub_13DE6       proc far                ; CODE XREF: seg007:0027↑p
seg007:0156                                         ; sub_13CD0+D2↑p ...
seg007:0156
seg007:0156 var_5A          = word ptr -5Ah
seg007:0156 var_58          = word ptr -58h
seg007:0156 var_56          = byte ptr -56h
seg007:0156 var_4           = word ptr -4
seg007:0156 var_2           = word ptr -2
seg007:0156 arg_0           = word ptr  6
seg007:0156
seg007:0156                 push    bp
seg007:0157                 mov     bp, sp
seg007:0159                 mov     ax, 5Ah
seg007:015C                 call    __aFchkstk
seg007:0161                 push    si
seg007:0162                 mov     [bp+var_2], 0
seg007:0167                 jmp     short loc_13DFD
seg007:0167 ; ---------------------------------------------------------------------------
seg007:0169                 align 2
seg007:016A
seg007:016A loc_13DFA:                              ; CODE XREF: sub_13DE6+18F↓j
seg007:016A                 inc     [bp+var_2]
seg007:016D
seg007:016D loc_13DFD:                              ; CODE XREF: sub_13DE6+11↑j
seg007:016D                 mov     bx, [bp+arg_0]
seg007:0170                 mov     al, [bx+3]
seg007:0173                 sub     ah, ah
seg007:0175                 cmp     ax, [bp+var_2]
seg007:0178                 jg      short loc_13E0D
seg007:017A                 jmp     loc_13F78
seg007:017D ; ---------------------------------------------------------------------------
seg007:017D
seg007:017D loc_13E0D:                              ; CODE XREF: sub_13DE6+22↑j
seg007:017D                 mov     ax, 11h
seg007:0180                 imul    [bp+var_2]
seg007:0183                 mov     si, ax
seg007:0185                 add     si, [bx+9]
seg007:0188                 mov     al, [si+4]
seg007:018B                 cbw
seg007:018C                 mov     [bp+var_4], ax
seg007:018F                 mov     ax, [si+2]
seg007:0192                 jmp     loc_13ED6
seg007:0192 ; ---------------------------------------------------------------------------
seg007:0195                 align 2
seg007:0196
seg007:0196 loc_13E26:                              ; CODE XREF: sub_13DE6+F8↓j
seg007:0196                 cmp     [bp+var_4], 0
seg007:019A                 jz      short loc_13E46
seg007:019C                 mov     ax, 11h
seg007:019F                 imul    [bp+var_2]
seg007:01A2                 mov     bx, ax
seg007:01A4                 mov     si, [bp+arg_0]
seg007:01A7                 add     bx, [si+9]
seg007:01AA                 mov     si, [bx+0Bh]
seg007:01AD                 mov     bx, [bx+5]
seg007:01B0                 shl     bx, 1
seg007:01B2                 mov     ax, [bx+si]
seg007:01B4                 jmp     short loc_13E49
seg007:01B6 ; ---------------------------------------------------------------------------
seg007:01B6
seg007:01B6 loc_13E46:                              ; CODE XREF: sub_13DE6+44↑j
seg007:01B6                 mov     ax, 934h
seg007:01B9
seg007:01B9 loc_13E49:                              ; CODE XREF: sub_13DE6+5E↑j
seg007:01B9                 mov     [bp+var_5A], ax
seg007:01BC                 push    ax              ; char *
seg007:01BD                 mov     ax, 11h
seg007:01C0                 imul    [bp+var_2]
seg007:01C3                 mov     si, ax
seg007:01C5                 mov     bx, [bp+arg_0]
seg007:01C8                 mov     bx, [bx+9]
seg007:01CB                 push    word ptr [bx+si]
seg007:01CD                 lea     ax, [bp+var_56]
seg007:01D0                 push    ax              ; char *
seg007:01D1                 call    _sprintf
seg007:01D6                 add     sp, 6
seg007:01D9                 jmp     short loc_13EE4
seg007:01D9 ; ---------------------------------------------------------------------------
seg007:01DB                 align 2
seg007:01DC
seg007:01DC loc_13E6C:                              ; CODE XREF: sub_13DE6+F2↓j
seg007:01DC                 cmp     [bp+var_4], 0
seg007:01E0                 jz      short loc_13E92
seg007:01E2                 mov     ax, 11h
seg007:01E5                 imul    [bp+var_2]
seg007:01E8                 mov     bx, ax
seg007:01EA                 mov     si, [bp+arg_0]
seg007:01ED                 add     bx, [si+9]
seg007:01F0                 mov     ax, 11h
seg007:01F3                 mul     word ptr [bx+5]
seg007:01F6                 mov     bx, [bx+9]
seg007:01F9                 mov     bx, [bx+9]
seg007:01FC                 mov     si, ax
seg007:01FE                 mov     ax, [bx+si]
seg007:0200                 jmp     short loc_13E95
seg007:0202 ; ---------------------------------------------------------------------------
seg007:0202
seg007:0202 loc_13E92:                              ; CODE XREF: sub_13DE6+8A↑j
seg007:0202                 mov     ax, 935h
seg007:0205
seg007:0205 loc_13E95:                              ; CODE XREF: sub_13DE6+AA↑j
seg007:0205                 mov     [bp+var_5A], ax
seg007:0208                 push    ax              ; char *
seg007:0209                 mov     ax, 11h
seg007:020C                 imul    [bp+var_2]
seg007:020F                 mov     si, ax
seg007:0211                 mov     bx, [bp+arg_0]
seg007:0214                 mov     bx, [bx+9]
seg007:0217                 push    word ptr [bx+si]
seg007:0219                 lea     ax, [bp+var_56]
seg007:021C                 push    ax              ; char *
seg007:021D                 call    _sprintf
seg007:0222                 add     sp, 6
seg007:0225                 jmp     short loc_13EE4
seg007:0225 ; ---------------------------------------------------------------------------
seg007:0227                 align 2
seg007:0228
seg007:0228 loc_13EB8:                              ; CODE XREF: sub_13DE6:loc_13EE1↓j
seg007:0228                 mov     ax, 11h
seg007:022B                 imul    [bp+var_2]
seg007:022E                 mov     si, ax
seg007:0230                 mov     bx, [bp+arg_0]
seg007:0233                 mov     bx, [bx+9]
seg007:0236                 push    word ptr [bx+si]
seg007:0238                 lea     ax, [bp+var_56]
seg007:023B                 push    ax              ; char *
seg007:023C                 call    _strcpy
seg007:0241                 add     sp, 4
seg007:0244                 jmp     short loc_13EE4
seg007:0246 ; ---------------------------------------------------------------------------
seg007:0246
seg007:0246 loc_13ED6:                              ; CODE XREF: sub_13DE6+3C↑j
seg007:0246                 or      ax, ax
seg007:0248                 jz      short loc_13E6C
seg007:024A                 dec     ax
seg007:024B                 dec     ax
seg007:024C                 jnz     short loc_13EE1
seg007:024E                 jmp     loc_13E26
seg007:0251 ; ---------------------------------------------------------------------------
seg007:0251
seg007:0251 loc_13EE1:                              ; CODE XREF: sub_13DE6+F6↑j
seg007:0251                 jmp     short loc_13EB8
seg007:0251 ; ---------------------------------------------------------------------------
seg007:0253                 align 2
seg007:0254
seg007:0254 loc_13EE4:                              ; CODE XREF: sub_13DE6+83↑j
seg007:0254                                         ; sub_13DE6+CF↑j ...
seg007:0254                 lea     ax, [bp+var_56]
seg007:0257                 push    ax              ; char *
seg007:0258                 call    _strlen
seg007:025D                 add     sp, 2
seg007:0260                 mov     [bp+var_58], ax
seg007:0263                 mov     bx, [bp+arg_0]
seg007:0266                 mov     al, [bx+2]
seg007:0269                 sub     ah, ah
seg007:026B                 cmp     ax, [bp+var_58]
seg007:026E                 jle     short loc_13F17
seg007:0270                 sub     ax, [bp+var_58]
seg007:0273                 push    ax              ; int
seg007:0274                 mov     ax, 20h ; ' '
seg007:0277                 push    ax
seg007:0278                 mov     si, [bp+var_58]
seg007:027B                 lea     ax, [bp+si+var_56]
seg007:027E                 push    ax              ; void *
seg007:027F                 call    _memset
seg007:0284                 add     sp, 6
seg007:0287
seg007:0287 loc_13F17:                              ; CODE XREF: sub_13DE6+118↑j
seg007:0287                 mov     bx, [bp+arg_0]
seg007:028A                 mov     al, [bx+2]
seg007:028D                 sub     ah, ah
seg007:028F                 mov     si, ax
seg007:0291                 mov     [bp+si+var_56], ah
seg007:0294                 mov     al, [bx+1]
seg007:0297                 add     ax, [bp+var_2]
seg007:029A                 push    ax
seg007:029B                 mov     al, [bx]
seg007:029D                 sub     ah, ah
seg007:029F                 push    ax
seg007:02A0                 call    sub_1346E
seg007:02A5                 add     sp, 4
seg007:02A8                 cmp     [bp+var_4], 0
seg007:02AC                 jz      short loc_13F58
seg007:02AE                 mov     bx, [bp+arg_0]
seg007:02B1                 mov     al, [bx+8]
seg007:02B4                 sub     ah, ah
seg007:02B6                 cmp     ax, [bp+var_2]
seg007:02B9                 jnz     short loc_13F50
seg007:02BB                 mov     al, [bx+6]
seg007:02BE                 jmp     short loc_13F55
seg007:02C0 ; ---------------------------------------------------------------------------
seg007:02C0
seg007:02C0 loc_13F50:                              ; CODE XREF: sub_13DE6+163↑j
seg007:02C0                 mov     al, [bx+5]
seg007:02C3                 sub     ah, ah
seg007:02C5
seg007:02C5 loc_13F55:                              ; CODE XREF: sub_13DE6+168↑j
seg007:02C5                 jmp     short loc_13F60
seg007:02C5 ; ---------------------------------------------------------------------------
seg007:02C7                 align 2
seg007:02C8
seg007:02C8 loc_13F58:                              ; CODE XREF: sub_13DE6+156↑j
seg007:02C8                 mov     bx, [bp+arg_0]
seg007:02CB                 mov     al, [bx+7]
seg007:02CE                 sub     ah, ah
seg007:02D0
seg007:02D0 loc_13F60:                              ; CODE XREF: sub_13DE6:loc_13F55↑j
seg007:02D0                 push    ax
seg007:02D1                 call    sub_130FE
seg007:02D6                 add     sp, 2
seg007:02D9                 lea     ax, [bp+var_56]
seg007:02DC                 push    ax
seg007:02DD                 call    sub_1357A
seg007:02E2                 add     sp, 2
seg007:02E5                 jmp     loc_13DFA
seg007:02E8 ; ---------------------------------------------------------------------------
seg007:02E8
seg007:02E8 loc_13F78:                              ; CODE XREF: sub_13DE6+24↑j
seg007:02E8                 pop     si
seg007:02E9                 mov     sp, bp
seg007:02EB                 pop     bp
seg007:02EC                 retf
seg007:02EC sub_13DE6       endp
seg007:02EC
seg007:02EC ; ---------------------------------------------------------------------------
seg007:02ED                 align 2
seg007:02EE
seg007:02EE ; =============== S U B R O U T I N E =======================================
seg007:02EE
seg007:02EE ; Attributes: bp-based frame
seg007:02EE
seg007:02EE sub_13F7E       proc far                ; CODE XREF: sub_13CD0+DC↑p
seg007:02EE
seg007:02EE var_C           = word ptr -0Ch
seg007:02EE var_A           = word ptr -0Ah
seg007:02EE var_8           = word ptr -8
seg007:02EE var_6           = word ptr -6
seg007:02EE var_4           = word ptr -4
seg007:02EE var_2           = word ptr -2
seg007:02EE arg_0           = word ptr  6
seg007:02EE
seg007:02EE                 push    bp
seg007:02EF                 mov     bp, sp
seg007:02F1                 mov     ax, 0Ch
seg007:02F4                 call    __aFchkstk
seg007:02F9                 push    di
seg007:02FA                 push    si
seg007:02FB                 mov     bx, [bp+arg_0]
seg007:02FE                 mov     al, [bx+8]
seg007:0301                 sub     ah, ah
seg007:0303                 mov     [bp+var_8], ax
seg007:0306                 mov     [bp+var_C], ax
seg007:0309                 mov     [bp+var_6], 0
seg007:030E
seg007:030E loc_13F9E:                              ; CODE XREF: sub_13F7E:loc_14159↓j
seg007:030E                 cmp     [bp+var_6], 0
seg007:0312                 jz      short loc_13FA7
seg007:0314                 jmp     loc_1415C
seg007:0317 ; ---------------------------------------------------------------------------
seg007:0317
seg007:0317 loc_13FA7:                              ; CODE XREF: sub_13F7E+24↑j
seg007:0317                 sub     ax, ax
seg007:0319                 mov     [bp+var_4], ax
seg007:031C                 mov     [bp+var_2], ax
seg007:031F                 call    sub_12FBA
seg007:0324                 mov     [bp+var_A], ax
seg007:0327                 jmp     loc_140B2
seg007:032A ; ---------------------------------------------------------------------------
seg007:032A
seg007:032A loc_13FBA:                              ; CODE XREF: sub_13F7E+14B↓j
seg007:032A                 mov     bx, [bp+arg_0]
seg007:032D                 cmp     byte ptr [bx], 17h
seg007:0330                 jz      short loc_13FD2
seg007:0332                 mov     al, byte ptr [bp+var_C]
seg007:0335                 mov     [bx+8], al
seg007:0338                 mov     ax, [bp+var_A]
seg007:033B                 pop     si
seg007:033C                 pop     di
seg007:033D                 mov     sp, bp
seg007:033F                 pop     bp
seg007:0340                 retf
seg007:0340 ; ---------------------------------------------------------------------------
seg007:0341                 align 2
seg007:0342
seg007:0342 loc_13FD2:                              ; CODE XREF: sub_13F7E+42↑j
seg007:0342                 jmp     loc_140F4
seg007:0342 ; ---------------------------------------------------------------------------
seg007:0345                 align 2
seg007:0346
seg007:0346 loc_13FD6:                              ; CODE XREF: sub_13F7E+139↓j
seg007:0346                 mov     [bp+var_2], 1
seg007:034B                 dec     [bp+var_8]
seg007:034E                 jmp     loc_140F4
seg007:034E ; ---------------------------------------------------------------------------
seg007:0351                 align 2
seg007:0352
seg007:0352 loc_13FE2:                              ; CODE XREF: sub_13F7E+16B↓j
seg007:0352                 inc     [bp+var_8]
seg007:0355                 jmp     loc_140F4
seg007:0358 ; ---------------------------------------------------------------------------
seg007:0358
seg007:0358 loc_13FE8:                              ; CODE XREF: sub_13F7E+153↓j
seg007:0358                                         ; sub_13F7E+15D↓j
seg007:0358                 mov     [bp+var_8], 0
seg007:035D                 jmp     loc_140F4
seg007:0360 ; ---------------------------------------------------------------------------
seg007:0360
seg007:0360 loc_13FF0:                              ; CODE XREF: sub_13F7E+165↓j
seg007:0360                                         ; sub_13F7E+171↓j
seg007:0360                 mov     [bp+var_2], 1
seg007:0365                 mov     bx, [bp+arg_0]
seg007:0368                 mov     al, [bx+3]
seg007:036B                 sub     ah, ah
seg007:036D                 dec     ax
seg007:036E                 mov     [bp+var_8], ax
seg007:0371                 jmp     loc_140F4
seg007:0374 ; ---------------------------------------------------------------------------
seg007:0374
seg007:0374 loc_14004:                              ; CODE XREF: sub_13F7E+143↓j
seg007:0374                 mov     ax, 11h
seg007:0377                 imul    [bp+var_8]
seg007:037A                 mov     bx, ax
seg007:037C                 mov     si, [bp+arg_0]
seg007:037F                 mov     si, [si+9]
seg007:0382                 mov     ax, [bx+si+2]
seg007:0385                 jmp     loc_140A0
seg007:0388 ; ---------------------------------------------------------------------------
seg007:0388
seg007:0388 loc_14018:                              ; CODE XREF: sub_13F7E+126↓j
seg007:0388                 mov     bx, [bp+arg_0]
seg007:038B                 mov     al, 11h
seg007:038D                 mul     byte ptr [bx+8]
seg007:0390                 mov     bx, [bx+9]
seg007:0393                 mov     si, ax
seg007:0395                 push    word ptr [bx+si+9]
seg007:0398                 push    cs
seg007:0399                 call    near ptr sub_13CD0
seg007:039C                 add     sp, 2
seg007:039F                 mov     ax, 11h
seg007:03A2                 imul    [bp+var_8]
seg007:03A5                 mov     bx, ax
seg007:03A7                 mov     si, [bp+arg_0]
seg007:03AA                 add     bx, [si+9]
seg007:03AD                 mov     di, [bx+9]
seg007:03B0                 mov     cl, [di+8]
seg007:03B3                 sub     ch, ch
seg007:03B5                 mov     [bx+5], cx
seg007:03B8                 mov     bx, [si+9]
seg007:03BB                 add     bx, ax
seg007:03BD                 cmp     word ptr [bx+7], 0
seg007:03C1                 jz      short loc_1405B
seg007:03C3                 mov     ax, [bx+5]
seg007:03C6                 mov     bx, [bx+7]
seg007:03C9                 mov     [bx], ax
seg007:03CB
seg007:03CB loc_1405B:                              ; CODE XREF: sub_13F7E+D3↑j
seg007:03CB                 mov     [bp+var_4], 1
seg007:03D0                 jmp     short loc_140B0
seg007:03D2 ; ---------------------------------------------------------------------------
seg007:03D2
seg007:03D2 loc_14062:                              ; CODE XREF: sub_13F7E+12A↓j
seg007:03D2                 mov     [bp+var_6], 1
seg007:03D7                 jmp     short loc_140B0
seg007:03D7 ; ---------------------------------------------------------------------------
seg007:03D9                 align 2
seg007:03DA
seg007:03DA loc_1406A:                              ; CODE XREF: sub_13F7E+12D↓j
seg007:03DA                 mov     bx, [bp+arg_0]
seg007:03DD                 mov     al, 11h
seg007:03DF                 mul     byte ptr [bx+8]
seg007:03E2                 mov     bx, [bx+9]
seg007:03E5                 mov     si, ax
seg007:03E7                 xor     byte ptr [bx+si+5], 1
seg007:03EB                 mov     ax, 11h
seg007:03EE                 imul    [bp+var_8]
seg007:03F1                 mov     bx, ax
seg007:03F3                 mov     si, [bp+arg_0]
seg007:03F6                 add     bx, [si+9]
seg007:03F9                 cmp     word ptr [bx+7], 0
seg007:03FD                 jz      short loc_14097
seg007:03FF                 mov     ax, [bx+5]
seg007:0402                 mov     bx, [bx+7]
seg007:0405                 mov     [bx], ax
seg007:0407
seg007:0407 loc_14097:                              ; CODE XREF: sub_13F7E+10F↑j
seg007:0407                 mov     [bp+var_4], 1
seg007:040C                 jmp     short loc_140B0
seg007:040E ; ---------------------------------------------------------------------------
seg007:040E                 jmp     short loc_140B0
seg007:0410 ; ---------------------------------------------------------------------------
seg007:0410
seg007:0410 loc_140A0:                              ; CODE XREF: sub_13F7E+97↑j
seg007:0410                 or      ax, ax
seg007:0412                 jnz     short loc_140A7
seg007:0414                 jmp     loc_14018
seg007:0417 ; ---------------------------------------------------------------------------
seg007:0417
seg007:0417 loc_140A7:                              ; CODE XREF: sub_13F7E+124↑j
seg007:0417                 dec     ax
seg007:0418                 jz      short loc_14062
seg007:041A                 dec     ax
seg007:041B                 jz      short loc_1406A
seg007:041D                 jmp     short loc_140B0
seg007:041D ; ---------------------------------------------------------------------------
seg007:041F                 align 2
seg007:0420
seg007:0420 loc_140B0:                              ; CODE XREF: sub_13F7E+E2↑j
seg007:0420                                         ; sub_13F7E+E9↑j ...
seg007:0420                 jmp     short loc_140F4
seg007:0422 ; ---------------------------------------------------------------------------
seg007:0422
seg007:0422 loc_140B2:                              ; CODE XREF: sub_13F7E+39↑j
seg007:0422                 cmp     ax, 148h
seg007:0425                 jnz     short loc_140BA
seg007:0427                 jmp     loc_13FD6
seg007:042A ; ---------------------------------------------------------------------------
seg007:042A
seg007:042A loc_140BA:                              ; CODE XREF: sub_13F7E+137↑j
seg007:042A                 jg      short loc_140D6
seg007:042C                 sub     ax, 0Dh
seg007:042F                 jnz     short loc_140C4
seg007:0431                 jmp     loc_14004
seg007:0434 ; ---------------------------------------------------------------------------
seg007:0434
seg007:0434 loc_140C4:                              ; CODE XREF: sub_13F7E+141↑j
seg007:0434                 sub     ax, 0Eh
seg007:0437                 jnz     short loc_140CC
seg007:0439                 jmp     loc_13FBA
seg007:043C ; ---------------------------------------------------------------------------
seg007:043C
seg007:043C loc_140CC:                              ; CODE XREF: sub_13F7E+149↑j
seg007:043C                 sub     ax, 12Ch
seg007:043F                 jnz     short loc_140D4
seg007:0441                 jmp     loc_13FE8
seg007:0444 ; ---------------------------------------------------------------------------
seg007:0444
seg007:0444 loc_140D4:                              ; CODE XREF: sub_13F7E+151↑j
seg007:0444                 jmp     short loc_140F4
seg007:0446 ; ---------------------------------------------------------------------------
seg007:0446
seg007:0446 loc_140D6:                              ; CODE XREF: sub_13F7E:loc_140BA↑j
seg007:0446                 sub     ax, 149h
seg007:0449                 jnz     short loc_140DE
seg007:044B                 jmp     loc_13FE8
seg007:044E ; ---------------------------------------------------------------------------
seg007:044E
seg007:044E loc_140DE:                              ; CODE XREF: sub_13F7E+15B↑j
seg007:044E                 sub     ax, 6
seg007:0451                 jnz     short loc_140E6
seg007:0453                 jmp     loc_13FF0
seg007:0456 ; ---------------------------------------------------------------------------
seg007:0456
seg007:0456 loc_140E6:                              ; CODE XREF: sub_13F7E+163↑j
seg007:0456                 dec     ax
seg007:0457                 jnz     short loc_140EC
seg007:0459                 jmp     loc_13FE2
seg007:045C ; ---------------------------------------------------------------------------
seg007:045C
seg007:045C loc_140EC:                              ; CODE XREF: sub_13F7E+169↑j
seg007:045C                 dec     ax
seg007:045D                 jnz     short loc_140F2
seg007:045F                 jmp     loc_13FF0
seg007:0462 ; ---------------------------------------------------------------------------
seg007:0462
seg007:0462 loc_140F2:                              ; CODE XREF: sub_13F7E+16F↑j
seg007:0462                 jmp     short $+2
seg007:0464 ; ---------------------------------------------------------------------------
seg007:0464
seg007:0464 loc_140F4:                              ; CODE XREF: sub_13F7E:loc_13FD2↑j
seg007:0464                                         ; sub_13F7E+60↑j ...
seg007:0464                 cmp     [bp+var_8], 0
seg007:0468                 jge     short loc_140FF
seg007:046A                 mov     [bp+var_8], 0
seg007:046F
seg007:046F loc_140FF:                              ; CODE XREF: sub_13F7E+17A↑j
seg007:046F                 mov     bx, [bp+arg_0]
seg007:0472                 mov     al, [bx+3]
seg007:0475                 sub     ah, ah
seg007:0477                 cmp     ax, [bp+var_8]
seg007:047A                 jg      short loc_14110
seg007:047C                 dec     ax
seg007:047D                 mov     [bp+var_8], ax
seg007:0480
seg007:0480 loc_14110:                              ; CODE XREF: sub_13F7E+18C↑j
seg007:0480                 mov     ax, 11h
seg007:0483                 imul    [bp+var_8]
seg007:0486                 mov     bx, ax
seg007:0488                 mov     si, [bp+arg_0]
seg007:048B                 mov     di, [si+9]
seg007:048E                 cmp     byte ptr [bx+di+4], 0
seg007:0492                 jnz     short loc_14135
seg007:0494                 push    [bp+var_8]
seg007:0497                 push    [bp+var_2]
seg007:049A                 push    si
seg007:049B                 push    cs
seg007:049C                 call    near ptr sub_1416C
seg007:049F                 add     sp, 6
seg007:04A2                 mov     [bp+var_8], ax
seg007:04A5
seg007:04A5 loc_14135:                              ; CODE XREF: sub_13F7E+1A4↑j
seg007:04A5                 cmp     [bp+var_4], 0
seg007:04A9                 jnz     short loc_14148
seg007:04AB                 mov     bx, [bp+arg_0]
seg007:04AE                 mov     al, [bx+8]
seg007:04B1                 sub     ah, ah
seg007:04B3                 cmp     ax, [bp+var_8]
seg007:04B6                 jz      short loc_14159
seg007:04B8
seg007:04B8 loc_14148:                              ; CODE XREF: sub_13F7E+1BB↑j
seg007:04B8                 mov     al, byte ptr [bp+var_8]
seg007:04BB                 mov     bx, [bp+arg_0]
seg007:04BE                 mov     [bx+8], al
seg007:04C1                 push    bx
seg007:04C2                 push    cs
seg007:04C3                 call    near ptr sub_13DE6
seg007:04C6                 add     sp, 2
seg007:04C9
seg007:04C9 loc_14159:                              ; CODE XREF: sub_13F7E+1C8↑j
seg007:04C9                 jmp     loc_13F9E
seg007:04CC ; ---------------------------------------------------------------------------
seg007:04CC
seg007:04CC loc_1415C:                              ; CODE XREF: sub_13F7E+26↑j
seg007:04CC                 mov     ax, [bp+var_A]
seg007:04CF                 pop     si
seg007:04D0                 pop     di
seg007:04D1                 mov     sp, bp
seg007:04D3                 pop     bp
seg007:04D4                 retf
seg007:04D4 sub_13F7E       endp
seg007:04D4
seg007:04D5 ; ---------------------------------------------------------------------------
seg007:04D5                 pop     si
seg007:04D6                 pop     di
seg007:04D7                 mov     sp, bp
seg007:04D9                 pop     bp
seg007:04DA                 retf
seg007:04DA ; ---------------------------------------------------------------------------
seg007:04DB                 align 2
seg007:04DC
seg007:04DC ; =============== S U B R O U T I N E =======================================
seg007:04DC
seg007:04DC ; Attributes: bp-based frame
seg007:04DC
seg007:04DC sub_1416C       proc far                ; CODE XREF: sub_13F7E+1AE↑p
seg007:04DC
seg007:04DC var_4           = word ptr -4
seg007:04DC var_2           = word ptr -2
seg007:04DC arg_0           = word ptr  6
seg007:04DC arg_2           = word ptr  8
seg007:04DC arg_4           = word ptr  0Ah
seg007:04DC
seg007:04DC                 push    bp
seg007:04DD                 mov     bp, sp
seg007:04DF                 mov     ax, 4
seg007:04E2                 call    __aFchkstk
seg007:04E7                 push    si
seg007:04E8                 mov     [bp+var_2], 0
seg007:04ED                 jmp     short loc_14183
seg007:04ED ; ---------------------------------------------------------------------------
seg007:04EF                 align 2
seg007:04F0
seg007:04F0 loc_14180:                              ; CODE XREF: sub_1416C:loc_141F2↓j
seg007:04F0                 inc     [bp+var_2]
seg007:04F3
seg007:04F3 loc_14183:                              ; CODE XREF: sub_1416C+11↑j
seg007:04F3                 mov     bx, [bp+arg_0]
seg007:04F6                 mov     al, [bx+3]
seg007:04F9                 sub     ah, ah
seg007:04FB                 cmp     ax, [bp+var_2]
seg007:04FE                 jle     short loc_141F4
seg007:0500                 cmp     [bp+arg_2], 0
seg007:0504                 jz      short loc_141B2
seg007:0506                 mov     ax, [bp+arg_4]
seg007:0509                 cmp     [bp+var_2], ax
seg007:050C                 jge     short loc_141A8
seg007:050E                 sub     ax, [bp+var_2]
seg007:0511                 dec     ax
seg007:0512                 mov     [bp+var_4], ax
seg007:0515                 jmp     short loc_141AF
seg007:0515 ; ---------------------------------------------------------------------------
seg007:0517                 align 2
seg007:0518
seg007:0518 loc_141A8:                              ; CODE XREF: sub_1416C+30↑j
seg007:0518                 mov     ax, [bp+var_2]
seg007:051B                 dec     ax
seg007:051C                 mov     [bp+var_4], ax
seg007:051F
seg007:051F loc_141AF:                              ; CODE XREF: sub_1416C+39↑j
seg007:051F                 jmp     short loc_141D6
seg007:051F ; ---------------------------------------------------------------------------
seg007:0521                 align 2
seg007:0522
seg007:0522 loc_141B2:                              ; CODE XREF: sub_1416C+28↑j
seg007:0522                 mov     al, [bx+3]
seg007:0525                 sub     ah, ah
seg007:0527                 sub     ax, [bp+arg_4]
seg007:052A                 cmp     ax, [bp+var_2]
seg007:052D                 jle     short loc_141CA
seg007:052F                 mov     ax, [bp+var_2]
seg007:0532                 add     ax, [bp+arg_4]
seg007:0535                 mov     [bp+var_4], ax
seg007:0538                 jmp     short loc_141D6
seg007:053A ; ---------------------------------------------------------------------------
seg007:053A
seg007:053A loc_141CA:                              ; CODE XREF: sub_1416C+51↑j
seg007:053A                 mov     al, [bx+3]
seg007:053D                 sub     ah, ah
seg007:053F                 sub     ax, [bp+var_2]
seg007:0542                 dec     ax
seg007:0543                 mov     [bp+var_4], ax
seg007:0546
seg007:0546 loc_141D6:                              ; CODE XREF: sub_1416C:loc_141AF↑j
seg007:0546                                         ; sub_1416C+5C↑j
seg007:0546                 mov     ax, 11h
seg007:0549                 imul    [bp+var_4]
seg007:054C                 mov     bx, ax
seg007:054E                 mov     si, [bp+arg_0]
seg007:0551                 mov     si, [si+9]
seg007:0554                 cmp     byte ptr [bx+si+4], 0
seg007:0558                 jz      short loc_141F2
seg007:055A                 mov     ax, [bp+var_4]
seg007:055D                 mov     [bp+arg_4], ax
seg007:0560                 jmp     short loc_141F4
seg007:0562 ; ---------------------------------------------------------------------------
seg007:0562
seg007:0562 loc_141F2:                              ; CODE XREF: sub_1416C+7C↑j
seg007:0562                 jmp     short loc_14180
seg007:0564 ; ---------------------------------------------------------------------------
seg007:0564
seg007:0564 loc_141F4:                              ; CODE XREF: sub_1416C+22↑j
seg007:0564                                         ; sub_1416C+84↑j
seg007:0564                 mov     ax, [bp+arg_4]
seg007:0567                 pop     si
seg007:0568                 mov     sp, bp
seg007:056A                 pop     bp
seg007:056B                 retf
seg007:056B sub_1416C       endp
seg007:056B
seg007:056C ; ---------------------------------------------------------------------------
seg007:056C                 pop     si
seg007:056D                 mov     sp, bp
seg007:056F                 pop     bp
seg007:0570                 retf
seg007:0570 ; ---------------------------------------------------------------------------
seg007:0571                 align 10h
seg007:0571 seg007          ends
seg007:0571
seg008:0000 ; ===========================================================================
seg008:0000
seg008:0000 ; Segment type: Regular
seg008:0000 seg008          segment byte public 'UNK' use16
seg008:0000                 assume cs:seg008
seg008:0000                 assume es:nothing, ss:nothing, ds:dseg, fs:nothing, gs:nothing
seg008:0000 seg_14210       dw seg dseg             ; DATA XREF: dseg:0BA0↓o
seg008:0002                 align 10h
seg008:0002 seg008          ends
seg008:0002
dseg:0000 ; ===========================================================================
dseg:0000
dseg:0000 ; Segment type: Pure data
dseg:0000 dseg            segment para public 'DATA' use16
dseg:0000                 assume cs:dseg
dseg:0000                 db    0
dseg:0001                 db    0
dseg:0002 word_14222      dw 0                    ; DATA XREF: start+6D↑w
dseg:0004                 align 8
dseg:0008                 db  4Dh ; M
dseg:0009                 db  53h ; S
dseg:000A                 db  20h
dseg:000B                 db  52h ; R
dseg:000C                 db  75h ; u
dseg:000D                 db  6Eh ; n
dseg:000E                 db  2Dh ; -
dseg:000F                 db  54h ; T
dseg:0010                 db  69h ; i
dseg:0011                 db  6Dh ; m
dseg:0012                 db  65h ; e
dseg:0013                 db  20h
dseg:0014                 db  4Ch ; L
dseg:0015                 db  69h ; i
dseg:0016                 db  62h ; b
dseg:0017                 db  72h ; r
dseg:0018                 db  61h ; a
dseg:0019                 db  72h ; r
dseg:001A                 db  79h ; y
dseg:001B                 db  20h
dseg:001C                 db  2Dh ; -
dseg:001D                 db  20h
dseg:001E                 db  43h ; C
dseg:001F                 db  6Fh ; o
dseg:0020                 db  70h ; p
dseg:0021                 db  79h ; y
dseg:0022                 db  72h ; r
dseg:0023                 db  69h ; i
dseg:0024                 db  67h ; g
dseg:0025                 db  68h ; h
dseg:0026                 db  74h ; t
dseg:0027                 db  20h
dseg:0028                 db  28h ; (
dseg:0029                 db  63h ; c
dseg:002A                 db  29h ; )
dseg:002B                 db  20h
dseg:002C                 db  31h ; 1
dseg:002D                 db  39h ; 9
dseg:002E                 db  39h ; 9
dseg:002F                 db  30h ; 0
dseg:0030                 db  2Ch ; ,
dseg:0031                 db  20h
dseg:0032                 db  4Dh ; M
dseg:0033                 db  69h ; i
dseg:0034                 db  63h ; c
dseg:0035                 db  72h ; r
dseg:0036                 db  6Fh ; o
dseg:0037                 db  73h ; s
dseg:0038                 db  6Fh ; o
dseg:0039                 db  66h ; f
dseg:003A                 db  74h ; t
dseg:003B                 db  20h
dseg:003C                 db  43h ; C
dseg:003D                 db  6Fh ; o
dseg:003E                 db  72h ; r
dseg:003F                 db  70h ; p
dseg:0040                 db  18h
dseg:0041                 db    0
dseg:0042                 db  4Fh ; O
dseg:0043                 db  66h ; f
dseg:0044                 db  66h ; f
dseg:0045                 db    0
dseg:0046                 db  4Fh ; O
dseg:0047                 db  6Eh ; n
dseg:0048                 db    0
dseg:0049                 db  4Bh ; K
dseg:004A                 db  65h ; e
dseg:004B                 db  79h ; y
dseg:004C                 db  62h ; b
dseg:004D                 db  6Fh ; o
dseg:004E                 db  61h ; a
dseg:004F                 db  72h ; r
dseg:0050                 db  64h ; d
dseg:0051                 db    0
dseg:0052                 db  4Ah ; J
dseg:0053                 db  6Fh ; o
dseg:0054                 db  79h ; y
dseg:0055                 db  73h ; s
dseg:0056                 db  74h ; t
dseg:0057                 db  69h ; i
dseg:0058                 db  63h ; c
dseg:0059                 db  6Bh ; k
dseg:005A                 db    0
dseg:005B                 db  54h ; T
dseg:005C                 db  68h ; h
dseg:005D                 db  72h ; r
dseg:005E                 db  75h ; u
dseg:005F                 db  73h ; s
dseg:0060                 db  74h ; t
dseg:0061                 db  4Dh ; M
dseg:0062                 db  61h ; a
dseg:0063                 db  73h ; s
dseg:0064                 db  74h ; t
dseg:0065                 db  65h ; e
dseg:0066                 db  72h ; r
dseg:0067                 db    0
dseg:0068                 db  4Bh ; K
dseg:0069                 db  65h ; e
dseg:006A                 db  79h ; y
dseg:006B                 db  62h ; b
dseg:006C                 db  6Fh ; o
dseg:006D                 db  61h ; a
dseg:006E                 db  72h ; r
dseg:006F                 db  64h ; d
dseg:0070                 db  20h
dseg:0071                 db  2Bh ; +
dseg:0072                 db  2Fh ; /
dseg:0073                 db  2Dh ; -
dseg:0074                 db    0
dseg:0075                 db  4Bh ; K
dseg:0076                 db  65h ; e
dseg:0077                 db  79h ; y
dseg:0078                 db  70h ; p
dseg:0079                 db  61h ; a
dseg:007A                 db  64h ; d
dseg:007B                 db  20h
dseg:007C                 db  61h ; a
dseg:007D                 db  72h ; r
dseg:007E                 db  72h ; r
dseg:007F                 db  6Fh ; o
dseg:0080                 db  77h ; w
dseg:0081                 db  73h ; s
dseg:0082                 db    0
dseg:0083                 db  53h ; S
dseg:0084                 db  65h ; e
dseg:0085                 db  63h ; c
dseg:0086                 db  6Fh ; o
dseg:0087                 db  6Eh ; n
dseg:0088                 db  64h ; d
dseg:0089                 db  20h
dseg:008A                 db  4Ah ; J
dseg:008B                 db  6Fh ; o
dseg:008C                 db  79h ; y
dseg:008D                 db  73h ; s
dseg:008E                 db  74h ; t
dseg:008F                 db  69h ; i
dseg:0090                 db  63h ; c
dseg:0091                 db  6Bh ; k
dseg:0092                 db    0
dseg:0093                 db  43h ; C
dseg:0094                 db  6Fh ; o
dseg:0095                 db  6Ch ; l
dseg:0096                 db  6Ch ; l
dseg:0097                 db  65h ; e
dseg:0098                 db  63h ; c
dseg:0099                 db  74h ; t
dseg:009A                 db  69h ; i
dseg:009B                 db  76h ; v
dseg:009C                 db  65h ; e
dseg:009D                 db    0
dseg:009E                 db  52h ; R
dseg:009F                 db  75h ; u
dseg:00A0                 db  64h ; d
dseg:00A1                 db  64h ; d
dseg:00A2                 db  65h ; e
dseg:00A3                 db  72h ; r
dseg:00A4                 db    0
dseg:00A5                 db  43h ; C
dseg:00A6                 db  52h ; R
dseg:00A7                 db  54h ; T
dseg:00A8                 db  20h
dseg:00A9                 db  46h ; F
dseg:00AA                 db  75h ; u
dseg:00AB                 db  6Ch ; l
dseg:00AC                 db  6Ch ; l
dseg:00AD                 db  20h
dseg:00AE                 db  33h ; 3
dseg:00AF                 db  2Dh ; -
dseg:00B0                 db  44h ; D
dseg:00B1                 db  20h
dseg:00B2                 db  20h
dseg:00B3                 db  20h
dseg:00B4                 db  20h
dseg:00B5                 db  20h
dseg:00B6                 db  25h ; %
dseg:00B7                 db  33h ; 3
dseg:00B8                 db  73h ; s
dseg:00B9                 db    0
dseg:00BA                 db  44h ; D
dseg:00BB                 db  69h ; i
dseg:00BC                 db  73h ; s
dseg:00BD                 db  74h ; t
dseg:00BE                 db  61h ; a
dseg:00BF                 db  6Eh ; n
dseg:00C0                 db  74h ; t
dseg:00C1                 db  20h
dseg:00C2                 db  4Fh ; O
dseg:00C3                 db  62h ; b
dseg:00C4                 db  6Ah ; j
dseg:00C5                 db  65h ; e
dseg:00C6                 db  63h ; c
dseg:00C7                 db  74h ; t
dseg:00C8                 db  73h ; s
dseg:00C9                 db  20h
dseg:00CA                 db  20h
dseg:00CB                 db  25h ; %
dseg:00CC                 db  33h ; 3
dseg:00CD                 db  73h ; s
dseg:00CE                 db    0
dseg:00CF                 db  47h ; G
dseg:00D0                 db  72h ; r
dseg:00D1                 db  61h ; a
dseg:00D2                 db  64h ; d
dseg:00D3                 db  69h ; i
dseg:00D4                 db  61h ; a
dseg:00D5                 db  74h ; t
dseg:00D6                 db  65h ; e
dseg:00D7                 db  64h ; d
dseg:00D8                 db  20h
dseg:00D9                 db  53h ; S
dseg:00DA                 db  6Bh ; k
dseg:00DB                 db  79h ; y
dseg:00DC                 db  20h
dseg:00DD                 db  20h
dseg:00DE                 db  20h
dseg:00DF                 db  20h
dseg:00E0                 db  25h ; %
dseg:00E1                 db  33h ; 3
dseg:00E2                 db  73h ; s
dseg:00E3                 db    0
dseg:00E4                 db  46h ; F
dseg:00E5                 db  61h ; a
dseg:00E6                 db  6Eh ; n
dseg:00E7                 db  63h ; c
dseg:00E8                 db  79h ; y
dseg:00E9                 db  20h
dseg:00EA                 db  46h ; F
dseg:00EB                 db  69h ; i
dseg:00EC                 db  6Ch ; l
dseg:00ED                 db  6Ch ; l
dseg:00EE                 db  73h ; s
dseg:00EF                 db  20h
dseg:00F0                 db  20h
dseg:00F1                 db  20h
dseg:00F2                 db  20h
dseg:00F3                 db  20h
dseg:00F4                 db  20h
dseg:00F5                 db  25h ; %
dseg:00F6                 db  33h ; 3
dseg:00F7                 db  73h ; s
dseg:00F8                 db    0
dseg:00F9                 db  43h ; C
dseg:00FA                 db  6Fh ; o
dseg:00FB                 db  6Ch ; l
dseg:00FC                 db  6Fh ; o
dseg:00FD                 db  72h ; r
dseg:00FE                 db  20h
dseg:00FF                 db  43h ; C
dseg:0100                 db  79h ; y
dseg:0101                 db  63h ; c
dseg:0102                 db  6Ch ; l
dseg:0103                 db  69h ; i
dseg:0104                 db  6Eh ; n
dseg:0105                 db  67h ; g
dseg:0106                 db  20h
dseg:0107                 db  20h
dseg:0108                 db  20h
dseg:0109                 db  20h
dseg:010A                 db  25h ; %
dseg:010B                 db  33h ; 3
dseg:010C                 db  73h ; s
dseg:010D                 db    0
dseg:010E                 db  20h
dseg:010F                 db  20h
dseg:0110                 db  20h
dseg:0111                 db  20h
dseg:0112                 db  20h
dseg:0113                 db  20h
dseg:0114                 db  20h
dseg:0115                 db  41h ; A
dseg:0116                 db  43h ; C
dseg:0117                 db  43h ; C
dseg:0118                 db  45h ; E
dseg:0119                 db  50h ; P
dseg:011A                 db  54h ; T
dseg:011B                 db    0
dseg:011C                 db  41h ; A
dseg:011D                 db  6Ch ; l
dseg:011E                 db  6Ch ; l
dseg:011F                 db  20h
dseg:0120                 db  4Dh ; M
dseg:0121                 db  75h ; u
dseg:0122                 db  73h ; s
dseg:0123                 db  69h ; i
dseg:0124                 db  63h ; c
dseg:0125                 db  20h
dseg:0126                 db  4Fh ; O
dseg:0127                 db  6Eh ; n
dseg:0128                 db    0
dseg:0129                 db  42h ; B
dseg:012A                 db  61h ; a
dseg:012B                 db  63h ; c
dseg:012C                 db  6Bh ; k
dseg:012D                 db  67h ; g
dseg:012E                 db  72h ; r
dseg:012F                 db  6Fh ; o
dseg:0130                 db  75h ; u
dseg:0131                 db  6Eh ; n
dseg:0132                 db  64h ; d
dseg:0133                 db  20h
dseg:0134                 db  4Dh ; M
dseg:0135                 db  75h ; u
dseg:0136                 db  73h ; s
dseg:0137                 db  69h ; i
dseg:0138                 db  63h ; c
dseg:0139                 db  20h
dseg:013A                 db  4Fh ; O
dseg:013B                 db  66h ; f
dseg:013C                 db  66h ; f
dseg:013D                 db    0
dseg:013E                 db  41h ; A
dseg:013F                 db  6Ch ; l
dseg:0140                 db  6Ch ; l
dseg:0141                 db  20h
dseg:0142                 db  4Dh ; M
dseg:0143                 db  75h ; u
dseg:0144                 db  73h ; s
dseg:0145                 db  69h ; i
dseg:0146                 db  63h ; c
dseg:0147                 db  20h
dseg:0148                 db  4Fh ; O
dseg:0149                 db  66h ; f
dseg:014A                 db  66h ; f
dseg:014B                 db    0
dseg:014C                 db  32h ; 2
dseg:014D                 db  31h ; 1
dseg:014E                 db  30h ; 0
dseg:014F                 db  68h ; h
dseg:0150                 db    0
dseg:0151                 db  32h ; 2
dseg:0152                 db  32h ; 2
dseg:0153                 db  30h ; 0
dseg:0154                 db  68h ; h
dseg:0155                 db    0
dseg:0156                 db  32h ; 2
dseg:0157                 db  33h ; 3
dseg:0158                 db  30h ; 0
dseg:0159                 db  68h ; h
dseg:015A                 db    0
dseg:015B                 db  32h ; 2
dseg:015C                 db  34h ; 4
dseg:015D                 db  30h ; 0
dseg:015E                 db  68h ; h
dseg:015F                 db    0
dseg:0160                 db  32h ; 2
dseg:0161                 db  35h ; 5
dseg:0162                 db  30h ; 0
dseg:0163                 db  68h ; h
dseg:0164                 db    0
dseg:0165                 db  32h ; 2
dseg:0166                 db  36h ; 6
dseg:0167                 db  30h ; 0
dseg:0168                 db  68h ; h
dseg:0169                 db    0
dseg:016A                 db  49h ; I
dseg:016B                 db  52h ; R
dseg:016C                 db  51h ; Q
dseg:016D                 db  20h
dseg:016E                 db  32h ; 2
dseg:016F                 db    0
dseg:0170                 db  49h ; I
dseg:0171                 db  52h ; R
dseg:0172                 db  51h ; Q
dseg:0173                 db  20h
dseg:0174                 db  33h ; 3
dseg:0175                 db    0
dseg:0176                 db  49h ; I
dseg:0177                 db  52h ; R
dseg:0178                 db  51h ; Q
dseg:0179                 db  20h
dseg:017A                 db  34h ; 4
dseg:017B                 db    0
dseg:017C                 db  49h ; I
dseg:017D                 db  52h ; R
dseg:017E                 db  51h ; Q
dseg:017F                 db  20h
dseg:0180                 db  35h ; 5
dseg:0181                 db    0
dseg:0182                 db  49h ; I
dseg:0183                 db  52h ; R
dseg:0184                 db  51h ; Q
dseg:0185                 db  20h
dseg:0186                 db  36h ; 6
dseg:0187                 db    0
dseg:0188                 db  49h ; I
dseg:0189                 db  52h ; R
dseg:018A                 db  51h ; Q
dseg:018B                 db  20h
dseg:018C                 db  37h ; 7
dseg:018D                 db    0
dseg:018E                 db  44h ; D
dseg:018F                 db  52h ; R
dseg:0190                 db  51h ; Q
dseg:0191                 db  20h
dseg:0192                 db  31h ; 1
dseg:0193                 db    0
dseg:0194                 db  44h ; D
dseg:0195                 db  52h ; R
dseg:0196                 db  51h ; Q
dseg:0197                 db  20h
dseg:0198                 db  32h ; 2
dseg:0199                 db    0
dseg:019A                 db  44h ; D
dseg:019B                 db  52h ; R
dseg:019C                 db  51h ; Q
dseg:019D                 db  20h
dseg:019E                 db  33h ; 3
dseg:019F                 db    0
dseg:01A0                 db  50h ; P
dseg:01A1                 db  72h ; r
dseg:01A2                 db  6Fh ; o
dseg:01A3                 db  70h ; p
dseg:01A4                 db  6Fh ; o
dseg:01A5                 db  72h ; r
dseg:01A6                 db  74h ; t
dseg:01A7                 db  69h ; i
dseg:01A8                 db  6Fh ; o
dseg:01A9                 db  6Eh ; n
dseg:01AA                 db  61h ; a
dseg:01AB                 db  6Ch ; l
dseg:01AC                 db  20h
dseg:01AD                 db  43h ; C
dseg:01AE                 db  6Fh ; o
dseg:01AF                 db  6Ch ; l
dseg:01B0                 db  6Ch ; l
dseg:01B1                 db  65h ; e
dseg:01B2                 db  63h ; c
dseg:01B3                 db  74h ; t
dseg:01B4                 db  69h ; i
dseg:01B5                 db  76h ; v
dseg:01B6                 db  65h ; e
dseg:01B7                 db  25h ; %
dseg:01B8                 db  36h ; 6
dseg:01B9                 db  73h ; s
dseg:01BA                 db    0
dseg:01BB                 db  44h ; D
dseg:01BC                 db  69h ; i
dseg:01BD                 db  67h ; g
dseg:01BE                 db  69h ; i
dseg:01BF                 db  74h ; t
dseg:01C0                 db  61h ; a
dseg:01C1                 db  6Ch ; l
dseg:01C2                 db  20h
dseg:01C3                 db  53h ; S
dseg:01C4                 db  6Fh ; o
dseg:01C5                 db  75h ; u
dseg:01C6                 db  6Eh ; n
dseg:01C7                 db  64h ; d
dseg:01C8                 db  20h
dseg:01C9                 db  41h ; A
dseg:01CA                 db  64h ; d
dseg:01CB                 db  64h ; d
dseg:01CC                 db  72h ; r
dseg:01CD                 db  65h ; e
dseg:01CE                 db  73h ; s
dseg:01CF                 db  73h ; s
dseg:01D0                 db  20h
dseg:01D1                 db  20h
dseg:01D2                 db  25h ; %
dseg:01D3                 db  36h ; 6
dseg:01D4                 db  73h ; s
dseg:01D5                 db    0
dseg:01D6                 db  44h ; D
dseg:01D7                 db  69h ; i
dseg:01D8                 db  67h ; g
dseg:01D9                 db  69h ; i
dseg:01DA                 db  74h ; t
dseg:01DB                 db  61h ; a
dseg:01DC                 db  6Ch ; l
dseg:01DD                 db  20h
dseg:01DE                 db  53h ; S
dseg:01DF                 db  6Fh ; o
dseg:01E0                 db  75h ; u
dseg:01E1                 db  6Eh ; n
dseg:01E2                 db  64h ; d
dseg:01E3                 db  20h
dseg:01E4                 db  49h ; I
dseg:01E5                 db  52h ; R
dseg:01E6                 db  51h ; Q
dseg:01E7                 db  20h
dseg:01E8                 db  20h
dseg:01E9                 db  20h
dseg:01EA                 db  20h
dseg:01EB                 db  20h
dseg:01EC                 db  20h
dseg:01ED                 db  25h ; %
dseg:01EE                 db  36h ; 6
dseg:01EF                 db  73h ; s
dseg:01F0                 db    0
dseg:01F1                 db  44h ; D
dseg:01F2                 db  69h ; i
dseg:01F3                 db  67h ; g
dseg:01F4                 db  69h ; i
dseg:01F5                 db  74h ; t
dseg:01F6                 db  61h ; a
dseg:01F7                 db  6Ch ; l
dseg:01F8                 db  20h
dseg:01F9                 db  53h ; S
dseg:01FA                 db  6Fh ; o
dseg:01FB                 db  75h ; u
dseg:01FC                 db  6Eh ; n
dseg:01FD                 db  64h ; d
dseg:01FE                 db  20h
dseg:01FF                 db  44h ; D
dseg:0200                 db  52h ; R
dseg:0201                 db  51h ; Q
dseg:0202                 db  20h
dseg:0203                 db  20h
dseg:0204                 db  20h
dseg:0205                 db  20h
dseg:0206                 db  20h
dseg:0207                 db  20h
dseg:0208                 db  25h ; %
dseg:0209                 db  36h ; 6
dseg:020A                 db  73h ; s
dseg:020B                 db    0
dseg:020C                 db  20h
dseg:020D                 db  20h
dseg:020E                 db  20h
dseg:020F                 db  20h
dseg:0210                 db  20h
dseg:0211                 db  20h
dseg:0212                 db  20h
dseg:0213                 db  20h
dseg:0214                 db  20h
dseg:0215                 db  20h
dseg:0216                 db  41h ; A
dseg:0217                 db  43h ; C
dseg:0218                 db  43h ; C
dseg:0219                 db  45h ; E
dseg:021A                 db  50h ; P
dseg:021B                 db  54h ; T
dseg:021C                 db    0
dseg:021D                 db  46h ; F
dseg:021E                 db  6Ch ; l
dseg:021F                 db  69h ; i
dseg:0220                 db  67h ; g
dseg:0221                 db  68h ; h
dseg:0222                 db  74h ; t
dseg:0223                 db  20h
dseg:0224                 db  43h ; C
dseg:0225                 db  6Fh ; o
dseg:0226                 db  6Eh ; n
dseg:0227                 db  74h ; t
dseg:0228                 db  72h ; r
dseg:0229                 db  6Fh ; o
dseg:022A                 db  6Ch ; l
dseg:022B                 db  20h
dseg:022C                 db  20h
dseg:022D                 db  25h ; %
dseg:022E                 db  32h ; 2
dseg:022F                 db  32h ; 2
dseg:0230                 db  73h ; s
dseg:0231                 db    0
dseg:0232                 db  43h ; C
dseg:0233                 db  6Fh ; o
dseg:0234                 db  6Ch ; l
dseg:0235                 db  6Ch ; l
dseg:0236                 db  65h ; e
dseg:0237                 db  63h ; c
dseg:0238                 db  74h ; t
dseg:0239                 db  69h ; i
dseg:023A                 db  76h ; v
dseg:023B                 db  65h ; e
dseg:023C                 db  2Fh ; /
dseg:023D                 db  52h ; R
dseg:023E                 db  75h ; u
dseg:023F                 db  64h ; d
dseg:0240                 db  64h ; d
dseg:0241                 db  65h ; e
dseg:0242                 db  72h ; r
dseg:0243                 db  25h ; %
dseg:0244                 db  32h ; 2
dseg:0245                 db  31h ; 1
dseg:0246                 db  73h ; s
dseg:0247                 db    0
dseg:0248                 db  53h ; S
dseg:0249                 db  6Fh ; o
dseg:024A                 db  75h ; u
dseg:024B                 db  6Eh ; n
dseg:024C                 db  64h ; d
dseg:024D                 db  20h
dseg:024E                 db  53h ; S
dseg:024F                 db  6Fh ; o
dseg:0250                 db  75h ; u
dseg:0251                 db  72h ; r
dseg:0252                 db  63h ; c
dseg:0253                 db  65h ; e
dseg:0254                 db  20h
dseg:0255                 db  20h
dseg:0256                 db  20h
dseg:0257                 db  20h
dseg:0258                 db  25h ; %
dseg:0259                 db  32h ; 2
dseg:025A                 db  32h ; 2
dseg:025B                 db  73h ; s
dseg:025C                 db    0
dseg:025D                 db  44h ; D
dseg:025E                 db  69h ; i
dseg:025F                 db  67h ; g
dseg:0260                 db  69h ; i
dseg:0261                 db  74h ; t
dseg:0262                 db  69h ; i
dseg:0263                 db  7Ah ; z
dseg:0264                 db  65h ; e
dseg:0265                 db  64h ; d
dseg:0266                 db  20h
dseg:0267                 db  53h ; S
dseg:0268                 db  6Fh ; o
dseg:0269                 db  75h ; u
dseg:026A                 db  6Eh ; n
dseg:026B                 db  64h ; d
dseg:026C                 db  20h
dseg:026D                 db  25h ; %
dseg:026E                 db  32h ; 2
dseg:026F                 db  32h ; 2
dseg:0270                 db  73h ; s
dseg:0271                 db    0
dseg:0272                 db  4Dh ; M
dseg:0273                 db  75h ; u
dseg:0274                 db  73h ; s
dseg:0275                 db  69h ; i
dseg:0276                 db  63h ; c
dseg:0277                 db  20h
dseg:0278                 db  20h
dseg:0279                 db  20h
dseg:027A                 db  20h
dseg:027B                 db  20h
dseg:027C                 db  20h
dseg:027D                 db  20h
dseg:027E                 db  20h
dseg:027F                 db  20h
dseg:0280                 db  20h
dseg:0281                 db  20h
dseg:0282                 db  25h ; %
dseg:0283                 db  32h ; 2
dseg:0284                 db  32h ; 2
dseg:0285                 db  73h ; s
dseg:0286                 db    0
dseg:0287                 db  44h ; D
dseg:0288                 db  65h ; e
dseg:0289                 db  74h ; t
dseg:028A                 db  61h ; a
dseg:028B                 db  69h ; i
dseg:028C                 db  6Ch ; l
dseg:028D                 db  20h
dseg:028E                 db  4Ch ; L
dseg:028F                 db  65h ; e
dseg:0290                 db  76h ; v
dseg:0291                 db  65h ; e
dseg:0292                 db  6Ch ; l
dseg:0293                 db  73h ; s
dseg:0294                 db    0
dseg:0295                 db  4Dh ; M
dseg:0296                 db  69h ; i
dseg:0297                 db  73h ; s
dseg:0298                 db  63h ; c
dseg:0299                 db  65h ; e
dseg:029A                 db  6Ch ; l
dseg:029B                 db  6Ch ; l
dseg:029C                 db  61h ; a
dseg:029D                 db  6Eh ; n
dseg:029E                 db  65h ; e
dseg:029F                 db  6Fh ; o
dseg:02A0                 db  75h ; u
dseg:02A1                 db  73h ; s
dseg:02A2                 db    0
dseg:02A3                 db  20h
dseg:02A4                 db  20h
dseg:02A5                 db  20h
dseg:02A6                 db  20h
dseg:02A7                 db  20h
dseg:02A8                 db  20h
dseg:02A9                 db  20h
dseg:02AA                 db  20h
dseg:02AB                 db  41h ; A
dseg:02AC                 db  43h ; C
dseg:02AD                 db  43h ; C
dseg:02AE                 db  45h ; E
dseg:02AF                 db  50h ; P
dseg:02B0                 db  54h ; T
dseg:02B1                 db  20h
dseg:02B2                 db  43h ; C
dseg:02B3                 db  4Fh ; O
dseg:02B4                 db  4Eh ; N
dseg:02B5                 db  46h ; F
dseg:02B6                 db  49h ; I
dseg:02B7                 db  47h ; G
dseg:02B8                 db  55h ; U
dseg:02B9                 db  52h ; R
dseg:02BA                 db  41h ; A
dseg:02BB                 db  54h ; T
dseg:02BC                 db  49h ; I
dseg:02BD                 db  4Fh ; O
dseg:02BE                 db  4Eh ; N
dseg:02BF                 db    0
dseg:02C0                 db  55h ; U
dseg:02C1                 db  50h ; P
dseg:02C2                 db  50h ; P
dseg:02C3                 db  45h ; E
dseg:02C4                 db  52h ; R
dseg:02C5                 db  20h
dseg:02C6                 db  4Ch ; L
dseg:02C7                 db  45h ; E
dseg:02C8                 db  46h ; F
dseg:02C9                 db  54h ; T
dseg:02CA                 db    0
dseg:02CB                 db  4Ch ; L
dseg:02CC                 db  4Fh ; O
dseg:02CD                 db  57h ; W
dseg:02CE                 db  45h ; E
dseg:02CF                 db  52h ; R
dseg:02D0                 db  20h
dseg:02D1                 db  52h ; R
dseg:02D2                 db  49h ; I
dseg:02D3                 db  47h ; G
dseg:02D4                 db  48h ; H
dseg:02D5                 db  54h ; T
dseg:02D6                 db    0
dseg:02D7                 db    0
dseg:02D8                 db  42h ; B
dseg:02D9                 db    0
dseg:02DA                 db  46h ; F
dseg:02DB                 db    0
dseg:02DC                 db    1
dseg:02DD                 db    3
dseg:02DE                 db    2
dseg:02DF                 db    6
dseg:02E0                 db  0Ah
dseg:02E1                 db    0
dseg:02E2                 db  49h ; I
dseg:02E3                 db    0
dseg:02E4                 db    1
dseg:02E5                 db    0
dseg:02E6                 db    1
dseg:02E7                 db    0
dseg:02E8                 db    0
dseg:02E9                 db    0
dseg:02EA                 db    0
dseg:02EB                 db    0
dseg:02EC                 db    0
dseg:02ED                 db    0
dseg:02EE                 db    0
dseg:02EF                 dd loc_105A0
dseg:02F3                 db  52h ; R
dseg:02F4                 db    0
dseg:02F5                 db    1
dseg:02F6                 db    0
dseg:02F7                 db    1
dseg:02F8                 db    0
dseg:02F9                 db    0
dseg:02FA                 db    0
dseg:02FB                 db    0
dseg:02FC                 db    0
dseg:02FD                 db    0
dseg:02FE                 db    0
dseg:02FF                 db    0
dseg:0300                 dd loc_105A0
dseg:0304                 db  5Bh ; [
dseg:0305                 db    0
dseg:0306                 db    1
dseg:0307                 db    0
dseg:0308                 db    1
dseg:0309                 db    0
dseg:030A                 db    0
dseg:030B                 db    0
dseg:030C                 db    0
dseg:030D                 db    0
dseg:030E                 db    0
dseg:030F                 db    0
dseg:0310                 db    0
dseg:0311                 dd loc_105A0
dseg:0315                 align 2
dseg:0316                 db  68h ; h
dseg:0317                 db    0
dseg:0318                 db    1
dseg:0319                 db    0
dseg:031A                 db    1
dseg:031B                 db    0
dseg:031C                 db    0
dseg:031D                 db    0
dseg:031E                 db    0
dseg:031F                 db    0
dseg:0320                 db    0
dseg:0321                 db    0
dseg:0322                 db    0
dseg:0323                 db    0
dseg:0324                 db    0
dseg:0325                 db    0
dseg:0326                 db    0
dseg:0327                 db  75h ; u
dseg:0328                 db    0
dseg:0329                 db    1
dseg:032A                 db    0
dseg:032B                 db    1
dseg:032C                 db    0
dseg:032D                 db    0
dseg:032E                 db    0
dseg:032F                 db    0
dseg:0330                 db    0
dseg:0331                 db    0
dseg:0332                 db    0
dseg:0333                 db    0
dseg:0334                 db    0
dseg:0335                 db    0
dseg:0336                 db    0
dseg:0337                 db    0
dseg:0338                 db  83h
dseg:0339                 db    0
dseg:033A                 db    1
dseg:033B                 db    0
dseg:033C                 db    1
dseg:033D                 db    0
dseg:033E                 db    0
dseg:033F                 db    0
dseg:0340                 db    0
dseg:0341                 db    0
dseg:0342                 db    0
dseg:0343                 db    0
dseg:0344                 db    0
dseg:0345                 dd loc_1067E
dseg:0349                 db  93h
dseg:034A                 db    0
dseg:034B                 db    1
dseg:034C                 db    0
dseg:034D                 db    1
dseg:034E                 db    0
dseg:034F                 db    0
dseg:0350                 db    0
dseg:0351                 db    0
dseg:0352                 db    0
dseg:0353                 db    0
dseg:0354                 db    0
dseg:0355                 db    0
dseg:0356                 dd loc_1067E
dseg:035A                 db  9Eh
dseg:035B                 db    0
dseg:035C                 db    1
dseg:035D                 db    0
dseg:035E                 db    1
dseg:035F                 db    0
dseg:0360                 db    0
dseg:0361                 db    0
dseg:0362                 db    0
dseg:0363                 db    0
dseg:0364                 db    0
dseg:0365                 db    0
dseg:0366                 db    0
dseg:0367                 dd loc_1067E
dseg:036B                 align 2
dseg:036C                 db 0A5h
dseg:036D                 db    0
dseg:036E                 db    2
dseg:036F                 db    0
dseg:0370                 db    1
dseg:0371                 db    0
dseg:0372                 db    0
dseg:0373                 db  6Eh ; n
dseg:0374                 db  1Fh
dseg:0375                 db    0
dseg:0376                 db    0
dseg:0377                 db 0D8h
dseg:0378                 db    2
dseg:0379                 db    0
dseg:037A                 db    0
dseg:037B                 db    0
dseg:037C                 db    0
dseg:037D                 db 0BAh
dseg:037E                 db    0
dseg:037F                 db    2
dseg:0380                 db    0
dseg:0381                 db    1
dseg:0382                 db    0
dseg:0383                 db    0
dseg:0384                 db  72h ; r
dseg:0385                 db  1Fh
dseg:0386                 db    0
dseg:0387                 db    0
dseg:0388                 db 0D8h
dseg:0389                 db    2
dseg:038A                 db    0
dseg:038B                 db    0
dseg:038C                 db    0
dseg:038D                 db    0
dseg:038E                 db 0CFh
dseg:038F                 db    0
dseg:0390                 db    2
dseg:0391                 db    0
dseg:0392                 db    1
dseg:0393                 db    0
dseg:0394                 db    0
dseg:0395                 db  7Eh ; ~
dseg:0396                 db  1Fh
dseg:0397                 db    0
dseg:0398                 db    0
dseg:0399                 db 0D8h
dseg:039A                 db    2
dseg:039B                 db    0
dseg:039C                 db    0
dseg:039D                 db    0
dseg:039E                 db    0
dseg:039F                 db 0E4h
dseg:03A0                 db    0
dseg:03A1                 db    2
dseg:03A2                 db    0
dseg:03A3                 db    1
dseg:03A4                 db    0
dseg:03A5                 db    0
dseg:03A6                 db  82h
dseg:03A7                 db  1Fh
dseg:03A8                 db    0
dseg:03A9                 db    0
dseg:03AA                 db 0D8h
dseg:03AB                 db    2
dseg:03AC                 db    0
dseg:03AD                 db    0
dseg:03AE                 db    0
dseg:03AF                 db    0
dseg:03B0                 db 0F9h
dseg:03B1                 db    0
dseg:03B2                 db    2
dseg:03B3                 db    0
dseg:03B4                 db    1
dseg:03B5                 db    0
dseg:03B6                 db    0
dseg:03B7                 db  76h ; v
dseg:03B8                 db  1Fh
dseg:03B9                 db    0
dseg:03BA                 db    0
dseg:03BB                 db 0D8h
dseg:03BC                 db    2
dseg:03BD                 db    0
dseg:03BE                 db    0
dseg:03BF                 db    0
dseg:03C0                 db    0
dseg:03C1                 db  0Eh
dseg:03C2                 db    1
dseg:03C3                 db    1
dseg:03C4                 db    0
dseg:03C5                 db    1
dseg:03C6                 db    0
dseg:03C7                 db    0
dseg:03C8                 db    0
dseg:03C9                 db    0
dseg:03CA                 db    0
dseg:03CB                 db    0
dseg:03CC                 db    0
dseg:03CD                 db    0
dseg:03CE                 db    0
dseg:03CF                 db    0
dseg:03D0                 db    0
dseg:03D1                 db    0
dseg:03D2                 db  1Ch
dseg:03D3                 db    1
dseg:03D4                 db    1
dseg:03D5                 db    0
dseg:03D6                 db    1
dseg:03D7                 db    0
dseg:03D8                 db    0
dseg:03D9                 db    0
dseg:03DA                 db    0
dseg:03DB                 db    0
dseg:03DC                 db    0
dseg:03DD                 db    0
dseg:03DE                 db    0
dseg:03DF                 db    0
dseg:03E0                 db    0
dseg:03E1                 db    0
dseg:03E2                 db    0
dseg:03E3                 db  29h ; )
dseg:03E4                 db    1
dseg:03E5                 db    1
dseg:03E6                 db    0
dseg:03E7                 db    1
dseg:03E8                 db    0
dseg:03E9                 db    0
dseg:03EA                 db    0
dseg:03EB                 db    0
dseg:03EC                 db    0
dseg:03ED                 db    0
dseg:03EE                 db    0
dseg:03EF                 db    0
dseg:03F0                 db    0
dseg:03F1                 db    0
dseg:03F2                 db    0
dseg:03F3                 db    0
dseg:03F4                 db  3Eh ; >
dseg:03F5                 db    1
dseg:03F6                 db    1
dseg:03F7                 db    0
dseg:03F8                 db    1
dseg:03F9                 db    0
dseg:03FA                 db    0
dseg:03FB                 db    0
dseg:03FC                 db    0
dseg:03FD                 db    0
dseg:03FE                 db    0
dseg:03FF                 db    0
dseg:0400                 db    0
dseg:0401                 db    0
dseg:0402                 db    0
dseg:0403                 db    0
dseg:0404                 db    0
dseg:0405                 db    0
dseg:0406                 db  4Ch ; L
dseg:0407                 db    1
dseg:0408                 db    1
dseg:0409                 db    0
dseg:040A                 db    1
dseg:040B                 db    0
dseg:040C                 db    0
dseg:040D                 db    0
dseg:040E                 db    0
dseg:040F                 db    0
dseg:0410                 db    0
dseg:0411                 db    0
dseg:0412                 db    0
dseg:0413                 db    0
dseg:0414                 db    0
dseg:0415                 db    0
dseg:0416                 db    0
dseg:0417                 db  51h ; Q
dseg:0418                 db    1
dseg:0419                 db    1
dseg:041A                 db    0
dseg:041B                 db    1
dseg:041C                 db    0
dseg:041D                 db    0
dseg:041E                 db    0
dseg:041F                 db    0
dseg:0420                 db    0
dseg:0421                 db    0
dseg:0422                 db    0
dseg:0423                 db    0
dseg:0424                 db    0
dseg:0425                 db    0
dseg:0426                 db    0
dseg:0427                 db    0
dseg:0428                 db  56h ; V
dseg:0429                 db    1
dseg:042A                 db    1
dseg:042B                 db    0
dseg:042C                 db    1
dseg:042D                 db    0
dseg:042E                 db    0
dseg:042F                 db    0
dseg:0430                 db    0
dseg:0431                 db    0
dseg:0432                 db    0
dseg:0433                 db    0
dseg:0434                 db    0
dseg:0435                 db    0
dseg:0436                 db    0
dseg:0437                 db    0
dseg:0438                 db    0
dseg:0439                 db  5Bh ; [
dseg:043A                 db    1
dseg:043B                 db    1
dseg:043C                 db    0
dseg:043D                 db    1
dseg:043E                 db    0
dseg:043F                 db    0
dseg:0440                 db    0
dseg:0441                 db    0
dseg:0442                 db    0
dseg:0443                 db    0
dseg:0444                 db    0
dseg:0445                 db    0
dseg:0446                 db    0
dseg:0447                 db    0
dseg:0448                 db    0
dseg:0449                 db    0
dseg:044A                 db  60h ; `
dseg:044B                 db    1
dseg:044C                 db    1
dseg:044D                 db    0
dseg:044E                 db    1
dseg:044F                 db    0
dseg:0450                 db    0
dseg:0451                 db    0
dseg:0452                 db    0
dseg:0453                 db    0
dseg:0454                 db    0
dseg:0455                 db    0
dseg:0456                 db    0
dseg:0457                 db    0
dseg:0458                 db    0
dseg:0459                 db    0
dseg:045A                 db    0
dseg:045B                 db  65h ; e
dseg:045C                 db    1
dseg:045D                 db    1
dseg:045E                 db    0
dseg:045F                 db    1
dseg:0460                 db    0
dseg:0461                 db    0
dseg:0462                 db    0
dseg:0463                 db    0
dseg:0464                 db    0
dseg:0465                 db    0
dseg:0466                 db    0
dseg:0467                 db    0
dseg:0468                 db    0
dseg:0469                 db    0
dseg:046A                 db    0
dseg:046B                 db    0
dseg:046C                 db  6Ah ; j
dseg:046D                 db    1
dseg:046E                 db    1
dseg:046F                 db    0
dseg:0470                 db    1
dseg:0471                 db    0
dseg:0472                 db    0
dseg:0473                 db    0
dseg:0474                 db    0
dseg:0475                 db    0
dseg:0476                 db    0
dseg:0477                 db    0
dseg:0478                 db    0
dseg:0479                 db    0
dseg:047A                 db    0
dseg:047B                 db    0
dseg:047C                 db    0
dseg:047D                 db  70h ; p
dseg:047E                 db    1
dseg:047F                 db    1
dseg:0480                 db    0
dseg:0481                 db    1
dseg:0482                 db    0
dseg:0483                 db    0
dseg:0484                 db    0
dseg:0485                 db    0
dseg:0486                 db    0
dseg:0487                 db    0
dseg:0488                 db    0
dseg:0489                 db    0
dseg:048A                 db    0
dseg:048B                 db    0
dseg:048C                 db    0
dseg:048D                 db    0
dseg:048E                 db  76h ; v
dseg:048F                 db    1
dseg:0490                 db    1
dseg:0491                 db    0
dseg:0492                 db    1
dseg:0493                 db    0
dseg:0494                 db    0
dseg:0495                 db    0
dseg:0496                 db    0
dseg:0497                 db    0
dseg:0498                 db    0
dseg:0499                 db    0
dseg:049A                 db    0
dseg:049B                 db    0
dseg:049C                 db    0
dseg:049D                 db    0
dseg:049E                 db    0
dseg:049F                 db  7Ch ; |
dseg:04A0                 db    1
dseg:04A1                 db    1
dseg:04A2                 db    0
dseg:04A3                 db    1
dseg:04A4                 db    0
dseg:04A5                 db    0
dseg:04A6                 db    0
dseg:04A7                 db    0
dseg:04A8                 db    0
dseg:04A9                 db    0
dseg:04AA                 db    0
dseg:04AB                 db    0
dseg:04AC                 db    0
dseg:04AD                 db    0
dseg:04AE                 db    0
dseg:04AF                 db    0
dseg:04B0                 db  82h
dseg:04B1                 db    1
dseg:04B2                 db    1
dseg:04B3                 db    0
dseg:04B4                 db    1
dseg:04B5                 db    0
dseg:04B6                 db    0
dseg:04B7                 db    0
dseg:04B8                 db    0
dseg:04B9                 db    0
dseg:04BA                 db    0
dseg:04BB                 db    0
dseg:04BC                 db    0
dseg:04BD                 db    0
dseg:04BE                 db    0
dseg:04BF                 db    0
dseg:04C0                 db    0
dseg:04C1                 db  88h
dseg:04C2                 db    1
dseg:04C3                 db    1
dseg:04C4                 db    0
dseg:04C5                 db    1
dseg:04C6                 db    0
dseg:04C7                 db    0
dseg:04C8                 db    0
dseg:04C9                 db    0
dseg:04CA                 db    0
dseg:04CB                 db    0
dseg:04CC                 db    0
dseg:04CD                 db    0
dseg:04CE                 db    0
dseg:04CF                 db    0
dseg:04D0                 db    0
dseg:04D1                 db    0
dseg:04D2                 db  8Eh
dseg:04D3                 db    1
dseg:04D4                 db    1
dseg:04D5                 db    0
dseg:04D6                 db    1
dseg:04D7                 db    0
dseg:04D8                 db    0
dseg:04D9                 db    0
dseg:04DA                 db    0
dseg:04DB                 db    0
dseg:04DC                 db    0
dseg:04DD                 db    0
dseg:04DE                 db    0
dseg:04DF                 db    0
dseg:04E0                 db    0
dseg:04E1                 db    0
dseg:04E2                 db    0
dseg:04E3                 db  94h
dseg:04E4                 db    1
dseg:04E5                 db    1
dseg:04E6                 db    0
dseg:04E7                 db    1
dseg:04E8                 db    0
dseg:04E9                 db    0
dseg:04EA                 db    0
dseg:04EB                 db    0
dseg:04EC                 db    0
dseg:04ED                 db    0
dseg:04EE                 db    0
dseg:04EF                 db    0
dseg:04F0                 db    0
dseg:04F1                 db    0
dseg:04F2                 db    0
dseg:04F3                 db    0
dseg:04F4                 db  9Ah
dseg:04F5                 db    1
dseg:04F6                 db    1
dseg:04F7                 db    0
dseg:04F8                 db    1
dseg:04F9                 db    0
dseg:04FA                 db    0
dseg:04FB                 db    0
dseg:04FC                 db    0
dseg:04FD                 db    0
dseg:04FE                 db    0
dseg:04FF                 db    0
dseg:0500                 db    0
dseg:0501                 db    0
dseg:0502                 db    0
dseg:0503                 db    0
dseg:0504                 db    0
dseg:0505                 db    0
dseg:0506                 db  33h ; 3
dseg:0507                 db  11h
dseg:0508                 db    4
dseg:0509                 db    6
dseg:050A                 db    2
dseg:050B                 db  9Eh
dseg:050C                 db  1Eh
dseg:050D                 db  97h
dseg:050E                 db    0
dseg:050F                 db    6
dseg:0510                 db    4
dseg:0511                 db    0
dseg:0512                 db  32h ; 2
dseg:0513                 db  11h
dseg:0514                 db    5
dseg:0515                 db    6
dseg:0516                 db    2
dseg:0517                 db  9Eh
dseg:0518                 db  1Eh
dseg:0519                 db  97h
dseg:051A                 db    0
dseg:051B                 db  6Ch ; l
dseg:051C                 db    4
dseg:051D                 db    0
dseg:051E                 db  32h ; 2
dseg:051F                 db  14h
dseg:0520                 db    5
dseg:0521                 db    3
dseg:0522                 db    2
dseg:0523                 db  9Eh
dseg:0524                 db  1Eh
dseg:0525                 db  97h
dseg:0526                 db    0
dseg:0527                 db 0D2h
dseg:0528                 db    4
dseg:0529                 db    0
dseg:052A                 db 0A0h
dseg:052B                 db    1
dseg:052C                 db    2
dseg:052D                 db    0
dseg:052E                 db    1
dseg:052F                 db    0
dseg:0530                 db    0
dseg:0531                 db  5Ah ; Z
dseg:0532                 db  1Dh
dseg:0533                 db    0
dseg:0534                 db    0
dseg:0535                 db 0D8h
dseg:0536                 db    2
dseg:0537                 db    0
dseg:0538                 db    0
dseg:0539                 db    0
dseg:053A                 db    0
dseg:053B                 db 0BBh
dseg:053C                 db    1
dseg:053D                 db    0
dseg:053E                 db    0
dseg:053F                 db    1
dseg:0540                 db    0
dseg:0541                 db    0
dseg:0542                 db  80h
dseg:0543                 db  1Fh
dseg:0544                 db    6
dseg:0545                 db    5
dseg:0546                 db    0
dseg:0547                 db    0
dseg:0548                 db    0
dseg:0549                 db    0
dseg:054A                 db    0
dseg:054B                 db    0
dseg:054C                 db 0D6h
dseg:054D                 db    1
dseg:054E                 db    0
dseg:054F                 db    0
dseg:0550                 db    1
dseg:0551                 db    0
dseg:0552                 db    0
dseg:0553                 db  74h ; t
dseg:0554                 db  1Fh
dseg:0555                 db  12h
dseg:0556                 db    5
dseg:0557                 db    0
dseg:0558                 db    0
dseg:0559                 db    0
dseg:055A                 db    0
dseg:055B                 db    0
dseg:055C                 db    0
dseg:055D                 db 0F1h
dseg:055E                 db    1
dseg:055F                 db    0
dseg:0560                 db    0
dseg:0561                 db    1
dseg:0562                 db    0
dseg:0563                 db    0
dseg:0564                 db  70h ; p
dseg:0565                 db  1Fh
dseg:0566                 db  1Eh
dseg:0567                 db    5
dseg:0568                 db    0
dseg:0569                 db    0
dseg:056A                 db    0
dseg:056B                 db    0
dseg:056C                 db    0
dseg:056D                 db    0
dseg:056E                 db  0Ch
dseg:056F                 db    2
dseg:0570                 db    1
dseg:0571                 db    0
dseg:0572                 db    1
dseg:0573                 db    0
dseg:0574                 db    0
dseg:0575                 db    0
dseg:0576                 db    0
dseg:0577                 db    0
dseg:0578                 db    0
dseg:0579                 db    0
dseg:057A                 db    0
dseg:057B                 db    0
dseg:057C                 db    0
dseg:057D                 db    0
dseg:057E                 db    0
dseg:057F                 db    0
dseg:0580                 db  25h ; %
dseg:0581                 db  0Dh
dseg:0582                 db  15h
dseg:0583                 db    3
dseg:0584                 db    1
dseg:0585                 db  6Eh ; n
dseg:0586                 db  1Eh
dseg:0587                 db  67h ; g
dseg:0588 byte_147A8      db 0                    ; DATA XREF: seg000:05B1↑r
dseg:0588                                         ; seg000:05B8↑r ...
dseg:0589                 db 0E2h
dseg:058A                 db    2
dseg:058B                 db    0
dseg:058C                 db  25h ; %
dseg:058D                 db  0Eh
dseg:058E                 db  15h
dseg:058F                 db    5
dseg:0590                 db    1
dseg:0591                 db  6Eh ; n
dseg:0592                 db  1Eh
dseg:0593                 db  67h ; g
dseg:0594 byte_147B4      db 0                    ; DATA XREF: sub_1011E+1CE↑w
dseg:0594                                         ; seg000:068F↑r ...
dseg:0595 word_147B5      dw 316h                 ; DATA XREF: sub_1077E+49↑r
dseg:0595                                         ; sub_1077E+50↑r ...
dseg:0597                 align 2
dseg:0598                 db  29h ; )
dseg:0599 byte_147B9      db 0Fh                  ; DATA XREF: sub_10D3E:loc_10F97↑w
dseg:059A                 db  11h
dseg:059B byte_147BB      db 0                    ; DATA XREF: sub_10D3E+244↑w
dseg:059C                 db    1
dseg:059D                 db  6Eh ; n
dseg:059E                 db  1Eh
dseg:059F                 db  67h ; g
dseg:05A0 byte_147C0      db 0                    ; DATA XREF: sub_104AA+7↑r
dseg:05A0                                         ; sub_104AA:loc_104ED↑r ...
dseg:05A1 ; void near *word_147C1
dseg:05A1 word_147C1      dw 0                    ; DATA XREF: sub_10D3E+D↑w
dseg:05A1                                         ; sub_10D3E+194↑r ...
dseg:05A3                 align 2
dseg:05A4                 db  27h ; '
dseg:05A5                 db  11h
dseg:05A6                 db  14h
dseg:05A7                 db    3
dseg:05A8                 db    1
dseg:05A9                 db  6Eh ; n
dseg:05AA                 db  1Eh
dseg:05AB                 db  67h ; g
dseg:05AC                 db    0
dseg:05AD                 db 0D2h
dseg:05AE                 db    3
dseg:05AF                 db    0
dseg:05B0                 db  27h ; '
dseg:05B1                 db  10h
dseg:05B2                 db  14h
dseg:05B3                 db    6
dseg:05B4                 db    1
dseg:05B5                 db  6Eh ; n
dseg:05B6                 db  1Eh
dseg:05B7                 db  67h ; g
dseg:05B8                 db    5
dseg:05B9                 db  6Ch ; l
dseg:05BA                 db    3
dseg:05BB                 db    0
dseg:05BC                 db  1Dh
dseg:05BD                 db  12h
dseg:05BE                 db  1Dh
dseg:05BF                 db    5
dseg:05C0                 db    1
dseg:05C1                 db  6Eh ; n
dseg:05C2                 db  1Eh
dseg:05C3                 db  67h ; g
dseg:05C4                 db    4
dseg:05C5 word_147E5      dw 52Ah                 ; DATA XREF: sub_104AA+83↑r
dseg:05C5                                         ; sub_104AA:loc_10538↑r ...
dseg:05C7                 align 2
dseg:05C8                 db  1Dh
dseg:05C9                 db    2
dseg:05CA                 db    0
dseg:05CB                 db    0
dseg:05CC                 db    1
dseg:05CD                 db    0
dseg:05CE                 db    0
dseg:05CF                 db  68h ; h
dseg:05D0                 db  1Dh
dseg:05D1                 db  80h
dseg:05D2                 db    5
dseg:05D3                 db    0
dseg:05D4                 db    0
dseg:05D5                 db    0
dseg:05D6                 db    0
dseg:05D7                 db    0
dseg:05D8                 db    0
dseg:05D9                 db  32h ; 2
dseg:05DA                 db    2
dseg:05DB                 db    0
dseg:05DC                 db    0
dseg:05DD                 db    1
dseg:05DE                 db    0
dseg:05DF                 db    0
dseg:05E0                 db  62h ; b
dseg:05E1                 db  1Dh
dseg:05E2                 db  8Ch
dseg:05E3                 db    5
dseg:05E4                 db    0
dseg:05E5                 db    0
dseg:05E6                 db    0
dseg:05E7                 db    0
dseg:05E8                 db    0
dseg:05E9                 db    0
dseg:05EA                 db  48h ; H
dseg:05EB                 db    2
dseg:05EC                 db    0
dseg:05ED                 db    0
dseg:05EE                 db    1
dseg:05EF                 db    0
dseg:05F0                 db    0
dseg:05F1                 db  5Eh ; ^
dseg:05F2                 db  1Dh
dseg:05F3                 db  98h
dseg:05F4                 db    5
dseg:05F5                 db    0
dseg:05F6                 db    0
dseg:05F7                 db    0
dseg:05F8                 db    0
dseg:05F9                 db    0
dseg:05FA                 db    0
dseg:05FB                 db  5Dh ; ]
dseg:05FC                 db    2
dseg:05FD                 db    2
dseg:05FE                 db    0
dseg:05FF                 db    1
dseg:0600                 db    0
dseg:0601                 db    0
dseg:0602                 db  66h ; f
dseg:0603                 db  1Dh
dseg:0604                 db    0
dseg:0605                 db    0
dseg:0606                 db 0D8h
dseg:0607                 db    2
dseg:0608                 db    0
dseg:0609                 db    0
dseg:060A                 db    0
dseg:060B                 db    0
dseg:060C                 db  72h ; r
dseg:060D                 db    2
dseg:060E                 db    0
dseg:060F                 db    0
dseg:0610                 db    1
dseg:0611                 db    0
dseg:0612                 db    0
dseg:0613                 db  60h ; `
dseg:0614                 db  1Dh
dseg:0615                 db 0A4h
dseg:0616                 db    5
dseg:0617                 db    0
dseg:0618                 db    0
dseg:0619                 db    0
dseg:061A                 db    0
dseg:061B                 db    0
dseg:061C                 db    0
dseg:061D                 db  87h
dseg:061E                 db    2
dseg:061F                 db    0
dseg:0620                 db    0
dseg:0621                 db    1
dseg:0622                 db    0
dseg:0623                 db    0
dseg:0624                 db    0
dseg:0625                 db    0
dseg:0626                 db 0B0h
dseg:0627                 db    5
dseg:0628                 db    0
dseg:0629                 db    0
dseg:062A                 db    0
dseg:062B                 db    0
dseg:062C                 db    0
dseg:062D                 db    0
dseg:062E                 db  95h
dseg:062F                 db    2
dseg:0630                 db    0
dseg:0631                 db    0
dseg:0632                 db    1
dseg:0633                 db    0
dseg:0634                 db    0
dseg:0635                 db    0
dseg:0636                 db    0
dseg:0637                 db 0BCh
dseg:0638                 db    5
dseg:0639                 db    0
dseg:063A                 db    0
dseg:063B                 db    0
dseg:063C                 db    0
dseg:063D                 db    0
dseg:063E                 db    0
dseg:063F                 db 0A3h
dseg:0640                 db    2
dseg:0641                 db    1
dseg:0642                 db    0
dseg:0643                 db    1
dseg:0644                 db    0
dseg:0645                 db    0
dseg:0646                 db    0
dseg:0647                 db    0
dseg:0648                 db    0
dseg:0649                 db    0
dseg:064A                 db    0
dseg:064B                 db    0
dseg:064C                 db    0
dseg:064D                 db    0
dseg:064E                 db    0
dseg:064F                 db    0
dseg:0650                 db  17h
dseg:0651                 db  0Bh
dseg:0652                 db  26h ; &
dseg:0653                 db    8
dseg:0654                 db    2
dseg:0655                 db  4Eh ; N
dseg:0656                 db  1Eh
dseg:0657                 db  47h ; G
dseg:0658 byte_14878      db 0                    ; DATA XREF: sub_102F4+1D↑r
dseg:0659 word_14879      dw 5C8h                 ; DATA XREF: sub_102F4+23↑r
dseg:0659                                         ; sub_104AA+1E↑r ...
dseg:065B                 align 2
dseg:065C word_1487C      dw 2C0h                 ; DATA XREF: seg000:05D7↑r
dseg:065C                                         ; seg000:0627↑r ...
dseg:065E word_1487E      dw 2CBh                 ; DATA XREF: seg000:05D3↑r
dseg:065E                                         ; seg000:0623↑r ...
dseg:0660                 db  72h ; r
dseg:0661                 db  62h ; b
dseg:0662                 db    0
dseg:0663                 db  53h ; S
dseg:0664                 db  45h ; E
dseg:0665                 db  54h ; T
dseg:0666                 db  55h ; U
dseg:0667                 db  50h ; P
dseg:0668                 db  2Eh ; .
dseg:0669                 db  44h ; D
dseg:066A                 db  41h ; A
dseg:066B                 db  54h ; T
dseg:066C                 db    0
dseg:066D                 db  55h ; U
dseg:066E                 db  73h ; s
dseg:066F                 db  65h ; e
dseg:0670                 db 0DEh
dseg:0671                 db  24h ; $
dseg:0672                 db  25h ; %
dseg:0673                 db  63h ; c
dseg:0674                 db  18h
dseg:0675                 db  24h ; $
dseg:0676                 db  25h ; %
dseg:0677                 db  63h ; c
dseg:0678                 db 0DDh
dseg:0679                 db  61h ; a
dseg:067A                 db  6Eh ; n
dseg:067B                 db  64h ; d
dseg:067C                 db 0DEh
dseg:067D                 db  24h ; $
dseg:067E                 db  25h ; %
dseg:067F                 db  63h ; c
dseg:0680                 db  19h
dseg:0681                 db  24h ; $
dseg:0682                 db  25h ; %
dseg:0683                 db  63h ; c
dseg:0684                 db 0DDh
dseg:0685                 db  74h ; t
dseg:0686                 db  6Fh ; o
dseg:0687                 db  20h
dseg:0688                 db  73h ; s
dseg:0689                 db  65h ; e
dseg:068A                 db  6Ch ; l
dseg:068B                 db  65h ; e
dseg:068C                 db  63h ; c
dseg:068D                 db  74h ; t
dseg:068E                 db  20h
dseg:068F                 db  53h ; S
dseg:0690                 db  45h ; E
dseg:0691                 db  54h ; T
dseg:0692                 db  55h ; U
dseg:0693                 db  50h ; P
dseg:0694                 db  20h
dseg:0695                 db  6Fh ; o
dseg:0696                 db  70h ; p
dseg:0697                 db  74h ; t
dseg:0698                 db  69h ; i
dseg:0699                 db  6Fh ; o
dseg:069A                 db  6Eh ; n
dseg:069B                 db  2Ch ; ,
dseg:069C                 db  20h
dseg:069D                 db  74h ; t
dseg:069E                 db  68h ; h
dseg:069F                 db  65h ; e
dseg:06A0                 db  6Eh ; n
dseg:06A1                 db  20h
dseg:06A2                 db  70h ; p
dseg:06A3                 db  72h ; r
dseg:06A4                 db  65h ; e
dseg:06A5                 db  73h ; s
dseg:06A6                 db  73h ; s
dseg:06A7                 db 0DEh
dseg:06A8                 db  24h ; $
dseg:06A9                 db  25h ; %
dseg:06AA                 db  63h ; c
dseg:06AB                 db  45h ; E
dseg:06AC                 db  4Eh ; N
dseg:06AD                 db  54h ; T
dseg:06AE                 db  45h ; E
dseg:06AF                 db  52h ; R
dseg:06B0                 db  24h ; $
dseg:06B1                 db  25h ; %
dseg:06B2                 db  63h ; c
dseg:06B3                 db 0DDh
dseg:06B4                 db    0
dseg:06B5                 db  0Ah
dseg:06B6                 db  20h
dseg:06B7                 db  20h
dseg:06B8                 db  20h
dseg:06B9                 db  20h
dseg:06BA                 db  20h
dseg:06BB                 db  20h
dseg:06BC                 db  20h
dseg:06BD                 db  20h
dseg:06BE                 db  20h
dseg:06BF                 db  47h ; G
dseg:06C0                 db  55h ; U
dseg:06C1                 db  4Eh ; N
dseg:06C2                 db  53h ; S
dseg:06C3                 db  48h ; H
dseg:06C4                 db  49h ; I
dseg:06C5                 db  50h ; P
dseg:06C6                 db  20h
dseg:06C7                 db  32h ; 2
dseg:06C8                 db  4Fh ; O
dseg:06C9                 db  4Fh ; O
dseg:06CA                 db  4Fh ; O
dseg:06CB                 db  20h
dseg:06CC                 db  2Bh ; +
dseg:06CD                 db  20h
dseg:06CE                 db  49h ; I
dseg:06CF                 db  53h ; S
dseg:06D0                 db  4Ch ; L
dseg:06D1                 db  41h ; A
dseg:06D2                 db  4Eh ; N
dseg:06D3                 db  44h ; D
dseg:06D4                 db  53h ; S
dseg:06D5                 db  20h
dseg:06D6                 db  26h ; &
dseg:06D7                 db  20h
dseg:06D8                 db  49h ; I
dseg:06D9                 db  43h ; C
dseg:06DA                 db  45h ; E
dseg:06DB                 db  20h
dseg:06DC                 db  20h
dseg:06DD                 db  53h ; S
dseg:06DE                 db  45h ; E
dseg:06DF                 db  54h ; T
dseg:06E0                 db  55h ; U
dseg:06E1                 db  50h ; P
dseg:06E2                 db  20h
dseg:06E3                 db  20h
dseg:06E4                 db  20h
dseg:06E5                 db  20h
dseg:06E6                 db  56h ; V
dseg:06E7                 db  65h ; e
dseg:06E8                 db  72h ; r
dseg:06E9                 db  73h ; s
dseg:06EA                 db  69h ; i
dseg:06EB                 db  6Fh ; o
dseg:06EC                 db  6Eh ; n
dseg:06ED                 db  20h
dseg:06EE                 db  34h ; 4
dseg:06EF                 db  36h ; 6
dseg:06F0                 db  39h ; 9
dseg:06F1                 db  2Eh ; .
dseg:06F2                 db  30h ; 0
dseg:06F3                 db  38h ; 8
dseg:06F4                 db  35h ; 5
dseg:06F5                 db  0Ah
dseg:06F6                 db  0Ah
dseg:06F7                 db  43h ; C
dseg:06F8                 db  6Fh ; o
dseg:06F9                 db  70h ; p
dseg:06FA                 db  79h ; y
dseg:06FB                 db  72h ; r
dseg:06FC                 db  69h ; i
dseg:06FD                 db  67h ; g
dseg:06FE                 db  68h ; h
dseg:06FF                 db  74h ; t
dseg:0700                 db  20h
dseg:0701                 db  28h ; (
dseg:0702                 db  63h ; c
dseg:0703                 db  29h ; )
dseg:0704                 db  20h
dseg:0705                 db  31h ; 1
dseg:0706                 db  39h ; 9
dseg:0707                 db  39h ; 9
dseg:0708                 db  32h ; 2
dseg:0709                 db  20h
dseg:070A                 db  62h ; b
dseg:070B                 db  79h ; y
dseg:070C                 db  20h
dseg:070D                 db  4Dh ; M
dseg:070E                 db  69h ; i
dseg:070F                 db  63h ; c
dseg:0710                 db  72h ; r
dseg:0711                 db  6Fh ; o
dseg:0712                 db  50h ; P
dseg:0713                 db  72h ; r
dseg:0714                 db  6Fh ; o
dseg:0715                 db  73h ; s
dseg:0716                 db  65h ; e
dseg:0717                 db  20h
dseg:0718                 db  53h ; S
dseg:0719                 db  6Fh ; o
dseg:071A                 db  66h ; f
dseg:071B                 db  74h ; t
dseg:071C                 db  77h ; w
dseg:071D                 db  61h ; a
dseg:071E                 db  72h ; r
dseg:071F                 db  65h ; e
dseg:0720                 db  2Ch ; ,
dseg:0721                 db  20h
dseg:0722                 db  49h ; I
dseg:0723                 db  6Eh ; n
dseg:0724                 db  63h ; c
dseg:0725                 db  2Eh ; .
dseg:0726                 db  2Ch ; ,
dseg:0727                 db  20h
dseg:0728                 db  41h ; A
dseg:0729                 db  6Ch ; l
dseg:072A                 db  6Ch ; l
dseg:072B                 db  20h
dseg:072C                 db  52h ; R
dseg:072D                 db  69h ; i
dseg:072E                 db  67h ; g
dseg:072F                 db  68h ; h
dseg:0730                 db  74h ; t
dseg:0731                 db  73h ; s
dseg:0732                 db  20h
dseg:0733                 db  52h ; R
dseg:0734                 db  65h ; e
dseg:0735                 db  73h ; s
dseg:0736                 db  65h ; e
dseg:0737                 db  72h ; r
dseg:0738                 db  76h ; v
dseg:0739                 db  65h ; e
dseg:073A                 db  64h ; d
dseg:073B                 db    0
dseg:073C                 db  4Ah ; J
dseg:073D                 db  6Fh ; o
dseg:073E                 db  79h ; y
dseg:073F                 db  73h ; s
dseg:0740                 db  74h ; t
dseg:0741                 db  69h ; i
dseg:0742                 db  63h ; c
dseg:0743                 db  6Bh ; k
dseg:0744                 db    0
dseg:0745                 db  79h ; y
dseg:0746                 db  6Fh ; o
dseg:0747                 db  75h ; u
dseg:0748                 db  72h ; r
dseg:0749                 db  20h
dseg:074A                 db  6Ah ; j
dseg:074B                 db  6Fh ; o
dseg:074C                 db  79h ; y
dseg:074D                 db  73h ; s
dseg:074E                 db  74h ; t
dseg:074F                 db  69h ; i
dseg:0750                 db  63h ; c
dseg:0751                 db  6Bh ; k
dseg:0752                 db    0
dseg:0753                 db  54h ; T
dseg:0754                 db  68h ; h
dseg:0755                 db  72h ; r
dseg:0756                 db  75h ; u
dseg:0757                 db  73h ; s
dseg:0758                 db  74h ; t
dseg:0759                 db  4Dh ; M
dseg:075A                 db  61h ; a
dseg:075B                 db  73h ; s
dseg:075C                 db  74h ; t
dseg:075D                 db  65h ; e
dseg:075E                 db  72h ; r
dseg:075F                 db    0
dseg:0760                 db  54h ; T
dseg:0761                 db  68h ; h
dseg:0762                 db  72h ; r
dseg:0763                 db  75h ; u
dseg:0764                 db  73h ; s
dseg:0765                 db  74h ; t
dseg:0766                 db  4Dh ; M
dseg:0767                 db  61h ; a
dseg:0768                 db  73h ; s
dseg:0769                 db  74h ; t
dseg:076A                 db  65h ; e
dseg:076B                 db  72h ; r
dseg:076C                 db    0
dseg:076D                 db  4Ah ; J
dseg:076E                 db  6Fh ; o
dseg:076F                 db  79h ; y
dseg:0770                 db  73h ; s
dseg:0771                 db  74h ; t
dseg:0772                 db  69h ; i
dseg:0773                 db  63h ; c
dseg:0774                 db  6Bh ; k
dseg:0775                 db  20h
dseg:0776                 db  54h ; T
dseg:0777                 db  57h ; W
dseg:0778                 db  4Fh ; O
dseg:0779                 db    0
dseg:077A                 db  6Ah ; j
dseg:077B                 db  6Fh ; o
dseg:077C                 db  79h ; y
dseg:077D                 db  73h ; s
dseg:077E                 db  74h ; t
dseg:077F                 db  69h ; i
dseg:0780                 db  63h ; c
dseg:0781                 db  6Bh ; k
dseg:0782                 db  20h
dseg:0783                 db  32h ; 2
dseg:0784                 db    0
dseg:0785                 db  42h ; B
dseg:0786                 db  4Fh ; O
dseg:0787                 db  54h ; T
dseg:0788                 db  54h ; T
dseg:0789                 db  4Fh ; O
dseg:078A                 db  4Dh ; M
dseg:078B                 db    0
dseg:078C                 db  54h ; T
dseg:078D                 db  4Fh ; O
dseg:078E                 db  50h ; P
dseg:078F                 db    0
dseg:0790                 db  63h ; c
dseg:0791                 db  6Fh ; o
dseg:0792                 db  6Ch ; l
dseg:0793                 db  6Ch ; l
dseg:0794                 db  65h ; e
dseg:0795                 db  63h ; c
dseg:0796                 db  74h ; t
dseg:0797                 db  69h ; i
dseg:0798                 db  76h ; v
dseg:0799                 db  65h ; e
dseg:079A                 db    0
dseg:079B                 db  63h ; c
dseg:079C                 db  6Fh ; o
dseg:079D                 db  6Ch ; l
dseg:079E                 db  6Ch ; l
dseg:079F                 db  65h ; e
dseg:07A0                 db  63h ; c
dseg:07A1                 db  74h ; t
dseg:07A2                 db  69h ; i
dseg:07A3                 db  76h ; v
dseg:07A4                 db  65h ; e
dseg:07A5                 db  20h
dseg:07A6                 db  63h ; c
dseg:07A7                 db  6Fh ; o
dseg:07A8                 db  6Eh ; n
dseg:07A9                 db  74h ; t
dseg:07AA                 db  72h ; r
dseg:07AB                 db  6Fh ; o
dseg:07AC                 db  6Ch ; l
dseg:07AD                 db    0
dseg:07AE                 db  46h ; F
dseg:07AF                 db  41h ; A
dseg:07B0                 db  52h ; R
dseg:07B1                 db  20h
dseg:07B2                 db  52h ; R
dseg:07B3                 db  49h ; I
dseg:07B4                 db  47h ; G
dseg:07B5                 db  48h ; H
dseg:07B6                 db  54h ; T
dseg:07B7                 db    0
dseg:07B8                 db  46h ; F
dseg:07B9                 db  41h ; A
dseg:07BA                 db  52h ; R
dseg:07BB                 db  20h
dseg:07BC                 db  4Ch ; L
dseg:07BD                 db  45h ; E
dseg:07BE                 db  46h ; F
dseg:07BF                 db  54h ; T
dseg:07C0                 db    0
dseg:07C1                 db  72h ; r
dseg:07C2                 db  75h ; u
dseg:07C3                 db  64h ; d
dseg:07C4                 db  64h ; d
dseg:07C5                 db  65h ; e
dseg:07C6                 db  72h ; r
dseg:07C7                 db    0
dseg:07C8                 db  72h ; r
dseg:07C9                 db  75h ; u
dseg:07CA                 db  64h ; d
dseg:07CB                 db  64h ; d
dseg:07CC                 db  65h ; e
dseg:07CD                 db  72h ; r
dseg:07CE                 db  20h
dseg:07CF                 db  63h ; c
dseg:07D0                 db  6Fh ; o
dseg:07D1                 db  6Eh ; n
dseg:07D2                 db  74h ; t
dseg:07D3                 db  72h ; r
dseg:07D4                 db  6Fh ; o
dseg:07D5                 db  6Ch ; l
dseg:07D6                 db    0
dseg:07D7                 db  57h ; W
dseg:07D8                 db  41h ; A
dseg:07D9                 db  52h ; R
dseg:07DA                 db  4Eh ; N
dseg:07DB                 db  49h ; I
dseg:07DC                 db  4Eh ; N
dseg:07DD                 db  47h ; G
dseg:07DE                 db  21h ; !
dseg:07DF                 db  20h
dseg:07E0                 db  20h
dseg:07E1                 db  55h ; U
dseg:07E2                 db  6Eh ; n
dseg:07E3                 db  61h ; a
dseg:07E4                 db  62h ; b
dseg:07E5                 db  6Ch ; l
dseg:07E6                 db  65h ; e
dseg:07E7                 db  20h
dseg:07E8                 db  74h ; t
dseg:07E9                 db  6Fh ; o
dseg:07EA                 db  20h
dseg:07EB                 db  64h ; d
dseg:07EC                 db  65h ; e
dseg:07ED                 db  74h ; t
dseg:07EE                 db  65h ; e
dseg:07EF                 db  63h ; c
dseg:07F0                 db  74h ; t
dseg:07F1                 db  0Ah
dseg:07F2                 db    0
dseg:07F3                 db  20h
dseg:07F4                 db  20h
dseg:07F5                 db  28h ; (
dseg:07F6                 db  46h ; F
dseg:07F7                 db  6Fh ; o
dseg:07F8                 db  6Ch ; l
dseg:07F9                 db  6Ch ; l
dseg:07FA                 db  6Fh ; o
dseg:07FB                 db  77h ; w
dseg:07FC                 db  0Ah
dseg:07FD                 db  69h ; i
dseg:07FE                 db  6Eh ; n
dseg:07FF                 db  73h ; s
dseg:0800                 db  74h ; t
dseg:0801                 db  72h ; r
dseg:0802                 db  75h ; u
dseg:0803                 db  63h ; c
dseg:0804                 db  74h ; t
dseg:0805                 db  69h ; i
dseg:0806                 db  6Fh ; o
dseg:0807                 db  6Eh ; n
dseg:0808                 db  73h ; s
dseg:0809                 db  20h
dseg:080A                 db  6Fh ; o
dseg:080B                 db  72h ; r
dseg:080C                 db  20h
dseg:080D                 db  45h ; E
dseg:080E                 db  53h ; S
dseg:080F                 db  43h ; C
dseg:0810                 db  20h
dseg:0811                 db  74h ; t
dseg:0812                 db  6Fh ; o
dseg:0813                 db  20h
dseg:0814                 db  63h ; c
dseg:0815                 db  61h ; a
dseg:0816                 db  6Eh ; n
dseg:0817                 db  63h ; c
dseg:0818                 db  65h ; e
dseg:0819                 db  6Ch ; l
dseg:081A                 db  29h ; )
dseg:081B                 db    0
dseg:081C                 db  50h ; P
dseg:081D                 db  6Ch ; l
dseg:081E                 db  65h ; e
dseg:081F                 db  61h ; a
dseg:0820                 db  73h ; s
dseg:0821                 db  65h ; e
dseg:0822                 db  20h
dseg:0823                 db  66h ; f
dseg:0824                 db  6Fh ; o
dseg:0825                 db  6Ch ; l
dseg:0826                 db  6Ch ; l
dseg:0827                 db  6Fh ; o
dseg:0828                 db  77h ; w
dseg:0829                 db  20h
dseg:082A                 db  74h ; t
dseg:082B                 db  68h ; h
dseg:082C                 db  65h ; e
dseg:082D                 db  73h ; s
dseg:082E                 db  65h ; e
dseg:082F                 db  20h
dseg:0830                 db  69h ; i
dseg:0831                 db  6Eh ; n
dseg:0832                 db  73h ; s
dseg:0833                 db  74h ; t
dseg:0834                 db  72h ; r
dseg:0835                 db  75h ; u
dseg:0836                 db  63h ; c
dseg:0837                 db  74h ; t
dseg:0838                 db  69h ; i
dseg:0839                 db  6Fh ; o
dseg:083A                 db  6Eh ; n
dseg:083B                 db  73h ; s
dseg:083C                 db  0Ah
dseg:083D                 db  74h ; t
dseg:083E                 db  6Fh ; o
dseg:083F                 db  20h
dseg:0840                 db  63h ; c
dseg:0841                 db  61h ; a
dseg:0842                 db  6Ch ; l
dseg:0843                 db  69h ; i
dseg:0844                 db  62h ; b
dseg:0845                 db  72h ; r
dseg:0846                 db  61h ; a
dseg:0847                 db  74h ; t
dseg:0848                 db  65h ; e
dseg:0849                 db  20h
dseg:084A                 db    0
dseg:084B                 db  3Ah ; :
dseg:084C                 db  0Ah
dseg:084D                 db    0
dseg:084E                 db  42h ; B
dseg:084F                 db  65h ; e
dseg:0850                 db  20h
dseg:0851                 db  73h ; s
dseg:0852                 db  75h ; u
dseg:0853                 db  72h ; r
dseg:0854                 db  65h ; e
dseg:0855                 db  20h
dseg:0856                 db  74h ; t
dseg:0857                 db  68h ; h
dseg:0858                 db  75h ; u
dseg:0859                 db  6Dh ; m
dseg:085A                 db  62h ; b
dseg:085B                 db  20h
dseg:085C                 db  74h ; t
dseg:085D                 db  6Fh ; o
dseg:085E                 db  67h ; g
dseg:085F                 db  67h ; g
dseg:0860                 db  6Ch ; l
dseg:0861                 db  65h ; e
dseg:0862                 db  20h
dseg:0863                 db  69h ; i
dseg:0864                 db  73h ; s
dseg:0865                 db  20h
dseg:0866                 db  63h ; c
dseg:0867                 db  65h ; e
dseg:0868                 db  6Eh ; n
dseg:0869                 db  74h ; t
dseg:086A                 db  65h ; e
dseg:086B                 db  72h ; r
dseg:086C                 db  65h ; e
dseg:086D                 db  64h ; d
dseg:086E                 db    0
dseg:086F                 db  0Ah
dseg:0870                 db  4Dh ; M
dseg:0871                 db  6Fh ; o
dseg:0872                 db  76h ; v
dseg:0873                 db  65h ; e
dseg:0874                 db  20h
dseg:0875                 db    0
dseg:0876                 db  20h
dseg:0877                 db  74h ; t
dseg:0878                 db  6Fh ; o
dseg:0879                 db  20h
dseg:087A                 db  43h ; C
dseg:087B                 db  45h ; E
dseg:087C                 db  4Eh ; N
dseg:087D                 db  54h ; T
dseg:087E                 db  45h ; E
dseg:087F                 db  52h ; R
dseg:0880                 db  0Ah
dseg:0881                 db  50h ; P
dseg:0882                 db  72h ; r
dseg:0883                 db  65h ; e
dseg:0884                 db  73h ; s
dseg:0885                 db  73h ; s
dseg:0886                 db  20h
dseg:0887                 db  65h ; e
dseg:0888                 db  69h ; i
dseg:0889                 db  74h ; t
dseg:088A                 db  68h ; h
dseg:088B                 db  65h ; e
dseg:088C                 db  72h ; r
dseg:088D                 db  20h
dseg:088E                 db  62h ; b
dseg:088F                 db  75h ; u
dseg:0890                 db  74h ; t
dseg:0891                 db  74h ; t
dseg:0892                 db  6Fh ; o
dseg:0893                 db  6Eh ; n
dseg:0894                 db  20h
dseg:0895                 db  6Fh ; o
dseg:0896                 db  72h ; r
dseg:0897                 db  20h
dseg:0898                 db  45h ; E
dseg:0899                 db  4Eh ; N
dseg:089A                 db  54h ; T
dseg:089B                 db  45h ; E
dseg:089C                 db  52h ; R
dseg:089D                 db  0Ah
dseg:089E                 db    0
dseg:089F                 db  0Ah
dseg:08A0                 db  4Dh ; M
dseg:08A1                 db  6Fh ; o
dseg:08A2                 db  76h ; v
dseg:08A3                 db  65h ; e
dseg:08A4                 db  20h
dseg:08A5                 db    0
dseg:08A6                 db  20h
dseg:08A7                 db  74h ; t
dseg:08A8                 db  6Fh ; o
dseg:08A9                 db  20h
dseg:08AA                 db    0
dseg:08AB                 db  0Ah
dseg:08AC                 db  50h ; P
dseg:08AD                 db  72h ; r
dseg:08AE                 db  65h ; e
dseg:08AF                 db  73h ; s
dseg:08B0                 db  73h ; s
dseg:08B1                 db  20h
dseg:08B2                 db  65h ; e
dseg:08B3                 db  69h ; i
dseg:08B4                 db  74h ; t
dseg:08B5                 db  68h ; h
dseg:08B6                 db  65h ; e
dseg:08B7                 db  72h ; r
dseg:08B8                 db  20h
dseg:08B9                 db  62h ; b
dseg:08BA                 db  75h ; u
dseg:08BB                 db  74h ; t
dseg:08BC                 db  74h ; t
dseg:08BD                 db  6Fh ; o
dseg:08BE                 db  6Eh ; n
dseg:08BF                 db  20h
dseg:08C0                 db  6Fh ; o
dseg:08C1                 db  72h ; r
dseg:08C2                 db  20h
dseg:08C3                 db  45h ; E
dseg:08C4                 db  4Eh ; N
dseg:08C5                 db  54h ; T
dseg:08C6                 db  45h ; E
dseg:08C7                 db  52h ; R
dseg:08C8                 db  0Ah
dseg:08C9                 db    0
dseg:08CA                 db  0Ah
dseg:08CB                 db  4Dh ; M
dseg:08CC                 db  6Fh ; o
dseg:08CD                 db  76h ; v
dseg:08CE                 db  65h ; e
dseg:08CF                 db  20h
dseg:08D0                 db    0
dseg:08D1                 db  20h
dseg:08D2                 db  74h ; t
dseg:08D3                 db  6Fh ; o
dseg:08D4                 db  20h
dseg:08D5                 db    0
dseg:08D6                 db  0Ah
dseg:08D7                 db  50h ; P
dseg:08D8                 db  72h ; r
dseg:08D9                 db  65h ; e
dseg:08DA                 db  73h ; s
dseg:08DB                 db  73h ; s
dseg:08DC                 db  20h
dseg:08DD                 db  65h ; e
dseg:08DE                 db  69h ; i
dseg:08DF                 db  74h ; t
dseg:08E0                 db  68h ; h
dseg:08E1                 db  65h ; e
dseg:08E2                 db  72h ; r
dseg:08E3                 db  20h
dseg:08E4                 db  62h ; b
dseg:08E5                 db  75h ; u
dseg:08E6                 db  74h ; t
dseg:08E7                 db  74h ; t
dseg:08E8                 db  6Fh ; o
dseg:08E9                 db  6Eh ; n
dseg:08EA                 db  20h
dseg:08EB                 db  6Fh ; o
dseg:08EC                 db  72h ; r
dseg:08ED                 db  20h
dseg:08EE                 db  45h ; E
dseg:08EF                 db  4Eh ; N
dseg:08F0                 db  54h ; T
dseg:08F1                 db  45h ; E
dseg:08F2                 db  52h ; R
dseg:08F3                 db  0Ah
dseg:08F4                 db    0
dseg:08F5                 db  3Fh ; ?
dseg:08F6                 db  53h ; S
dseg:08F7                 db  4Fh ; O
dseg:08F8                 db  55h ; U
dseg:08F9                 db  4Eh ; N
dseg:08FA                 db  44h ; D
dseg:08FB                 db  2Eh ; .
dseg:08FC                 db  47h ; G
dseg:08FD                 db  53h ; S
dseg:08FE                 db  34h ; 4
dseg:08FF                 db    0
dseg:0900                 db  72h ; r
dseg:0901                 db  62h ; b
dseg:0902                 db    0
dseg:0903                 db    0
dseg:0904                 db  53h ; S
dseg:0905                 db  45h ; E
dseg:0906                 db  54h ; T
dseg:0907                 db  55h ; U
dseg:0908                 db  50h ; P
dseg:0909                 db  2Eh ; .
dseg:090A                 db  44h ; D
dseg:090B                 db  41h ; A
dseg:090C                 db  54h ; T
dseg:090D                 db    0
dseg:090E                 db  53h ; S
dseg:090F                 db  45h ; E
dseg:0910                 db  54h ; T
dseg:0911                 db  55h ; U
dseg:0912                 db  50h ; P
dseg:0913                 db  2Eh ; .
dseg:0914                 db  44h ; D
dseg:0915                 db  41h ; A
dseg:0916                 db  54h ; T
dseg:0917                 db    0
dseg:0918                 db  53h ; S
dseg:0919                 db  45h ; E
dseg:091A                 db  54h ; T
dseg:091B                 db  55h ; U
dseg:091C                 db  50h ; P
dseg:091D                 db  2Eh ; .
dseg:091E                 db  44h ; D
dseg:091F                 db  41h ; A
dseg:0920                 db  54h ; T
dseg:0921                 db    0
dseg:0922                 db 0DAh
dseg:0923                 db 0BFh
dseg:0924                 db 0C0h
dseg:0925                 db 0D9h
dseg:0926                 db 0C4h
dseg:0927                 db 0B3h
dseg:0928                 db    0
dseg:0929                 db 0C9h
dseg:092A                 db 0BBh
dseg:092B                 db 0C8h
dseg:092C                 db 0BCh
dseg:092D                 db 0CDh
dseg:092E                 db 0BAh
dseg:092F                 db    0
dseg:0930                 db  22h ; "
dseg:0931                 db    9
dseg:0932                 db  29h ; )
dseg:0933                 db    9
dseg:0934                 db    0
dseg:0935                 db    0
dseg:0936 word_14B56      dw 0                    ; DATA XREF: start+66↑w
dseg:0938 off_14B58       dw offset __exit        ; DATA XREF: seg002:00EA↑w
dseg:0938                                         ; __fptrap-1B1↑r
dseg:093A word_14B5A      dw 0                    ; DATA XREF: start+42↑w
dseg:093C                 db    0
dseg:093D                 db    0
dseg:093E                 db    5
dseg:093F                 db    0
dseg:0940                 db    0
dseg:0941                 db    0
dseg:0942                 db    0
dseg:0943                 db    0
dseg:0944                 db    0
dseg:0945                 db    0
dseg:0946                 db    0
dseg:0947                 db    0
dseg:0948                 db    0
dseg:0949                 db    0
dseg:094A                 db    0
dseg:094B                 db    0
dseg:094C                 db    0
dseg:094D                 db    0
dseg:094E                 db    0
dseg:094F                 db    0
dseg:0950                 db    0
dseg:0951                 db    0
dseg:0952                 db    0
dseg:0953                 db    0
dseg:0954 word_14B74      dw 435Fh                ; DATA XREF: __setenvp+53↑r
dseg:0956 aFileInfo       db '_FILE_INFO=',0
dseg:0962 dword_14B82     dd 0                    ; DATA XREF: __cinit+5↑w
dseg:0962                                         ; __ctermsub+E↑r ...
dseg:0966                 align 10h
dseg:0970 word_14B90      dw 0                    ; DATA XREF: sub_1179E+25↑w
dseg:0970                                         ; _fseek:loc_12A31↑w ...
dseg:0972 word_14B92      dw 0                    ; DATA XREF: __cXENIXtoDOSmode↑r
dseg:0974                 db    0
dseg:0975                 db    0
dseg:0976 word_14B96      dw 0                    ; DATA XREF: start+7B↑w
dseg:0976                                         ; __cinit+1F↑r ...
dseg:0978 word_14B98      dw 0                    ; DATA XREF: __setargv+C↑w
dseg:0978                                         ; sub_1179E+7↑r ...
dseg:097A                 db    0
dseg:097B byte_14B9B      db 0                    ; DATA XREF: sub_1179E↑w
dseg:097C                 db    0
dseg:097D word_14B9D      dw 14h                  ; DATA XREF: _close+6↑r
dseg:097D                                         ; _lseek+9↑r ...
dseg:097F                 db  81h
dseg:0980                 db  81h
dseg:0981                 db  81h
dseg:0982                 db    1
dseg:0983                 db    1
dseg:0984                 db    0
dseg:0985                 db    0
dseg:0986                 db    0
dseg:0987                 db    0
dseg:0988                 db    0
dseg:0989                 db    0
dseg:098A                 db    0
dseg:098B                 db    0
dseg:098C                 db    0
dseg:098D                 db    0
dseg:098E                 db    0
dseg:098F                 db    0
dseg:0990                 db    0
dseg:0991                 db    0
dseg:0992                 db    0
dseg:0993 ; int argc
dseg:0993 argc            dw 0                    ; DATA XREF: start+B4↑r
dseg:0993                                         ; __setargv+C7↑w
dseg:0995 ; char **argv
dseg:0995 argv            dw 0                    ; DATA XREF: start+B0↑r
dseg:0995                                         ; __setargv+DA↑w
dseg:0997 word_14BB7      dw 0                    ; DATA XREF: start+AC↑r
dseg:0997                                         ; __setenvp+40↑w
dseg:0999 word_14BB9      dw 99Dh                 ; DATA XREF: __setargv+32↑w
dseg:0999                                         ; __setargv+E8↑r
dseg:099B seg_14BBB       dw seg dseg             ; DATA XREF: __setargv+1F↑w
dseg:099D                 align 4
dseg:09A0 byte_14BC0      db 0                    ; DATA XREF: __ctermsub+18↑r
dseg:09A1 byte_14BC1      db 0                    ; DATA XREF: __ctermsub+20↑r
dseg:09A2 dword_14BC2     dd 0                    ; DATA XREF: __ctermsub+23↑r
dseg:09A6 unk_14BC6       db    0                 ; DATA XREF: __FF_MSGBANNER+12↑r
dseg:09A7                 db    0
dseg:09A8 word_14BC8      dw 0                    ; DATA XREF: __FF_MSGBANNER+B↑r
dseg:09AA dword_14BCA     dd 0FFFFFFFFh           ; DATA XREF: __aFchkstk+15↑r
dseg:09AA                                         ; __aFchkstk:loc_114B6↑r
dseg:09AE word_14BCE      dw 2090h                ; DATA XREF: __aFchkstk+8↑r
dseg:09AE                                         ; sub_126E2+2↑r
dseg:09B0 dword_14BD0     dd 0                    ; DATA XREF: __setargv↑w
dseg:09B0                                         ; __setargv+18E↑r ...
dseg:09B4                 db    0
dseg:09B5                 db  16h
dseg:09B6                 db    2
dseg:09B7                 db    2
dseg:09B8                 db  18h
dseg:09B9                 db  0Dh
dseg:09BA                 db    9
dseg:09BB                 db  0Ch
dseg:09BC                 db  0Ch
dseg:09BD                 db  0Ch
dseg:09BE                 db    7
dseg:09BF                 db    8
dseg:09C0                 db  16h
dseg:09C1                 db  16h
dseg:09C2                 db 0FFh
dseg:09C3                 db    2
dseg:09C4                 db  0Dh
dseg:09C5                 db  12h
dseg:09C6                 db    2
dseg:09C7                 db 0FFh
dseg:09C8                 db  5Ch ; \
dseg:09C9                 db    0
dseg:09CA                 db  5Ch ; \
dseg:09CB                 db    0
dseg:09CC word_14BEC      dw 0                    ; DATA XREF: __openfile:loc_11C45↑w
dseg:09CE                 db  6Ah ; j
dseg:09CF                 db  1Dh
dseg:09D0                 db    0
dseg:09D1                 db    0
dseg:09D2                 db  6Ah ; j
dseg:09D3                 db  1Dh
dseg:09D4                 db    1
dseg:09D5                 db    0
dseg:09D6                 db    0
dseg:09D7                 db    0
dseg:09D8                 db    0
dseg:09D9                 db    0
dseg:09DA                 db    0
dseg:09DB                 db    0
dseg:09DC                 db    2
dseg:09DD                 db    1
dseg:09DE                 db    0
dseg:09DF                 db    0
dseg:09E0                 db    0
dseg:09E1                 db    0
dseg:09E2                 db    0
dseg:09E3                 db    0
dseg:09E4                 db    2
dseg:09E5                 db    2
dseg:09E6                 db    0
dseg:09E7                 db    0
dseg:09E8                 db    0
dseg:09E9                 db    0
dseg:09EA                 db    0
dseg:09EB                 db    0
dseg:09EC                 db  84h
dseg:09ED                 db    3
dseg:09EE                 db    0
dseg:09EF                 db    0
dseg:09F0                 db    0
dseg:09F1                 db    0
dseg:09F2                 db    0
dseg:09F3                 db    0
dseg:09F4                 db    2
dseg:09F5                 db    4
dseg:09F6                 db    0
dseg:09F7                 db    0
dseg:09F8                 db    0
dseg:09F9                 db    0
dseg:09FA                 db    0
dseg:09FB                 db    0
dseg:09FC                 db    0
dseg:09FD                 db    0
dseg:09FE                 db    0
dseg:09FF                 db    0
dseg:0A00                 db    0
dseg:0A01                 db    0
dseg:0A02                 db    0
dseg:0A03                 db    0
dseg:0A04                 db    0
dseg:0A05                 db    0
dseg:0A06                 db    0
dseg:0A07                 db    0
dseg:0A08                 db    0
dseg:0A09                 db    0
dseg:0A0A                 db    0
dseg:0A0B                 db    0
dseg:0A0C                 db    0
dseg:0A0D                 db    0
dseg:0A0E                 db    0
dseg:0A0F                 db    0
dseg:0A10                 db    0
dseg:0A11                 db    0
dseg:0A12                 db    0
dseg:0A13                 db    0
dseg:0A14                 db    0
dseg:0A15                 db    0
dseg:0A16                 db    0
dseg:0A17                 db    0
dseg:0A18                 db    0
dseg:0A19                 db    0
dseg:0A1A                 db    0
dseg:0A1B                 db    0
dseg:0A1C                 db    0
dseg:0A1D                 db    0
dseg:0A1E                 db    0
dseg:0A1F                 db    0
dseg:0A20                 db    0
dseg:0A21                 db    0
dseg:0A22                 db    0
dseg:0A23                 db    0
dseg:0A24                 db    0
dseg:0A25                 db    0
dseg:0A26                 db    0
dseg:0A27                 db    0
dseg:0A28                 db    0
dseg:0A29                 db    0
dseg:0A2A                 db    0
dseg:0A2B                 db    0
dseg:0A2C                 db    0
dseg:0A2D                 db    0
dseg:0A2E                 db    0
dseg:0A2F                 db    0
dseg:0A30                 db    0
dseg:0A31                 db    0
dseg:0A32                 db    0
dseg:0A33                 db    0
dseg:0A34                 db    0
dseg:0A35                 db    0
dseg:0A36                 db    0
dseg:0A37                 db    0
dseg:0A38                 db    0
dseg:0A39                 db    0
dseg:0A3A                 db    0
dseg:0A3B                 db    0
dseg:0A3C                 db    0
dseg:0A3D                 db    0
dseg:0A3E                 db    0
dseg:0A3F                 db    0
dseg:0A40                 db    0
dseg:0A41                 db    0
dseg:0A42                 db    0
dseg:0A43                 db    0
dseg:0A44                 db    0
dseg:0A45                 db    0
dseg:0A46                 db    0
dseg:0A47                 db    0
dseg:0A48                 db    0
dseg:0A49                 db    0
dseg:0A4A                 db    0
dseg:0A4B                 db    0
dseg:0A4C                 db    0
dseg:0A4D                 db    0
dseg:0A4E                 db    0
dseg:0A4F                 db    0
dseg:0A50                 db    0
dseg:0A51                 db    0
dseg:0A52                 db    0
dseg:0A53                 db    0
dseg:0A54                 db    0
dseg:0A55                 db    0
dseg:0A56                 db    0
dseg:0A57                 db    0
dseg:0A58                 db    0
dseg:0A59                 db    0
dseg:0A5A                 db    0
dseg:0A5B                 db    0
dseg:0A5C                 db    0
dseg:0A5D                 db    0
dseg:0A5E                 db    0
dseg:0A5F                 db    0
dseg:0A60                 db    0
dseg:0A61                 db    0
dseg:0A62                 db    0
dseg:0A63                 db    0
dseg:0A64                 db    0
dseg:0A65                 db    0
dseg:0A66                 db    0
dseg:0A67                 db    0
dseg:0A68                 db    0
dseg:0A69                 db    0
dseg:0A6A                 db    0
dseg:0A6B                 db    0
dseg:0A6C                 db    0
dseg:0A6D                 db    0
dseg:0A6E                 db    1
dseg:0A6F                 db    0
dseg:0A70                 db    0
dseg:0A71                 db    2
dseg:0A72                 db    0
dseg:0A73                 db    0
dseg:0A74                 db    0
dseg:0A75                 db    0
dseg:0A76                 db    0
dseg:0A77                 db    0
dseg:0A78                 db    0
dseg:0A79                 db    0
dseg:0A7A                 db    0
dseg:0A7B                 db    0
dseg:0A7C                 db    0
dseg:0A7D                 db    0
dseg:0A7E                 db    0
dseg:0A7F                 db    0
dseg:0A80                 db    0
dseg:0A81                 db    0
dseg:0A82                 db    0
dseg:0A83                 db    0
dseg:0A84                 db    0
dseg:0A85                 db    0
dseg:0A86                 db    0
dseg:0A87                 db    0
dseg:0A88                 db    0
dseg:0A89                 db    0
dseg:0A8A                 db    0
dseg:0A8B                 db    0
dseg:0A8C                 db    0
dseg:0A8D                 db    0
dseg:0A8E                 db    0
dseg:0A8F                 db    0
dseg:0A90                 db    0
dseg:0A91                 db    0
dseg:0A92                 db    0
dseg:0A93                 db    0
dseg:0A94                 db    0
dseg:0A95                 db    0
dseg:0A96                 db    0
dseg:0A97                 db    0
dseg:0A98                 db    0
dseg:0A99                 db    0
dseg:0A9A                 db    0
dseg:0A9B                 db    0
dseg:0A9C                 db    0
dseg:0A9D                 db    0
dseg:0A9E                 db    0
dseg:0A9F                 db    0
dseg:0AA0                 db    0
dseg:0AA1                 db    0
dseg:0AA2                 db    0
dseg:0AA3                 db    0
dseg:0AA4                 db    0
dseg:0AA5                 db    0
dseg:0AA6                 db    0
dseg:0AA7                 db    0
dseg:0AA8                 db    0
dseg:0AA9                 db    0
dseg:0AAA                 db    0
dseg:0AAB                 db    0
dseg:0AAC                 db    0
dseg:0AAD                 db    0
dseg:0AAE                 db    0
dseg:0AAF                 db    0
dseg:0AB0                 db    0
dseg:0AB1                 db    0
dseg:0AB2                 db    0
dseg:0AB3                 db    0
dseg:0AB4                 db    0
dseg:0AB5                 db    0
dseg:0AB6                 db    0
dseg:0AB7                 db    0
dseg:0AB8                 db    0
dseg:0AB9                 db    0
dseg:0ABA                 db    0
dseg:0ABB                 db    0
dseg:0ABC                 db    0
dseg:0ABD                 db    0
dseg:0ABE                 db    0
dseg:0ABF                 db    0
dseg:0AC0                 db    0
dseg:0AC1                 db    0
dseg:0AC2                 db    0
dseg:0AC3                 db    0
dseg:0AC4                 db    0
dseg:0AC5                 db    0
dseg:0AC6                 db    0
dseg:0AC7                 db    0
dseg:0AC8                 db    0
dseg:0AC9                 db    0
dseg:0ACA                 db    0
dseg:0ACB                 db    0
dseg:0ACC                 db    0
dseg:0ACD                 db    0
dseg:0ACE                 db    0
dseg:0ACF                 db    0
dseg:0AD0                 db    0
dseg:0AD1                 db    0
dseg:0AD2                 db    0
dseg:0AD3                 db    0
dseg:0AD4                 db    0
dseg:0AD5                 db    0
dseg:0AD6                 db    0
dseg:0AD7                 db    0
dseg:0AD8                 db    0
dseg:0AD9                 db    0
dseg:0ADA                 db    0
dseg:0ADB                 db    0
dseg:0ADC                 db    0
dseg:0ADD                 db    0
dseg:0ADE                 db    0
dseg:0ADF                 db    0
dseg:0AE0                 db    0
dseg:0AE1                 db    0
dseg:0AE2                 db    0
dseg:0AE3                 db    0
dseg:0AE4                 db    0
dseg:0AE5                 db    0
dseg:0AE6                 db    0
dseg:0AE7                 db    0
dseg:0AE8                 db    0
dseg:0AE9                 db    0
dseg:0AEA                 db    0
dseg:0AEB                 db    0
dseg:0AEC                 db    0
dseg:0AED                 db    0
dseg:0AEE                 db    0
dseg:0AEF                 db    0
dseg:0AF0                 db    0
dseg:0AF1                 db    0
dseg:0AF2                 db    0
dseg:0AF3                 db    0
dseg:0AF4                 db    0
dseg:0AF5                 db    0
dseg:0AF6                 db    0
dseg:0AF7                 db    0
dseg:0AF8                 db    0
dseg:0AF9                 db    0
dseg:0AFA                 db    0
dseg:0AFB                 db    0
dseg:0AFC                 db    0
dseg:0AFD                 db    0
dseg:0AFE                 db    0
dseg:0AFF                 db    0
dseg:0B00                 db    0
dseg:0B01                 db    0
dseg:0B02                 db    0
dseg:0B03                 db    0
dseg:0B04                 db    0
dseg:0B05                 db    0
dseg:0B06                 db    0
dseg:0B07                 db    0
dseg:0B08                 db    0
dseg:0B09                 db    0
dseg:0B0A                 db    0
dseg:0B0B                 db    0
dseg:0B0C                 db    0
dseg:0B0D                 db    0
dseg:0B0E word_14D2E      dw 0A66h                ; DATA XREF: flsall:loc_11D14↑r
dseg:0B0E                                         ; __getstream:loc_1223B↑r
dseg:0B10                 db    6
dseg:0B11                 db    0
dseg:0B12                 db    0
dseg:0B13                 db    6
dseg:0B14                 db    0
dseg:0B15                 db    1
dseg:0B16                 db    0
dseg:0B17                 db    0
dseg:0B18                 db  10h
dseg:0B19                 db    0
dseg:0B1A                 db    3
dseg:0B1B                 db    6
dseg:0B1C                 db    0
dseg:0B1D                 db    6
dseg:0B1E                 db    2
dseg:0B1F                 db  10h
dseg:0B20                 db    4
dseg:0B21                 db  45h ; E
dseg:0B22                 db  45h ; E
dseg:0B23                 db  45h ; E
dseg:0B24                 db    5
dseg:0B25                 db    5
dseg:0B26                 db    5
dseg:0B27                 db    5
dseg:0B28                 db    5
dseg:0B29                 db  35h ; 5
dseg:0B2A                 db  30h ; 0
dseg:0B2B                 db    0
dseg:0B2C                 db  50h ; P
dseg:0B2D                 db    0
dseg:0B2E                 db    0
dseg:0B2F                 db    0
dseg:0B30                 db    0
dseg:0B31                 db  20h
dseg:0B32                 db  20h
dseg:0B33                 db  30h ; 0
dseg:0B34                 db  50h ; P
dseg:0B35                 db  58h ; X
dseg:0B36                 db    7
dseg:0B37                 db    8
dseg:0B38                 db    0
dseg:0B39                 db  30h ; 0
dseg:0B3A                 db  30h ; 0
dseg:0B3B                 db  30h ; 0
dseg:0B3C                 db  57h ; W
dseg:0B3D                 db  50h ; P
dseg:0B3E                 db    7
dseg:0B3F                 db    0
dseg:0B40                 db    0
dseg:0B41                 db  20h
dseg:0B42                 db  20h
dseg:0B43                 db    0
dseg:0B44                 db    0
dseg:0B45                 db    0
dseg:0B46                 db    0
dseg:0B47                 db    0
dseg:0B48                 db    8
dseg:0B49                 db  60h ; `
dseg:0B4A                 db  60h ; `
dseg:0B4B                 db  60h ; `
dseg:0B4C                 db  60h ; `
dseg:0B4D                 db  60h ; `
dseg:0B4E                 db  60h ; `
dseg:0B4F                 db    0
dseg:0B50                 db    0
dseg:0B51                 db  70h ; p
dseg:0B52                 db  70h ; p
dseg:0B53                 db  78h ; x
dseg:0B54                 db  78h ; x
dseg:0B55                 db  78h ; x
dseg:0B56                 db  78h ; x
dseg:0B57                 db    8
dseg:0B58                 db    7
dseg:0B59                 db    8
dseg:0B5A                 db    0
dseg:0B5B                 db    0
dseg:0B5C                 db    7
dseg:0B5D                 db    0
dseg:0B5E                 db    8
dseg:0B5F                 db    8
dseg:0B60                 db    8
dseg:0B61                 db    0
dseg:0B62                 db    0
dseg:0B63                 db    8
dseg:0B64                 db    0
dseg:0B65                 db    8
dseg:0B66                 db    0
dseg:0B67                 db    0
dseg:0B68                 db    8
dseg:0B69                 db  28h ; (
dseg:0B6A                 db  6Eh ; n
dseg:0B6B                 db  75h ; u
dseg:0B6C                 db  6Ch ; l
dseg:0B6D                 db  6Ch ; l
dseg:0B6E                 db  29h ; )
dseg:0B6F word_14D8F      dw 6                    ; DATA XREF: __output+1A7↑r
dseg:0B71                 db    0
dseg:0B72                 db    0
dseg:0B73 byte_14D93      db 0                    ; DATA XREF: _open+1E↑r
dseg:0B74 word_14D94      dw 2000h                ; DATA XREF: __myalloc+6↑w
dseg:0B74                                         ; __myalloc+12↑w ...
dseg:0B76 off_14D96       dd __fptrap             ; DATA XREF: __output:loc_11FD6↑r
dseg:0B7A off_14D9A       dd __fptrap             ; DATA XREF: __output+2AC↑r
dseg:0B7E                 dd __fptrap
dseg:0B82 off_14DA2       dd __fptrap             ; DATA XREF: __output+298↑r
dseg:0B86                 dd __fptrap
dseg:0B8A off_14DAA       dd __fptrap             ; DATA XREF: __output+276↑r
dseg:0B8E                 db    0
dseg:0B8F                 db    0
dseg:0B90                 db    0
dseg:0B91                 db    0
dseg:0B92                 db    1
dseg:0B93                 db    0
dseg:0B94 word_14DB4      dw 0                    ; DATA XREF: start+91↑r
dseg:0B96 word_14DB6      dw 0                    ; DATA XREF: __fptrap-1C6↑r
dseg:0B96                                         ; __exit+31↑r ...
dseg:0B98 off_14DB8       dw offset locret_112B0  ; DATA XREF: __NMSG_WRITE+27↑r
dseg:0B98                                         ; _read+2B↑r ...
dseg:0B9A off_14DBA       dw offset locret_112B0  ; DATA XREF: __fptrap-1BB↑r
dseg:0B9C off_14DBC       dw offset locret_112B0  ; DATA XREF: __exit+39↑r
dseg:0B9E                 db    0
dseg:0B9F                 db    0
dseg:0BA0                 dd seg_14210
dseg:0BA4                 db    0
dseg:0BA5                 db    0
dseg:0BA6 unk_14DC6       db    0                 ; DATA XREF: __cinit+30↑r
dseg:0BA6                                         ; __cinit+46↑r ...
dseg:0BA7                 db    0
dseg:0BA8 word_14DC8      dw 0                    ; DATA XREF: __cinit+19↑r
dseg:0BA8                                         ; __ctermsub↑r
dseg:0BAA dword_14DCA     dd 0                    ; DATA XREF: __cinit+28↑r
dseg:0BAE dword_14DCE     dd 0                    ; DATA XREF: __cinit:loc_11322↑r
dseg:0BB2                 dd _flushall
dseg:0BB6 aNmsg           db '<<NMSG>>',0
dseg:0BBF                 align 2
dseg:0BC0 aR6000StackOver db 'R6000',0Dh,0Ah
dseg:0BC7                 db '- stack overflow',0Dh,0Ah,0
dseg:0BDA                 db    3
dseg:0BDB                 db    0
dseg:0BDC                 db  52h ; R
dseg:0BDD                 db  36h ; 6
dseg:0BDE                 db  30h ; 0
dseg:0BDF                 db  30h ; 0
dseg:0BE0                 db  33h ; 3
dseg:0BE1                 db  0Dh
dseg:0BE2                 db  0Ah
dseg:0BE3                 db  2Dh ; -
dseg:0BE4                 db  20h
dseg:0BE5                 db  69h ; i
dseg:0BE6                 db  6Eh ; n
dseg:0BE7                 db  74h ; t
dseg:0BE8                 db  65h ; e
dseg:0BE9                 db  67h ; g
dseg:0BEA                 db  65h ; e
dseg:0BEB                 db  72h ; r
dseg:0BEC                 db  20h
dseg:0BED                 db  64h ; d
dseg:0BEE                 db  69h ; i
dseg:0BEF                 db  76h ; v
dseg:0BF0                 db  69h ; i
dseg:0BF1                 db  64h ; d
dseg:0BF2                 db  65h ; e
dseg:0BF3                 db  20h
dseg:0BF4                 db  62h ; b
dseg:0BF5                 db  79h ; y
dseg:0BF6                 db  20h
dseg:0BF7                 db  30h ; 0
dseg:0BF8                 db  0Dh
dseg:0BF9                 db  0Ah
dseg:0BFA                 db    0
dseg:0BFB                 db    9
dseg:0BFC                 db    0
dseg:0BFD                 db  52h ; R
dseg:0BFE                 db  36h ; 6
dseg:0BFF                 db  30h ; 0
dseg:0C00                 db  30h ; 0
dseg:0C01                 db  39h ; 9
dseg:0C02                 db  0Dh
dseg:0C03                 db  0Ah
dseg:0C04                 db  2Dh ; -
dseg:0C05                 db  20h
dseg:0C06                 db  6Eh ; n
dseg:0C07                 db  6Fh ; o
dseg:0C08                 db  74h ; t
dseg:0C09                 db  20h
dseg:0C0A                 db  65h ; e
dseg:0C0B                 db  6Eh ; n
dseg:0C0C                 db  6Fh ; o
dseg:0C0D                 db  75h ; u
dseg:0C0E                 db  67h ; g
dseg:0C0F                 db  68h ; h
dseg:0C10                 db  20h
dseg:0C11                 db  73h ; s
dseg:0C12                 db  70h ; p
dseg:0C13                 db  61h ; a
dseg:0C14                 db  63h ; c
dseg:0C15                 db  65h ; e
dseg:0C16                 db  20h
dseg:0C17                 db  66h ; f
dseg:0C18                 db  6Fh ; o
dseg:0C19                 db  72h ; r
dseg:0C1A                 db  20h
dseg:0C1B                 db  65h ; e
dseg:0C1C                 db  6Eh ; n
dseg:0C1D                 db  76h ; v
dseg:0C1E                 db  69h ; i
dseg:0C1F                 db  72h ; r
dseg:0C20                 db  6Fh ; o
dseg:0C21                 db  6Eh ; n
dseg:0C22                 db  6Dh ; m
dseg:0C23                 db  65h ; e
dseg:0C24                 db  6Eh ; n
dseg:0C25                 db  74h ; t
dseg:0C26                 db  0Dh
dseg:0C27                 db  0Ah
dseg:0C28                 db    0
dseg:0C29                 db 0FCh
dseg:0C2A                 db    0
dseg:0C2B                 db  0Dh
dseg:0C2C                 db  0Ah
dseg:0C2D                 db    0
dseg:0C2E                 db 0FFh
dseg:0C2F                 db    0
dseg:0C30                 db  72h ; r
dseg:0C31                 db  75h ; u
dseg:0C32                 db  6Eh ; n
dseg:0C33                 db  2Dh ; -
dseg:0C34                 db  74h ; t
dseg:0C35                 db  69h ; i
dseg:0C36                 db  6Dh ; m
dseg:0C37                 db  65h ; e
dseg:0C38                 db  20h
dseg:0C39                 db  65h ; e
dseg:0C3A                 db  72h ; r
dseg:0C3B                 db  72h ; r
dseg:0C3C                 db  6Fh ; o
dseg:0C3D                 db  72h ; r
dseg:0C3E                 db  20h
dseg:0C3F                 db    0
dseg:0C40                 db    2
dseg:0C41                 db    0
dseg:0C42                 db  52h ; R
dseg:0C43                 db  36h ; 6
dseg:0C44                 db  30h ; 0
dseg:0C45                 db  30h ; 0
dseg:0C46                 db  32h ; 2
dseg:0C47                 db  0Dh
dseg:0C48                 db  0Ah
dseg:0C49                 db  2Dh ; -
dseg:0C4A                 db  20h
dseg:0C4B                 db  66h ; f
dseg:0C4C                 db  6Ch ; l
dseg:0C4D                 db  6Fh ; o
dseg:0C4E                 db  61h ; a
dseg:0C4F                 db  74h ; t
dseg:0C50                 db  69h ; i
dseg:0C51                 db  6Eh ; n
dseg:0C52                 db  67h ; g
dseg:0C53                 db  2Dh ; -
dseg:0C54                 db  70h ; p
dseg:0C55                 db  6Fh ; o
dseg:0C56                 db  69h ; i
dseg:0C57                 db  6Eh ; n
dseg:0C58                 db  74h ; t
dseg:0C59                 db  20h
dseg:0C5A                 db  73h ; s
dseg:0C5B                 db  75h ; u
dseg:0C5C                 db  70h ; p
dseg:0C5D                 db  70h ; p
dseg:0C5E                 db  6Fh ; o
dseg:0C5F                 db  72h ; r
dseg:0C60                 db  74h ; t
dseg:0C61                 db  20h
dseg:0C62                 db  6Eh ; n
dseg:0C63                 db  6Fh ; o
dseg:0C64                 db  74h ; t
dseg:0C65                 db  20h
dseg:0C66                 db  6Ch ; l
dseg:0C67                 db  6Fh ; o
dseg:0C68                 db  61h ; a
dseg:0C69                 db  64h ; d
dseg:0C6A                 db  65h ; e
dseg:0C6B                 db  64h ; d
dseg:0C6C                 db  0Dh
dseg:0C6D                 db  0Ah
dseg:0C6E                 db    0
dseg:0C6F                 db    1
dseg:0C70                 db    0
dseg:0C71                 db  52h ; R
dseg:0C72                 db  36h ; 6
dseg:0C73                 db  30h ; 0
dseg:0C74                 db  30h ; 0
dseg:0C75                 db  31h ; 1
dseg:0C76                 db  0Dh
dseg:0C77                 db  0Ah
dseg:0C78                 db  2Dh ; -
dseg:0C79                 db  20h
dseg:0C7A                 db  6Eh ; n
dseg:0C7B                 db  75h ; u
dseg:0C7C                 db  6Ch ; l
dseg:0C7D                 db  6Ch ; l
dseg:0C7E                 db  20h
dseg:0C7F                 db  70h ; p
dseg:0C80                 db  6Fh ; o
dseg:0C81                 db  69h ; i
dseg:0C82                 db  6Eh ; n
dseg:0C83                 db  74h ; t
dseg:0C84                 db  65h ; e
dseg:0C85                 db  72h ; r
dseg:0C86                 db  20h
dseg:0C87                 db  61h ; a
dseg:0C88                 db  73h ; s
dseg:0C89                 db  73h ; s
dseg:0C8A                 db  69h ; i
dseg:0C8B                 db  67h ; g
dseg:0C8C                 db  6Eh ; n
dseg:0C8D                 db  6Dh ; m
dseg:0C8E                 db  65h ; e
dseg:0C8F                 db  6Eh ; n
dseg:0C90                 db  74h ; t
dseg:0C91                 db  0Dh
dseg:0C92                 db  0Ah
dseg:0C93                 db    0
dseg:0C94                 db 0FFh
dseg:0C95                 db 0FFh
dseg:0C96                 db 0FFh
dseg:0C97                 db    ? ;
dseg:0C98                 db    ? ;
dseg:0C99                 db    ? ;
dseg:0C9A                 db    ? ;
dseg:0C9B                 db    ? ;
dseg:0C9C                 db    ? ;
dseg:0C9D                 db    ? ;
dseg:0C9E                 db    ? ;
dseg:0C9F                 db    ? ;
dseg:0CA0                 db    ? ;
dseg:0CA1                 db    ? ;
dseg:0CA2                 db    ? ;
dseg:0CA3                 db    ? ;
dseg:0CA4                 db    ? ;
dseg:0CA5                 db    ? ;
dseg:0CA6                 db    ? ;
dseg:0CA7                 db    ? ;
dseg:0CA8                 db    ? ;
dseg:0CA9                 db    ? ;
dseg:0CAA                 db    ? ;
dseg:0CAB                 db    ? ;
dseg:0CAC                 db    ? ;
dseg:0CAD                 db    ? ;
dseg:0CAE                 db    ? ;
dseg:0CAF                 db    ? ;
dseg:0CB0                 db    ? ;
dseg:0CB1                 db    ? ;
dseg:0CB2                 db    ? ;
dseg:0CB3                 db    ? ;
dseg:0CB4                 db    ? ;
dseg:0CB5                 db    ? ;
dseg:0CB6                 db    ? ;
dseg:0CB7                 db    ? ;
dseg:0CB8                 db    ? ;
dseg:0CB9                 db    ? ;
dseg:0CBA                 db    ? ;
dseg:0CBB                 db    ? ;
dseg:0CBC                 db    ? ;
dseg:0CBD                 db    ? ;
dseg:0CBE                 db    ? ;
dseg:0CBF                 db    ? ;
dseg:0CC0                 db    ? ;
dseg:0CC1                 db    ? ;
dseg:0CC2                 db    ? ;
dseg:0CC3                 db    ? ;
dseg:0CC4                 db    ? ;
dseg:0CC5                 db    ? ;
dseg:0CC6                 db    ? ;
dseg:0CC7                 db    ? ;
dseg:0CC8                 db    ? ;
dseg:0CC9                 db    ? ;
dseg:0CCA                 db    ? ;
dseg:0CCB                 db    ? ;
dseg:0CCC                 db    ? ;
dseg:0CCD                 db    ? ;
dseg:0CCE                 db    ? ;
dseg:0CCF                 db    ? ;
dseg:0CD0                 db    ? ;
dseg:0CD1                 db    ? ;
dseg:0CD2                 db    ? ;
dseg:0CD3                 db    ? ;
dseg:0CD4                 db    ? ;
dseg:0CD5                 db    ? ;
dseg:0CD6                 db    ? ;
dseg:0CD7                 db    ? ;
dseg:0CD8                 db    ? ;
dseg:0CD9                 db    ? ;
dseg:0CDA                 db    ? ;
dseg:0CDB                 db    ? ;
dseg:0CDC                 db    ? ;
dseg:0CDD                 db    ? ;
dseg:0CDE                 db    ? ;
dseg:0CDF                 db    ? ;
dseg:0CE0                 db    ? ;
dseg:0CE1                 db    ? ;
dseg:0CE2                 db    ? ;
dseg:0CE3                 db    ? ;
dseg:0CE4                 db    ? ;
dseg:0CE5                 db    ? ;
dseg:0CE6                 db    ? ;
dseg:0CE7                 db    ? ;
dseg:0CE8                 db    ? ;
dseg:0CE9                 db    ? ;
dseg:0CEA                 db    ? ;
dseg:0CEB                 db    ? ;
dseg:0CEC                 db    ? ;
dseg:0CED                 db    ? ;
dseg:0CEE                 db    ? ;
dseg:0CEF                 db    ? ;
dseg:0CF0                 db    ? ;
dseg:0CF1                 db    ? ;
dseg:0CF2                 db    ? ;
dseg:0CF3                 db    ? ;
dseg:0CF4                 db    ? ;
dseg:0CF5                 db    ? ;
dseg:0CF6                 db    ? ;
dseg:0CF7                 db    ? ;
dseg:0CF8                 db    ? ;
dseg:0CF9                 db    ? ;
dseg:0CFA                 db    ? ;
dseg:0CFB                 db    ? ;
dseg:0CFC                 db    ? ;
dseg:0CFD                 db    ? ;
dseg:0CFE                 db    ? ;
dseg:0CFF                 db    ? ;
dseg:0D00                 db    ? ;
dseg:0D01                 db    ? ;
dseg:0D02                 db    ? ;
dseg:0D03                 db    ? ;
dseg:0D04                 db    ? ;
dseg:0D05                 db    ? ;
dseg:0D06                 db    ? ;
dseg:0D07                 db    ? ;
dseg:0D08                 db    ? ;
dseg:0D09                 db    ? ;
dseg:0D0A                 db    ? ;
dseg:0D0B                 db    ? ;
dseg:0D0C                 db    ? ;
dseg:0D0D                 db    ? ;
dseg:0D0E                 db    ? ;
dseg:0D0F                 db    ? ;
dseg:0D10                 db    ? ;
dseg:0D11                 db    ? ;
dseg:0D12                 db    ? ;
dseg:0D13                 db    ? ;
dseg:0D14                 db    ? ;
dseg:0D15                 db    ? ;
dseg:0D16                 db    ? ;
dseg:0D17                 db    ? ;
dseg:0D18                 db    ? ;
dseg:0D19                 db    ? ;
dseg:0D1A                 db    ? ;
dseg:0D1B                 db    ? ;
dseg:0D1C                 db    ? ;
dseg:0D1D                 db    ? ;
dseg:0D1E                 db    ? ;
dseg:0D1F                 db    ? ;
dseg:0D20                 db    ? ;
dseg:0D21                 db    ? ;
dseg:0D22                 db    ? ;
dseg:0D23                 db    ? ;
dseg:0D24                 db    ? ;
dseg:0D25                 db    ? ;
dseg:0D26                 db    ? ;
dseg:0D27                 db    ? ;
dseg:0D28                 db    ? ;
dseg:0D29                 db    ? ;
dseg:0D2A                 db    ? ;
dseg:0D2B                 db    ? ;
dseg:0D2C                 db    ? ;
dseg:0D2D                 db    ? ;
dseg:0D2E                 db    ? ;
dseg:0D2F                 db    ? ;
dseg:0D30                 db    ? ;
dseg:0D31                 db    ? ;
dseg:0D32                 db    ? ;
dseg:0D33                 db    ? ;
dseg:0D34                 db    ? ;
dseg:0D35                 db    ? ;
dseg:0D36                 db    ? ;
dseg:0D37                 db    ? ;
dseg:0D38                 db    ? ;
dseg:0D39                 db    ? ;
dseg:0D3A                 db    ? ;
dseg:0D3B                 db    ? ;
dseg:0D3C                 db    ? ;
dseg:0D3D                 db    ? ;
dseg:0D3E                 db    ? ;
dseg:0D3F                 db    ? ;
dseg:0D40                 db    ? ;
dseg:0D41                 db    ? ;
dseg:0D42                 db    ? ;
dseg:0D43                 db    ? ;
dseg:0D44                 db    ? ;
dseg:0D45                 db    ? ;
dseg:0D46                 db    ? ;
dseg:0D47                 db    ? ;
dseg:0D48                 db    ? ;
dseg:0D49                 db    ? ;
dseg:0D4A                 db    ? ;
dseg:0D4B                 db    ? ;
dseg:0D4C word_14F6C      dw ?                    ; DATA XREF: sub_10D3E+11A↑r
dseg:0D4C                                         ; sub_10D3E+130↑r ...
dseg:0D4E byte_14F6E      db ?                    ; DATA XREF: sub_1011E+134↑w
dseg:0D4E                                         ; sub_104AA:loc_1057A↑r ...
dseg:0D4F                 align 2
dseg:0D50 word_14F70      dw ?                    ; DATA XREF: seg000:075C↑r
dseg:0D50                                         ; sub_107FE+225↑r
dseg:0D52 word_14F72      dw ?                    ; DATA XREF: seg000:0715↑r
dseg:0D52                                         ; sub_107FE+237↑r
dseg:0D54 word_14F74      dw ?                    ; DATA XREF: seg000:0762↑r
dseg:0D54                                         ; sub_107FE+228↑r ...
dseg:0D56 word_14F76      dw ?                    ; DATA XREF: seg000:071B↑r
dseg:0D56                                         ; sub_107FE+234↑r ...
dseg:0D58 word_14F78      dw ?                    ; DATA XREF: seg000:0768↑r
dseg:0D58                                         ; sub_107FE+305↑r
dseg:0D5A word_14F7A      dw ?                    ; DATA XREF: seg000:0721↑r
dseg:0D5A                                         ; sub_107FE+314↑r
dseg:0D5C byte_14F7C      db ?                    ; DATA XREF: sub_1380A+F↑w
dseg:0D5D byte_14F7D      db ?                    ; DATA XREF: sub_1340C+7↑w
dseg:0D5D                                         ; seg005:034C↑w ...
dseg:0D5E byte_14F7E      db ?                    ; DATA XREF: sub_1380A+1C↑w
dseg:0D5F byte_14F7F      db ?                    ; DATA XREF: sub_1346E+F↑w
dseg:0D5F                                         ; sub_13600+6E↑w ...
dseg:0D60 byte_14F80      db ?                    ; DATA XREF: sub_1340C+11↑w
dseg:0D60                                         ; seg005:035A↑w ...
dseg:0D61 byte_14F81      db ?                    ; DATA XREF: sub_1340C+E↑w
dseg:0D61                                         ; seg005:0354↑w ...
dseg:0D62 byte_14F82      db ?                    ; DATA XREF: sub_1346E+26↑w
dseg:0D62                                         ; sub_13600+7C↑w ...
dseg:0D63 byte_14F83      db ?                    ; DATA XREF: sub_1346E+1A↑w
dseg:0D63                                         ; sub_13600+76↑w ...
dseg:0D64                 db    ? ;
dseg:0D65                 db    ? ;
dseg:0D66                 db    ? ;
dseg:0D67                 db    ? ;
dseg:0D68                 db    ? ;
dseg:0D69                 db    ? ;
dseg:0D6A word_14F8A      dw ?                    ; DATA XREF: sub_13720+12↑r
dseg:0D6A                                         ; sub_13776+2D↑w
dseg:0D6C ; void near *word_14F8C
dseg:0D6C word_14F8C      dw ?                    ; DATA XREF: sub_13254+1D↑r
dseg:0D6C                                         ; sub_13254+29↑w ...
dseg:0D6E word_14F8E      dw ?                    ; DATA XREF: sub_13110+E↑r
dseg:0D6E                                         ; sub_13110+17↑r ...
dseg:0D70 word_14F90      dw ?                    ; DATA XREF: sub_13110+2F↑r
dseg:0D70                                         ; sub_13110+38↑r ...
dseg:0D72 word_14F92      dw ?                    ; DATA XREF: sub_13720+4E↑r
dseg:0D72                                         ; sub_13776+64↑w
dseg:0D74 word_14F94      dw ?                    ; DATA XREF: sub_13720+C↑r
dseg:0D74                                         ; sub_13776+27↑w
dseg:0D76 word_14F96      dw ?                    ; DATA XREF: sub_13254+C↑w
dseg:0D76                                         ; sub_13254+10↑r ...
dseg:0D78 word_14F98      dw ?                    ; DATA XREF: sub_130FE+D↑w
dseg:0D78                                         ; sub_13110+99↑r ...
dseg:0D7A word_14F9A      dw ?                    ; DATA XREF: seg005:0379↑w
dseg:0D7A                                         ; sub_1346E+23↑w ...
dseg:0D7C word_14F9C      dw ?                    ; DATA XREF: sub_13720+38↑r
dseg:0D7C                                         ; sub_13776+3F↑w
dseg:0D7E dword_14F9E     dd ?                    ; DATA XREF: sub_13110+8D↑w
dseg:0D7E                                         ; sub_13110+9C↑w ...
dseg:0D82 word_14FA2      dw ?                    ; DATA XREF: sub_13720+32↑r
dseg:0D82                                         ; sub_13776+33↑w
dseg:0D84 word_14FA4      dw ?                    ; DATA XREF: sub_1386E+A↑w
dseg:0D84                                         ; sub_138DC+7↑r ...
dseg:0D86                 db    ? ;
dseg:0D87                 db    ? ;
dseg:0D88                 db    ? ;
dseg:0D89                 db    ? ;
dseg:0D8A                 db    ? ;
dseg:0D8B                 db    ? ;
dseg:0D8C                 db    ? ;
dseg:0D8D                 db    ? ;
dseg:0D8E                 db    ? ;
dseg:0D8F                 db    ? ;
dseg:0D90                 db    ? ;
dseg:0D91                 db    ? ;
dseg:0D92                 db    ? ;
dseg:0D93                 db    ? ;
dseg:0D94                 db    ? ;
dseg:0D95                 db    ? ;
dseg:0D96                 db    ? ;
dseg:0D97                 db    ? ;
dseg:0D98                 db    ? ;
dseg:0D99                 db    ? ;
dseg:0D9A                 db    ? ;
dseg:0D9B                 db    ? ;
dseg:0D9C                 db    ? ;
dseg:0D9D                 db    ? ;
dseg:0D9E                 db    ? ;
dseg:0D9F                 db    ? ;
dseg:0DA0                 db    ? ;
dseg:0DA1                 db    ? ;
dseg:0DA2                 db    ? ;
dseg:0DA3                 db    ? ;
dseg:0DA4                 db    ? ;
dseg:0DA5                 db    ? ;
dseg:0DA6                 db    ? ;
dseg:0DA7                 db    ? ;
dseg:0DA8                 db    ? ;
dseg:0DA9                 db    ? ;
dseg:0DAA                 db    ? ;
dseg:0DAB                 db    ? ;
dseg:0DAC                 db    ? ;
dseg:0DAD                 db    ? ;
dseg:0DAE                 db    ? ;
dseg:0DAF                 db    ? ;
dseg:0DB0                 db    ? ;
dseg:0DB1                 db    ? ;
dseg:0DB2                 db    ? ;
dseg:0DB3                 db    ? ;
dseg:0DB4                 db    ? ;
dseg:0DB5                 db    ? ;
dseg:0DB6                 db    ? ;
dseg:0DB7                 db    ? ;
dseg:0DB8                 db    ? ;
dseg:0DB9                 db    ? ;
dseg:0DBA                 db    ? ;
dseg:0DBB                 db    ? ;
dseg:0DBC                 db    ? ;
dseg:0DBD                 db    ? ;
dseg:0DBE                 db    ? ;
dseg:0DBF                 db    ? ;
dseg:0DC0                 db    ? ;
dseg:0DC1                 db    ? ;
dseg:0DC2                 db    ? ;
dseg:0DC3                 db    ? ;
dseg:0DC4                 db    ? ;
dseg:0DC5                 db    ? ;
dseg:0DC6                 db    ? ;
dseg:0DC7                 db    ? ;
dseg:0DC8                 db    ? ;
dseg:0DC9                 db    ? ;
dseg:0DCA                 db    ? ;
dseg:0DCB                 db    ? ;
dseg:0DCC                 db    ? ;
dseg:0DCD                 db    ? ;
dseg:0DCE                 db    ? ;
dseg:0DCF                 db    ? ;
dseg:0DD0                 db    ? ;
dseg:0DD1                 db    ? ;
dseg:0DD2                 db    ? ;
dseg:0DD3                 db    ? ;
dseg:0DD4                 db    ? ;
dseg:0DD5                 db    ? ;
dseg:0DD6                 db    ? ;
dseg:0DD7                 db    ? ;
dseg:0DD8                 db    ? ;
dseg:0DD9                 db    ? ;
dseg:0DDA                 db    ? ;
dseg:0DDB                 db    ? ;
dseg:0DDC                 db    ? ;
dseg:0DDD                 db    ? ;
dseg:0DDE                 db    ? ;
dseg:0DDF                 db    ? ;
dseg:0DE0                 db    ? ;
dseg:0DE1                 db    ? ;
dseg:0DE2                 db    ? ;
dseg:0DE3                 db    ? ;
dseg:0DE4                 db    ? ;
dseg:0DE5                 db    ? ;
dseg:0DE6                 db    ? ;
dseg:0DE7                 db    ? ;
dseg:0DE8                 db    ? ;
dseg:0DE9                 db    ? ;
dseg:0DEA                 db    ? ;
dseg:0DEB                 db    ? ;
dseg:0DEC                 db    ? ;
dseg:0DED                 db    ? ;
dseg:0DEE                 db    ? ;
dseg:0DEF                 db    ? ;
dseg:0DF0                 db    ? ;
dseg:0DF1                 db    ? ;
dseg:0DF2                 db    ? ;
dseg:0DF3                 db    ? ;
dseg:0DF4                 db    ? ;
dseg:0DF5                 db    ? ;
dseg:0DF6                 db    ? ;
dseg:0DF7                 db    ? ;
dseg:0DF8                 db    ? ;
dseg:0DF9                 db    ? ;
dseg:0DFA                 db    ? ;
dseg:0DFB                 db    ? ;
dseg:0DFC                 db    ? ;
dseg:0DFD                 db    ? ;
dseg:0DFE                 db    ? ;
dseg:0DFF                 db    ? ;
dseg:0E00                 db    ? ;
dseg:0E01                 db    ? ;
dseg:0E02                 db    ? ;
dseg:0E03                 db    ? ;
dseg:0E04                 db    ? ;
dseg:0E05                 db    ? ;
dseg:0E06                 db    ? ;
dseg:0E07                 db    ? ;
dseg:0E08                 db    ? ;
dseg:0E09                 db    ? ;
dseg:0E0A                 db    ? ;
dseg:0E0B                 db    ? ;
dseg:0E0C                 db    ? ;
dseg:0E0D                 db    ? ;
dseg:0E0E                 db    ? ;
dseg:0E0F                 db    ? ;
dseg:0E10                 db    ? ;
dseg:0E11                 db    ? ;
dseg:0E12                 db    ? ;
dseg:0E13                 db    ? ;
dseg:0E14                 db    ? ;
dseg:0E15                 db    ? ;
dseg:0E16                 db    ? ;
dseg:0E17                 db    ? ;
dseg:0E18                 db    ? ;
dseg:0E19                 db    ? ;
dseg:0E1A                 db    ? ;
dseg:0E1B                 db    ? ;
dseg:0E1C                 db    ? ;
dseg:0E1D                 db    ? ;
dseg:0E1E                 db    ? ;
dseg:0E1F                 db    ? ;
dseg:0E20                 db    ? ;
dseg:0E21                 db    ? ;
dseg:0E22                 db    ? ;
dseg:0E23                 db    ? ;
dseg:0E24                 db    ? ;
dseg:0E25                 db    ? ;
dseg:0E26                 db    ? ;
dseg:0E27                 db    ? ;
dseg:0E28                 db    ? ;
dseg:0E29                 db    ? ;
dseg:0E2A                 db    ? ;
dseg:0E2B                 db    ? ;
dseg:0E2C                 db    ? ;
dseg:0E2D                 db    ? ;
dseg:0E2E                 db    ? ;
dseg:0E2F                 db    ? ;
dseg:0E30                 db    ? ;
dseg:0E31                 db    ? ;
dseg:0E32                 db    ? ;
dseg:0E33                 db    ? ;
dseg:0E34                 db    ? ;
dseg:0E35                 db    ? ;
dseg:0E36                 db    ? ;
dseg:0E37                 db    ? ;
dseg:0E38                 db    ? ;
dseg:0E39                 db    ? ;
dseg:0E3A                 db    ? ;
dseg:0E3B                 db    ? ;
dseg:0E3C                 db    ? ;
dseg:0E3D                 db    ? ;
dseg:0E3E                 db    ? ;
dseg:0E3F                 db    ? ;
dseg:0E40                 db    ? ;
dseg:0E41                 db    ? ;
dseg:0E42                 db    ? ;
dseg:0E43                 db    ? ;
dseg:0E44                 db    ? ;
dseg:0E45                 db    ? ;
dseg:0E46                 db    ? ;
dseg:0E47                 db    ? ;
dseg:0E48                 db    ? ;
dseg:0E49                 db    ? ;
dseg:0E4A                 db    ? ;
dseg:0E4B                 db    ? ;
dseg:0E4C                 db    ? ;
dseg:0E4D                 db    ? ;
dseg:0E4E                 db    ? ;
dseg:0E4F                 db    ? ;
dseg:0E50                 db    ? ;
dseg:0E51                 db    ? ;
dseg:0E52                 db    ? ;
dseg:0E53                 db    ? ;
dseg:0E54                 db    ? ;
dseg:0E55                 db    ? ;
dseg:0E56                 db    ? ;
dseg:0E57                 db    ? ;
dseg:0E58                 db    ? ;
dseg:0E59                 db    ? ;
dseg:0E5A                 db    ? ;
dseg:0E5B                 db    ? ;
dseg:0E5C                 db    ? ;
dseg:0E5D                 db    ? ;
dseg:0E5E                 db    ? ;
dseg:0E5F                 db    ? ;
dseg:0E60                 db    ? ;
dseg:0E61                 db    ? ;
dseg:0E62                 db    ? ;
dseg:0E63                 db    ? ;
dseg:0E64                 db    ? ;
dseg:0E65                 db    ? ;
dseg:0E66                 db    ? ;
dseg:0E67                 db    ? ;
dseg:0E68                 db    ? ;
dseg:0E69                 db    ? ;
dseg:0E6A                 db    ? ;
dseg:0E6B                 db    ? ;
dseg:0E6C                 db    ? ;
dseg:0E6D                 db    ? ;
dseg:0E6E                 db    ? ;
dseg:0E6F                 db    ? ;
dseg:0E70                 db    ? ;
dseg:0E71                 db    ? ;
dseg:0E72                 db    ? ;
dseg:0E73                 db    ? ;
dseg:0E74                 db    ? ;
dseg:0E75                 db    ? ;
dseg:0E76                 db    ? ;
dseg:0E77                 db    ? ;
dseg:0E78                 db    ? ;
dseg:0E79                 db    ? ;
dseg:0E7A                 db    ? ;
dseg:0E7B                 db    ? ;
dseg:0E7C                 db    ? ;
dseg:0E7D                 db    ? ;
dseg:0E7E                 db    ? ;
dseg:0E7F                 db    ? ;
dseg:0E80                 db    ? ;
dseg:0E81                 db    ? ;
dseg:0E82                 db    ? ;
dseg:0E83                 db    ? ;
dseg:0E84                 db    ? ;
dseg:0E85                 db    ? ;
dseg:0E86                 db    ? ;
dseg:0E87                 db    ? ;
dseg:0E88                 db    ? ;
dseg:0E89                 db    ? ;
dseg:0E8A                 db    ? ;
dseg:0E8B                 db    ? ;
dseg:0E8C                 db    ? ;
dseg:0E8D                 db    ? ;
dseg:0E8E                 db    ? ;
dseg:0E8F                 db    ? ;
dseg:0E90                 db    ? ;
dseg:0E91                 db    ? ;
dseg:0E92                 db    ? ;
dseg:0E93                 db    ? ;
dseg:0E94                 db    ? ;
dseg:0E95                 db    ? ;
dseg:0E96                 db    ? ;
dseg:0E97                 db    ? ;
dseg:0E98                 db    ? ;
dseg:0E99                 db    ? ;
dseg:0E9A                 db    ? ;
dseg:0E9B                 db    ? ;
dseg:0E9C                 db    ? ;
dseg:0E9D                 db    ? ;
dseg:0E9E                 db    ? ;
dseg:0E9F                 db    ? ;
dseg:0EA0                 db    ? ;
dseg:0EA1                 db    ? ;
dseg:0EA2                 db    ? ;
dseg:0EA3                 db    ? ;
dseg:0EA4                 db    ? ;
dseg:0EA5                 db    ? ;
dseg:0EA6                 db    ? ;
dseg:0EA7                 db    ? ;
dseg:0EA8                 db    ? ;
dseg:0EA9                 db    ? ;
dseg:0EAA                 db    ? ;
dseg:0EAB                 db    ? ;
dseg:0EAC                 db    ? ;
dseg:0EAD                 db    ? ;
dseg:0EAE                 db    ? ;
dseg:0EAF                 db    ? ;
dseg:0EB0                 db    ? ;
dseg:0EB1                 db    ? ;
dseg:0EB2                 db    ? ;
dseg:0EB3                 db    ? ;
dseg:0EB4                 db    ? ;
dseg:0EB5                 db    ? ;
dseg:0EB6                 db    ? ;
dseg:0EB7                 db    ? ;
dseg:0EB8                 db    ? ;
dseg:0EB9                 db    ? ;
dseg:0EBA                 db    ? ;
dseg:0EBB                 db    ? ;
dseg:0EBC                 db    ? ;
dseg:0EBD                 db    ? ;
dseg:0EBE                 db    ? ;
dseg:0EBF                 db    ? ;
dseg:0EC0                 db    ? ;
dseg:0EC1                 db    ? ;
dseg:0EC2                 db    ? ;
dseg:0EC3                 db    ? ;
dseg:0EC4                 db    ? ;
dseg:0EC5                 db    ? ;
dseg:0EC6                 db    ? ;
dseg:0EC7                 db    ? ;
dseg:0EC8                 db    ? ;
dseg:0EC9                 db    ? ;
dseg:0ECA                 db    ? ;
dseg:0ECB                 db    ? ;
dseg:0ECC                 db    ? ;
dseg:0ECD                 db    ? ;
dseg:0ECE                 db    ? ;
dseg:0ECF                 db    ? ;
dseg:0ED0                 db    ? ;
dseg:0ED1                 db    ? ;
dseg:0ED2                 db    ? ;
dseg:0ED3                 db    ? ;
dseg:0ED4                 db    ? ;
dseg:0ED5                 db    ? ;
dseg:0ED6                 db    ? ;
dseg:0ED7                 db    ? ;
dseg:0ED8                 db    ? ;
dseg:0ED9                 db    ? ;
dseg:0EDA                 db    ? ;
dseg:0EDB                 db    ? ;
dseg:0EDC                 db    ? ;
dseg:0EDD                 db    ? ;
dseg:0EDE                 db    ? ;
dseg:0EDF                 db    ? ;
dseg:0EE0                 db    ? ;
dseg:0EE1                 db    ? ;
dseg:0EE2                 db    ? ;
dseg:0EE3                 db    ? ;
dseg:0EE4                 db    ? ;
dseg:0EE5                 db    ? ;
dseg:0EE6                 db    ? ;
dseg:0EE7                 db    ? ;
dseg:0EE8                 db    ? ;
dseg:0EE9                 db    ? ;
dseg:0EEA                 db    ? ;
dseg:0EEB                 db    ? ;
dseg:0EEC                 db    ? ;
dseg:0EED                 db    ? ;
dseg:0EEE                 db    ? ;
dseg:0EEF                 db    ? ;
dseg:0EF0                 db    ? ;
dseg:0EF1                 db    ? ;
dseg:0EF2                 db    ? ;
dseg:0EF3                 db    ? ;
dseg:0EF4                 db    ? ;
dseg:0EF5                 db    ? ;
dseg:0EF6                 db    ? ;
dseg:0EF7                 db    ? ;
dseg:0EF8                 db    ? ;
dseg:0EF9                 db    ? ;
dseg:0EFA                 db    ? ;
dseg:0EFB                 db    ? ;
dseg:0EFC                 db    ? ;
dseg:0EFD                 db    ? ;
dseg:0EFE                 db    ? ;
dseg:0EFF                 db    ? ;
dseg:0F00                 db    ? ;
dseg:0F01                 db    ? ;
dseg:0F02                 db    ? ;
dseg:0F03                 db    ? ;
dseg:0F04                 db    ? ;
dseg:0F05                 db    ? ;
dseg:0F06                 db    ? ;
dseg:0F07                 db    ? ;
dseg:0F08                 db    ? ;
dseg:0F09                 db    ? ;
dseg:0F0A                 db    ? ;
dseg:0F0B                 db    ? ;
dseg:0F0C                 db    ? ;
dseg:0F0D                 db    ? ;
dseg:0F0E                 db    ? ;
dseg:0F0F                 db    ? ;
dseg:0F10                 db    ? ;
dseg:0F11                 db    ? ;
dseg:0F12                 db    ? ;
dseg:0F13                 db    ? ;
dseg:0F14                 db    ? ;
dseg:0F15                 db    ? ;
dseg:0F16                 db    ? ;
dseg:0F17                 db    ? ;
dseg:0F18                 db    ? ;
dseg:0F19                 db    ? ;
dseg:0F1A                 db    ? ;
dseg:0F1B                 db    ? ;
dseg:0F1C                 db    ? ;
dseg:0F1D                 db    ? ;
dseg:0F1E                 db    ? ;
dseg:0F1F                 db    ? ;
dseg:0F20                 db    ? ;
dseg:0F21                 db    ? ;
dseg:0F22                 db    ? ;
dseg:0F23                 db    ? ;
dseg:0F24                 db    ? ;
dseg:0F25                 db    ? ;
dseg:0F26                 db    ? ;
dseg:0F27                 db    ? ;
dseg:0F28                 db    ? ;
dseg:0F29                 db    ? ;
dseg:0F2A                 db    ? ;
dseg:0F2B                 db    ? ;
dseg:0F2C                 db    ? ;
dseg:0F2D                 db    ? ;
dseg:0F2E                 db    ? ;
dseg:0F2F                 db    ? ;
dseg:0F30                 db    ? ;
dseg:0F31                 db    ? ;
dseg:0F32                 db    ? ;
dseg:0F33                 db    ? ;
dseg:0F34                 db    ? ;
dseg:0F35                 db    ? ;
dseg:0F36                 db    ? ;
dseg:0F37                 db    ? ;
dseg:0F38                 db    ? ;
dseg:0F39                 db    ? ;
dseg:0F3A                 db    ? ;
dseg:0F3B                 db    ? ;
dseg:0F3C                 db    ? ;
dseg:0F3D                 db    ? ;
dseg:0F3E                 db    ? ;
dseg:0F3F                 db    ? ;
dseg:0F40                 db    ? ;
dseg:0F41                 db    ? ;
dseg:0F42                 db    ? ;
dseg:0F43                 db    ? ;
dseg:0F44                 db    ? ;
dseg:0F45                 db    ? ;
dseg:0F46                 db    ? ;
dseg:0F47                 db    ? ;
dseg:0F48                 db    ? ;
dseg:0F49                 db    ? ;
dseg:0F4A                 db    ? ;
dseg:0F4B                 db    ? ;
dseg:0F4C                 db    ? ;
dseg:0F4D                 db    ? ;
dseg:0F4E                 db    ? ;
dseg:0F4F                 db    ? ;
dseg:0F50                 db    ? ;
dseg:0F51                 db    ? ;
dseg:0F52                 db    ? ;
dseg:0F53                 db    ? ;
dseg:0F54                 db    ? ;
dseg:0F55                 db    ? ;
dseg:0F56                 db    ? ;
dseg:0F57                 db    ? ;
dseg:0F58                 db    ? ;
dseg:0F59                 db    ? ;
dseg:0F5A                 db    ? ;
dseg:0F5B                 db    ? ;
dseg:0F5C                 db    ? ;
dseg:0F5D                 db    ? ;
dseg:0F5E                 db    ? ;
dseg:0F5F                 db    ? ;
dseg:0F60                 db    ? ;
dseg:0F61                 db    ? ;
dseg:0F62                 db    ? ;
dseg:0F63                 db    ? ;
dseg:0F64                 db    ? ;
dseg:0F65                 db    ? ;
dseg:0F66                 db    ? ;
dseg:0F67                 db    ? ;
dseg:0F68                 db    ? ;
dseg:0F69                 db    ? ;
dseg:0F6A                 db    ? ;
dseg:0F6B                 db    ? ;
dseg:0F6C                 db    ? ;
dseg:0F6D                 db    ? ;
dseg:0F6E                 db    ? ;
dseg:0F6F                 db    ? ;
dseg:0F70                 db    ? ;
dseg:0F71                 db    ? ;
dseg:0F72                 db    ? ;
dseg:0F73                 db    ? ;
dseg:0F74                 db    ? ;
dseg:0F75                 db    ? ;
dseg:0F76                 db    ? ;
dseg:0F77                 db    ? ;
dseg:0F78                 db    ? ;
dseg:0F79                 db    ? ;
dseg:0F7A                 db    ? ;
dseg:0F7B                 db    ? ;
dseg:0F7C                 db    ? ;
dseg:0F7D                 db    ? ;
dseg:0F7E                 db    ? ;
dseg:0F7F                 db    ? ;
dseg:0F80                 db    ? ;
dseg:0F81                 db    ? ;
dseg:0F82                 db    ? ;
dseg:0F83                 db    ? ;
dseg:0F84                 db    ? ;
dseg:0F85                 db    ? ;
dseg:0F86                 db    ? ;
dseg:0F87                 db    ? ;
dseg:0F88                 db    ? ;
dseg:0F89                 db    ? ;
dseg:0F8A                 db    ? ;
dseg:0F8B                 db    ? ;
dseg:0F8C                 db    ? ;
dseg:0F8D                 db    ? ;
dseg:0F8E                 db    ? ;
dseg:0F8F                 db    ? ;
dseg:0F90                 db    ? ;
dseg:0F91                 db    ? ;
dseg:0F92                 db    ? ;
dseg:0F93                 db    ? ;
dseg:0F94                 db    ? ;
dseg:0F95                 db    ? ;
dseg:0F96                 db    ? ;
dseg:0F97                 db    ? ;
dseg:0F98                 db    ? ;
dseg:0F99                 db    ? ;
dseg:0F9A                 db    ? ;
dseg:0F9B                 db    ? ;
dseg:0F9C                 db    ? ;
dseg:0F9D                 db    ? ;
dseg:0F9E                 db    ? ;
dseg:0F9F                 db    ? ;
dseg:0FA0                 db    ? ;
dseg:0FA1                 db    ? ;
dseg:0FA2                 db    ? ;
dseg:0FA3                 db    ? ;
dseg:0FA4                 db    ? ;
dseg:0FA5                 db    ? ;
dseg:0FA6                 db    ? ;
dseg:0FA7                 db    ? ;
dseg:0FA8                 db    ? ;
dseg:0FA9                 db    ? ;
dseg:0FAA                 db    ? ;
dseg:0FAB                 db    ? ;
dseg:0FAC                 db    ? ;
dseg:0FAD                 db    ? ;
dseg:0FAE                 db    ? ;
dseg:0FAF                 db    ? ;
dseg:0FB0                 db    ? ;
dseg:0FB1                 db    ? ;
dseg:0FB2                 db    ? ;
dseg:0FB3                 db    ? ;
dseg:0FB4                 db    ? ;
dseg:0FB5                 db    ? ;
dseg:0FB6                 db    ? ;
dseg:0FB7                 db    ? ;
dseg:0FB8                 db    ? ;
dseg:0FB9                 db    ? ;
dseg:0FBA                 db    ? ;
dseg:0FBB                 db    ? ;
dseg:0FBC                 db    ? ;
dseg:0FBD                 db    ? ;
dseg:0FBE                 db    ? ;
dseg:0FBF                 db    ? ;
dseg:0FC0                 db    ? ;
dseg:0FC1                 db    ? ;
dseg:0FC2                 db    ? ;
dseg:0FC3                 db    ? ;
dseg:0FC4                 db    ? ;
dseg:0FC5                 db    ? ;
dseg:0FC6                 db    ? ;
dseg:0FC7                 db    ? ;
dseg:0FC8                 db    ? ;
dseg:0FC9                 db    ? ;
dseg:0FCA                 db    ? ;
dseg:0FCB                 db    ? ;
dseg:0FCC                 db    ? ;
dseg:0FCD                 db    ? ;
dseg:0FCE                 db    ? ;
dseg:0FCF                 db    ? ;
dseg:0FD0                 db    ? ;
dseg:0FD1                 db    ? ;
dseg:0FD2                 db    ? ;
dseg:0FD3                 db    ? ;
dseg:0FD4                 db    ? ;
dseg:0FD5                 db    ? ;
dseg:0FD6                 db    ? ;
dseg:0FD7                 db    ? ;
dseg:0FD8                 db    ? ;
dseg:0FD9                 db    ? ;
dseg:0FDA                 db    ? ;
dseg:0FDB                 db    ? ;
dseg:0FDC                 db    ? ;
dseg:0FDD                 db    ? ;
dseg:0FDE                 db    ? ;
dseg:0FDF                 db    ? ;
dseg:0FE0                 db    ? ;
dseg:0FE1                 db    ? ;
dseg:0FE2                 db    ? ;
dseg:0FE3                 db    ? ;
dseg:0FE4                 db    ? ;
dseg:0FE5                 db    ? ;
dseg:0FE6                 db    ? ;
dseg:0FE7                 db    ? ;
dseg:0FE8                 db    ? ;
dseg:0FE9                 db    ? ;
dseg:0FEA                 db    ? ;
dseg:0FEB                 db    ? ;
dseg:0FEC                 db    ? ;
dseg:0FED                 db    ? ;
dseg:0FEE                 db    ? ;
dseg:0FEF                 db    ? ;
dseg:0FF0                 db    ? ;
dseg:0FF1                 db    ? ;
dseg:0FF2                 db    ? ;
dseg:0FF3                 db    ? ;
dseg:0FF4                 db    ? ;
dseg:0FF5                 db    ? ;
dseg:0FF6                 db    ? ;
dseg:0FF7                 db    ? ;
dseg:0FF8                 db    ? ;
dseg:0FF9                 db    ? ;
dseg:0FFA                 db    ? ;
dseg:0FFB                 db    ? ;
dseg:0FFC                 db    ? ;
dseg:0FFD                 db    ? ;
dseg:0FFE                 db    ? ;
dseg:0FFF                 db    ? ;
dseg:1000                 db    ? ;
dseg:1001                 db    ? ;
dseg:1002                 db    ? ;
dseg:1003                 db    ? ;
dseg:1004                 db    ? ;
dseg:1005                 db    ? ;
dseg:1006                 db    ? ;
dseg:1007                 db    ? ;
dseg:1008                 db    ? ;
dseg:1009                 db    ? ;
dseg:100A                 db    ? ;
dseg:100B                 db    ? ;
dseg:100C                 db    ? ;
dseg:100D                 db    ? ;
dseg:100E                 db    ? ;
dseg:100F                 db    ? ;
dseg:1010                 db    ? ;
dseg:1011                 db    ? ;
dseg:1012                 db    ? ;
dseg:1013                 db    ? ;
dseg:1014                 db    ? ;
dseg:1015                 db    ? ;
dseg:1016                 db    ? ;
dseg:1017                 db    ? ;
dseg:1018                 db    ? ;
dseg:1019                 db    ? ;
dseg:101A                 db    ? ;
dseg:101B                 db    ? ;
dseg:101C                 db    ? ;
dseg:101D                 db    ? ;
dseg:101E                 db    ? ;
dseg:101F                 db    ? ;
dseg:1020                 db    ? ;
dseg:1021                 db    ? ;
dseg:1022                 db    ? ;
dseg:1023                 db    ? ;
dseg:1024                 db    ? ;
dseg:1025                 db    ? ;
dseg:1026                 db    ? ;
dseg:1027                 db    ? ;
dseg:1028                 db    ? ;
dseg:1029                 db    ? ;
dseg:102A                 db    ? ;
dseg:102B                 db    ? ;
dseg:102C                 db    ? ;
dseg:102D                 db    ? ;
dseg:102E                 db    ? ;
dseg:102F                 db    ? ;
dseg:1030                 db    ? ;
dseg:1031                 db    ? ;
dseg:1032                 db    ? ;
dseg:1033                 db    ? ;
dseg:1034                 db    ? ;
dseg:1035                 db    ? ;
dseg:1036                 db    ? ;
dseg:1037                 db    ? ;
dseg:1038                 db    ? ;
dseg:1039                 db    ? ;
dseg:103A                 db    ? ;
dseg:103B                 db    ? ;
dseg:103C                 db    ? ;
dseg:103D                 db    ? ;
dseg:103E                 db    ? ;
dseg:103F                 db    ? ;
dseg:1040                 db    ? ;
dseg:1041                 db    ? ;
dseg:1042                 db    ? ;
dseg:1043                 db    ? ;
dseg:1044                 db    ? ;
dseg:1045                 db    ? ;
dseg:1046                 db    ? ;
dseg:1047                 db    ? ;
dseg:1048                 db    ? ;
dseg:1049                 db    ? ;
dseg:104A                 db    ? ;
dseg:104B                 db    ? ;
dseg:104C                 db    ? ;
dseg:104D                 db    ? ;
dseg:104E                 db    ? ;
dseg:104F                 db    ? ;
dseg:1050                 db    ? ;
dseg:1051                 db    ? ;
dseg:1052                 db    ? ;
dseg:1053                 db    ? ;
dseg:1054                 db    ? ;
dseg:1055                 db    ? ;
dseg:1056                 db    ? ;
dseg:1057                 db    ? ;
dseg:1058                 db    ? ;
dseg:1059                 db    ? ;
dseg:105A                 db    ? ;
dseg:105B                 db    ? ;
dseg:105C                 db    ? ;
dseg:105D                 db    ? ;
dseg:105E                 db    ? ;
dseg:105F                 db    ? ;
dseg:1060                 db    ? ;
dseg:1061                 db    ? ;
dseg:1062                 db    ? ;
dseg:1063                 db    ? ;
dseg:1064                 db    ? ;
dseg:1065                 db    ? ;
dseg:1066                 db    ? ;
dseg:1067                 db    ? ;
dseg:1068                 db    ? ;
dseg:1069                 db    ? ;
dseg:106A                 db    ? ;
dseg:106B                 db    ? ;
dseg:106C                 db    ? ;
dseg:106D                 db    ? ;
dseg:106E                 db    ? ;
dseg:106F                 db    ? ;
dseg:1070                 db    ? ;
dseg:1071                 db    ? ;
dseg:1072                 db    ? ;
dseg:1073                 db    ? ;
dseg:1074                 db    ? ;
dseg:1075                 db    ? ;
dseg:1076                 db    ? ;
dseg:1077                 db    ? ;
dseg:1078                 db    ? ;
dseg:1079                 db    ? ;
dseg:107A                 db    ? ;
dseg:107B                 db    ? ;
dseg:107C                 db    ? ;
dseg:107D                 db    ? ;
dseg:107E                 db    ? ;
dseg:107F                 db    ? ;
dseg:1080                 db    ? ;
dseg:1081                 db    ? ;
dseg:1082                 db    ? ;
dseg:1083                 db    ? ;
dseg:1084                 db    ? ;
dseg:1085                 db    ? ;
dseg:1086                 db    ? ;
dseg:1087                 db    ? ;
dseg:1088                 db    ? ;
dseg:1089                 db    ? ;
dseg:108A                 db    ? ;
dseg:108B                 db    ? ;
dseg:108C                 db    ? ;
dseg:108D                 db    ? ;
dseg:108E                 db    ? ;
dseg:108F                 db    ? ;
dseg:1090                 db    ? ;
dseg:1091                 db    ? ;
dseg:1092                 db    ? ;
dseg:1093                 db    ? ;
dseg:1094                 db    ? ;
dseg:1095                 db    ? ;
dseg:1096                 db    ? ;
dseg:1097                 db    ? ;
dseg:1098                 db    ? ;
dseg:1099                 db    ? ;
dseg:109A                 db    ? ;
dseg:109B                 db    ? ;
dseg:109C                 db    ? ;
dseg:109D                 db    ? ;
dseg:109E                 db    ? ;
dseg:109F                 db    ? ;
dseg:10A0                 db    ? ;
dseg:10A1                 db    ? ;
dseg:10A2                 db    ? ;
dseg:10A3                 db    ? ;
dseg:10A4                 db    ? ;
dseg:10A5                 db    ? ;
dseg:10A6                 db    ? ;
dseg:10A7                 db    ? ;
dseg:10A8                 db    ? ;
dseg:10A9                 db    ? ;
dseg:10AA                 db    ? ;
dseg:10AB                 db    ? ;
dseg:10AC                 db    ? ;
dseg:10AD                 db    ? ;
dseg:10AE                 db    ? ;
dseg:10AF                 db    ? ;
dseg:10B0                 db    ? ;
dseg:10B1                 db    ? ;
dseg:10B2                 db    ? ;
dseg:10B3                 db    ? ;
dseg:10B4                 db    ? ;
dseg:10B5                 db    ? ;
dseg:10B6                 db    ? ;
dseg:10B7                 db    ? ;
dseg:10B8                 db    ? ;
dseg:10B9                 db    ? ;
dseg:10BA                 db    ? ;
dseg:10BB                 db    ? ;
dseg:10BC                 db    ? ;
dseg:10BD                 db    ? ;
dseg:10BE                 db    ? ;
dseg:10BF                 db    ? ;
dseg:10C0                 db    ? ;
dseg:10C1                 db    ? ;
dseg:10C2                 db    ? ;
dseg:10C3                 db    ? ;
dseg:10C4                 db    ? ;
dseg:10C5                 db    ? ;
dseg:10C6                 db    ? ;
dseg:10C7                 db    ? ;
dseg:10C8                 db    ? ;
dseg:10C9                 db    ? ;
dseg:10CA                 db    ? ;
dseg:10CB                 db    ? ;
dseg:10CC                 db    ? ;
dseg:10CD                 db    ? ;
dseg:10CE                 db    ? ;
dseg:10CF                 db    ? ;
dseg:10D0                 db    ? ;
dseg:10D1                 db    ? ;
dseg:10D2                 db    ? ;
dseg:10D3                 db    ? ;
dseg:10D4                 db    ? ;
dseg:10D5                 db    ? ;
dseg:10D6                 db    ? ;
dseg:10D7                 db    ? ;
dseg:10D8                 db    ? ;
dseg:10D9                 db    ? ;
dseg:10DA                 db    ? ;
dseg:10DB                 db    ? ;
dseg:10DC                 db    ? ;
dseg:10DD                 db    ? ;
dseg:10DE                 db    ? ;
dseg:10DF                 db    ? ;
dseg:10E0                 db    ? ;
dseg:10E1                 db    ? ;
dseg:10E2                 db    ? ;
dseg:10E3                 db    ? ;
dseg:10E4                 db    ? ;
dseg:10E5                 db    ? ;
dseg:10E6                 db    ? ;
dseg:10E7                 db    ? ;
dseg:10E8                 db    ? ;
dseg:10E9                 db    ? ;
dseg:10EA                 db    ? ;
dseg:10EB                 db    ? ;
dseg:10EC                 db    ? ;
dseg:10ED                 db    ? ;
dseg:10EE                 db    ? ;
dseg:10EF                 db    ? ;
dseg:10F0                 db    ? ;
dseg:10F1                 db    ? ;
dseg:10F2                 db    ? ;
dseg:10F3                 db    ? ;
dseg:10F4                 db    ? ;
dseg:10F5                 db    ? ;
dseg:10F6                 db    ? ;
dseg:10F7                 db    ? ;
dseg:10F8                 db    ? ;
dseg:10F9                 db    ? ;
dseg:10FA                 db    ? ;
dseg:10FB                 db    ? ;
dseg:10FC                 db    ? ;
dseg:10FD                 db    ? ;
dseg:10FE                 db    ? ;
dseg:10FF                 db    ? ;
dseg:1100                 db    ? ;
dseg:1101                 db    ? ;
dseg:1102                 db    ? ;
dseg:1103                 db    ? ;
dseg:1104                 db    ? ;
dseg:1105                 db    ? ;
dseg:1106                 db    ? ;
dseg:1107                 db    ? ;
dseg:1108                 db    ? ;
dseg:1109                 db    ? ;
dseg:110A                 db    ? ;
dseg:110B                 db    ? ;
dseg:110C                 db    ? ;
dseg:110D                 db    ? ;
dseg:110E                 db    ? ;
dseg:110F                 db    ? ;
dseg:1110                 db    ? ;
dseg:1111                 db    ? ;
dseg:1112                 db    ? ;
dseg:1113                 db    ? ;
dseg:1114                 db    ? ;
dseg:1115                 db    ? ;
dseg:1116                 db    ? ;
dseg:1117                 db    ? ;
dseg:1118                 db    ? ;
dseg:1119                 db    ? ;
dseg:111A                 db    ? ;
dseg:111B                 db    ? ;
dseg:111C                 db    ? ;
dseg:111D                 db    ? ;
dseg:111E                 db    ? ;
dseg:111F                 db    ? ;
dseg:1120                 db    ? ;
dseg:1121                 db    ? ;
dseg:1122                 db    ? ;
dseg:1123                 db    ? ;
dseg:1124                 db    ? ;
dseg:1125                 db    ? ;
dseg:1126                 db    ? ;
dseg:1127                 db    ? ;
dseg:1128                 db    ? ;
dseg:1129                 db    ? ;
dseg:112A                 db    ? ;
dseg:112B                 db    ? ;
dseg:112C                 db    ? ;
dseg:112D                 db    ? ;
dseg:112E                 db    ? ;
dseg:112F                 db    ? ;
dseg:1130                 db    ? ;
dseg:1131                 db    ? ;
dseg:1132                 db    ? ;
dseg:1133                 db    ? ;
dseg:1134                 db    ? ;
dseg:1135                 db    ? ;
dseg:1136                 db    ? ;
dseg:1137                 db    ? ;
dseg:1138                 db    ? ;
dseg:1139                 db    ? ;
dseg:113A                 db    ? ;
dseg:113B                 db    ? ;
dseg:113C                 db    ? ;
dseg:113D                 db    ? ;
dseg:113E                 db    ? ;
dseg:113F                 db    ? ;
dseg:1140                 db    ? ;
dseg:1141                 db    ? ;
dseg:1142                 db    ? ;
dseg:1143                 db    ? ;
dseg:1144                 db    ? ;
dseg:1145                 db    ? ;
dseg:1146                 db    ? ;
dseg:1147                 db    ? ;
dseg:1148                 db    ? ;
dseg:1149                 db    ? ;
dseg:114A                 db    ? ;
dseg:114B                 db    ? ;
dseg:114C                 db    ? ;
dseg:114D                 db    ? ;
dseg:114E                 db    ? ;
dseg:114F                 db    ? ;
dseg:1150                 db    ? ;
dseg:1151                 db    ? ;
dseg:1152                 db    ? ;
dseg:1153                 db    ? ;
dseg:1154                 db    ? ;
dseg:1155                 db    ? ;
dseg:1156                 db    ? ;
dseg:1157                 db    ? ;
dseg:1158                 db    ? ;
dseg:1159                 db    ? ;
dseg:115A                 db    ? ;
dseg:115B                 db    ? ;
dseg:115C                 db    ? ;
dseg:115D                 db    ? ;
dseg:115E                 db    ? ;
dseg:115F                 db    ? ;
dseg:1160                 db    ? ;
dseg:1161                 db    ? ;
dseg:1162                 db    ? ;
dseg:1163                 db    ? ;
dseg:1164                 db    ? ;
dseg:1165                 db    ? ;
dseg:1166                 db    ? ;
dseg:1167                 db    ? ;
dseg:1168                 db    ? ;
dseg:1169                 db    ? ;
dseg:116A                 db    ? ;
dseg:116B                 db    ? ;
dseg:116C                 db    ? ;
dseg:116D                 db    ? ;
dseg:116E                 db    ? ;
dseg:116F                 db    ? ;
dseg:1170                 db    ? ;
dseg:1171                 db    ? ;
dseg:1172                 db    ? ;
dseg:1173                 db    ? ;
dseg:1174                 db    ? ;
dseg:1175                 db    ? ;
dseg:1176                 db    ? ;
dseg:1177                 db    ? ;
dseg:1178                 db    ? ;
dseg:1179                 db    ? ;
dseg:117A                 db    ? ;
dseg:117B                 db    ? ;
dseg:117C                 db    ? ;
dseg:117D                 db    ? ;
dseg:117E                 db    ? ;
dseg:117F                 db    ? ;
dseg:1180                 db    ? ;
dseg:1181                 db    ? ;
dseg:1182                 db    ? ;
dseg:1183                 db    ? ;
dseg:1184                 db    ? ;
dseg:1185                 db    ? ;
dseg:1186                 db    ? ;
dseg:1187                 db    ? ;
dseg:1188                 db    ? ;
dseg:1189                 db    ? ;
dseg:118A                 db    ? ;
dseg:118B                 db    ? ;
dseg:118C                 db    ? ;
dseg:118D                 db    ? ;
dseg:118E                 db    ? ;
dseg:118F                 db    ? ;
dseg:1190                 db    ? ;
dseg:1191                 db    ? ;
dseg:1192                 db    ? ;
dseg:1193                 db    ? ;
dseg:1194                 db    ? ;
dseg:1195                 db    ? ;
dseg:1196                 db    ? ;
dseg:1197                 db    ? ;
dseg:1198                 db    ? ;
dseg:1199                 db    ? ;
dseg:119A                 db    ? ;
dseg:119B                 db    ? ;
dseg:119C                 db    ? ;
dseg:119D                 db    ? ;
dseg:119E                 db    ? ;
dseg:119F                 db    ? ;
dseg:11A0                 db    ? ;
dseg:11A1                 db    ? ;
dseg:11A2                 db    ? ;
dseg:11A3                 db    ? ;
dseg:11A4                 db    ? ;
dseg:11A5                 db    ? ;
dseg:11A6                 db    ? ;
dseg:11A7                 db    ? ;
dseg:11A8                 db    ? ;
dseg:11A9                 db    ? ;
dseg:11AA                 db    ? ;
dseg:11AB                 db    ? ;
dseg:11AC                 db    ? ;
dseg:11AD                 db    ? ;
dseg:11AE                 db    ? ;
dseg:11AF                 db    ? ;
dseg:11B0                 db    ? ;
dseg:11B1                 db    ? ;
dseg:11B2                 db    ? ;
dseg:11B3                 db    ? ;
dseg:11B4                 db    ? ;
dseg:11B5                 db    ? ;
dseg:11B6                 db    ? ;
dseg:11B7                 db    ? ;
dseg:11B8                 db    ? ;
dseg:11B9                 db    ? ;
dseg:11BA                 db    ? ;
dseg:11BB                 db    ? ;
dseg:11BC                 db    ? ;
dseg:11BD                 db    ? ;
dseg:11BE                 db    ? ;
dseg:11BF                 db    ? ;
dseg:11C0                 db    ? ;
dseg:11C1                 db    ? ;
dseg:11C2                 db    ? ;
dseg:11C3                 db    ? ;
dseg:11C4                 db    ? ;
dseg:11C5                 db    ? ;
dseg:11C6                 db    ? ;
dseg:11C7                 db    ? ;
dseg:11C8                 db    ? ;
dseg:11C9                 db    ? ;
dseg:11CA                 db    ? ;
dseg:11CB                 db    ? ;
dseg:11CC                 db    ? ;
dseg:11CD                 db    ? ;
dseg:11CE                 db    ? ;
dseg:11CF                 db    ? ;
dseg:11D0                 db    ? ;
dseg:11D1                 db    ? ;
dseg:11D2                 db    ? ;
dseg:11D3                 db    ? ;
dseg:11D4                 db    ? ;
dseg:11D5                 db    ? ;
dseg:11D6                 db    ? ;
dseg:11D7                 db    ? ;
dseg:11D8                 db    ? ;
dseg:11D9                 db    ? ;
dseg:11DA                 db    ? ;
dseg:11DB                 db    ? ;
dseg:11DC                 db    ? ;
dseg:11DD                 db    ? ;
dseg:11DE                 db    ? ;
dseg:11DF                 db    ? ;
dseg:11E0                 db    ? ;
dseg:11E1                 db    ? ;
dseg:11E2                 db    ? ;
dseg:11E3                 db    ? ;
dseg:11E4                 db    ? ;
dseg:11E5                 db    ? ;
dseg:11E6                 db    ? ;
dseg:11E7                 db    ? ;
dseg:11E8                 db    ? ;
dseg:11E9                 db    ? ;
dseg:11EA                 db    ? ;
dseg:11EB                 db    ? ;
dseg:11EC                 db    ? ;
dseg:11ED                 db    ? ;
dseg:11EE                 db    ? ;
dseg:11EF                 db    ? ;
dseg:11F0                 db    ? ;
dseg:11F1                 db    ? ;
dseg:11F2                 db    ? ;
dseg:11F3                 db    ? ;
dseg:11F4                 db    ? ;
dseg:11F5                 db    ? ;
dseg:11F6                 db    ? ;
dseg:11F7                 db    ? ;
dseg:11F8                 db    ? ;
dseg:11F9                 db    ? ;
dseg:11FA                 db    ? ;
dseg:11FB                 db    ? ;
dseg:11FC                 db    ? ;
dseg:11FD                 db    ? ;
dseg:11FE                 db    ? ;
dseg:11FF                 db    ? ;
dseg:1200                 db    ? ;
dseg:1201                 db    ? ;
dseg:1202                 db    ? ;
dseg:1203                 db    ? ;
dseg:1204                 db    ? ;
dseg:1205                 db    ? ;
dseg:1206                 db    ? ;
dseg:1207                 db    ? ;
dseg:1208                 db    ? ;
dseg:1209                 db    ? ;
dseg:120A                 db    ? ;
dseg:120B                 db    ? ;
dseg:120C                 db    ? ;
dseg:120D                 db    ? ;
dseg:120E                 db    ? ;
dseg:120F                 db    ? ;
dseg:1210                 db    ? ;
dseg:1211                 db    ? ;
dseg:1212                 db    ? ;
dseg:1213                 db    ? ;
dseg:1214                 db    ? ;
dseg:1215                 db    ? ;
dseg:1216                 db    ? ;
dseg:1217                 db    ? ;
dseg:1218                 db    ? ;
dseg:1219                 db    ? ;
dseg:121A                 db    ? ;
dseg:121B                 db    ? ;
dseg:121C                 db    ? ;
dseg:121D                 db    ? ;
dseg:121E                 db    ? ;
dseg:121F                 db    ? ;
dseg:1220                 db    ? ;
dseg:1221                 db    ? ;
dseg:1222                 db    ? ;
dseg:1223                 db    ? ;
dseg:1224                 db    ? ;
dseg:1225                 db    ? ;
dseg:1226                 db    ? ;
dseg:1227                 db    ? ;
dseg:1228                 db    ? ;
dseg:1229                 db    ? ;
dseg:122A                 db    ? ;
dseg:122B                 db    ? ;
dseg:122C                 db    ? ;
dseg:122D                 db    ? ;
dseg:122E                 db    ? ;
dseg:122F                 db    ? ;
dseg:1230                 db    ? ;
dseg:1231                 db    ? ;
dseg:1232                 db    ? ;
dseg:1233                 db    ? ;
dseg:1234                 db    ? ;
dseg:1235                 db    ? ;
dseg:1236                 db    ? ;
dseg:1237                 db    ? ;
dseg:1238                 db    ? ;
dseg:1239                 db    ? ;
dseg:123A                 db    ? ;
dseg:123B                 db    ? ;
dseg:123C                 db    ? ;
dseg:123D                 db    ? ;
dseg:123E                 db    ? ;
dseg:123F                 db    ? ;
dseg:1240                 db    ? ;
dseg:1241                 db    ? ;
dseg:1242                 db    ? ;
dseg:1243                 db    ? ;
dseg:1244                 db    ? ;
dseg:1245                 db    ? ;
dseg:1246                 db    ? ;
dseg:1247                 db    ? ;
dseg:1248                 db    ? ;
dseg:1249                 db    ? ;
dseg:124A                 db    ? ;
dseg:124B                 db    ? ;
dseg:124C                 db    ? ;
dseg:124D                 db    ? ;
dseg:124E                 db    ? ;
dseg:124F                 db    ? ;
dseg:1250                 db    ? ;
dseg:1251                 db    ? ;
dseg:1252                 db    ? ;
dseg:1253                 db    ? ;
dseg:1254                 db    ? ;
dseg:1255                 db    ? ;
dseg:1256                 db    ? ;
dseg:1257                 db    ? ;
dseg:1258                 db    ? ;
dseg:1259                 db    ? ;
dseg:125A                 db    ? ;
dseg:125B                 db    ? ;
dseg:125C                 db    ? ;
dseg:125D                 db    ? ;
dseg:125E                 db    ? ;
dseg:125F                 db    ? ;
dseg:1260                 db    ? ;
dseg:1261                 db    ? ;
dseg:1262                 db    ? ;
dseg:1263                 db    ? ;
dseg:1264                 db    ? ;
dseg:1265                 db    ? ;
dseg:1266                 db    ? ;
dseg:1267                 db    ? ;
dseg:1268                 db    ? ;
dseg:1269                 db    ? ;
dseg:126A                 db    ? ;
dseg:126B                 db    ? ;
dseg:126C                 db    ? ;
dseg:126D                 db    ? ;
dseg:126E                 db    ? ;
dseg:126F                 db    ? ;
dseg:1270                 db    ? ;
dseg:1271                 db    ? ;
dseg:1272                 db    ? ;
dseg:1273                 db    ? ;
dseg:1274                 db    ? ;
dseg:1275                 db    ? ;
dseg:1276                 db    ? ;
dseg:1277                 db    ? ;
dseg:1278                 db    ? ;
dseg:1279                 db    ? ;
dseg:127A                 db    ? ;
dseg:127B                 db    ? ;
dseg:127C                 db    ? ;
dseg:127D                 db    ? ;
dseg:127E                 db    ? ;
dseg:127F                 db    ? ;
dseg:1280                 db    ? ;
dseg:1281                 db    ? ;
dseg:1282                 db    ? ;
dseg:1283                 db    ? ;
dseg:1284                 db    ? ;
dseg:1285                 db    ? ;
dseg:1286                 db    ? ;
dseg:1287                 db    ? ;
dseg:1288                 db    ? ;
dseg:1289                 db    ? ;
dseg:128A                 db    ? ;
dseg:128B                 db    ? ;
dseg:128C                 db    ? ;
dseg:128D                 db    ? ;
dseg:128E                 db    ? ;
dseg:128F                 db    ? ;
dseg:1290                 db    ? ;
dseg:1291                 db    ? ;
dseg:1292                 db    ? ;
dseg:1293                 db    ? ;
dseg:1294                 db    ? ;
dseg:1295                 db    ? ;
dseg:1296                 db    ? ;
dseg:1297                 db    ? ;
dseg:1298                 db    ? ;
dseg:1299                 db    ? ;
dseg:129A                 db    ? ;
dseg:129B                 db    ? ;
dseg:129C                 db    ? ;
dseg:129D                 db    ? ;
dseg:129E                 db    ? ;
dseg:129F                 db    ? ;
dseg:12A0                 db    ? ;
dseg:12A1                 db    ? ;
dseg:12A2                 db    ? ;
dseg:12A3                 db    ? ;
dseg:12A4                 db    ? ;
dseg:12A5                 db    ? ;
dseg:12A6                 db    ? ;
dseg:12A7                 db    ? ;
dseg:12A8                 db    ? ;
dseg:12A9                 db    ? ;
dseg:12AA                 db    ? ;
dseg:12AB                 db    ? ;
dseg:12AC                 db    ? ;
dseg:12AD                 db    ? ;
dseg:12AE                 db    ? ;
dseg:12AF                 db    ? ;
dseg:12B0                 db    ? ;
dseg:12B1                 db    ? ;
dseg:12B2                 db    ? ;
dseg:12B3                 db    ? ;
dseg:12B4                 db    ? ;
dseg:12B5                 db    ? ;
dseg:12B6                 db    ? ;
dseg:12B7                 db    ? ;
dseg:12B8                 db    ? ;
dseg:12B9                 db    ? ;
dseg:12BA                 db    ? ;
dseg:12BB                 db    ? ;
dseg:12BC                 db    ? ;
dseg:12BD                 db    ? ;
dseg:12BE                 db    ? ;
dseg:12BF                 db    ? ;
dseg:12C0                 db    ? ;
dseg:12C1                 db    ? ;
dseg:12C2                 db    ? ;
dseg:12C3                 db    ? ;
dseg:12C4                 db    ? ;
dseg:12C5                 db    ? ;
dseg:12C6                 db    ? ;
dseg:12C7                 db    ? ;
dseg:12C8                 db    ? ;
dseg:12C9                 db    ? ;
dseg:12CA                 db    ? ;
dseg:12CB                 db    ? ;
dseg:12CC                 db    ? ;
dseg:12CD                 db    ? ;
dseg:12CE                 db    ? ;
dseg:12CF                 db    ? ;
dseg:12D0                 db    ? ;
dseg:12D1                 db    ? ;
dseg:12D2                 db    ? ;
dseg:12D3                 db    ? ;
dseg:12D4                 db    ? ;
dseg:12D5                 db    ? ;
dseg:12D6                 db    ? ;
dseg:12D7                 db    ? ;
dseg:12D8                 db    ? ;
dseg:12D9                 db    ? ;
dseg:12DA                 db    ? ;
dseg:12DB                 db    ? ;
dseg:12DC                 db    ? ;
dseg:12DD                 db    ? ;
dseg:12DE                 db    ? ;
dseg:12DF                 db    ? ;
dseg:12E0                 db    ? ;
dseg:12E1                 db    ? ;
dseg:12E2                 db    ? ;
dseg:12E3                 db    ? ;
dseg:12E4                 db    ? ;
dseg:12E5                 db    ? ;
dseg:12E6                 db    ? ;
dseg:12E7                 db    ? ;
dseg:12E8                 db    ? ;
dseg:12E9                 db    ? ;
dseg:12EA                 db    ? ;
dseg:12EB                 db    ? ;
dseg:12EC                 db    ? ;
dseg:12ED                 db    ? ;
dseg:12EE                 db    ? ;
dseg:12EF                 db    ? ;
dseg:12F0                 db    ? ;
dseg:12F1                 db    ? ;
dseg:12F2                 db    ? ;
dseg:12F3                 db    ? ;
dseg:12F4                 db    ? ;
dseg:12F5                 db    ? ;
dseg:12F6                 db    ? ;
dseg:12F7                 db    ? ;
dseg:12F8                 db    ? ;
dseg:12F9                 db    ? ;
dseg:12FA                 db    ? ;
dseg:12FB                 db    ? ;
dseg:12FC                 db    ? ;
dseg:12FD                 db    ? ;
dseg:12FE                 db    ? ;
dseg:12FF                 db    ? ;
dseg:1300                 db    ? ;
dseg:1301                 db    ? ;
dseg:1302                 db    ? ;
dseg:1303                 db    ? ;
dseg:1304                 db    ? ;
dseg:1305                 db    ? ;
dseg:1306                 db    ? ;
dseg:1307                 db    ? ;
dseg:1308                 db    ? ;
dseg:1309                 db    ? ;
dseg:130A                 db    ? ;
dseg:130B                 db    ? ;
dseg:130C                 db    ? ;
dseg:130D                 db    ? ;
dseg:130E                 db    ? ;
dseg:130F                 db    ? ;
dseg:1310                 db    ? ;
dseg:1311                 db    ? ;
dseg:1312                 db    ? ;
dseg:1313                 db    ? ;
dseg:1314                 db    ? ;
dseg:1315                 db    ? ;
dseg:1316                 db    ? ;
dseg:1317                 db    ? ;
dseg:1318                 db    ? ;
dseg:1319                 db    ? ;
dseg:131A                 db    ? ;
dseg:131B                 db    ? ;
dseg:131C                 db    ? ;
dseg:131D                 db    ? ;
dseg:131E                 db    ? ;
dseg:131F                 db    ? ;
dseg:1320                 db    ? ;
dseg:1321                 db    ? ;
dseg:1322                 db    ? ;
dseg:1323                 db    ? ;
dseg:1324                 db    ? ;
dseg:1325                 db    ? ;
dseg:1326                 db    ? ;
dseg:1327                 db    ? ;
dseg:1328                 db    ? ;
dseg:1329                 db    ? ;
dseg:132A                 db    ? ;
dseg:132B                 db    ? ;
dseg:132C                 db    ? ;
dseg:132D                 db    ? ;
dseg:132E                 db    ? ;
dseg:132F                 db    ? ;
dseg:1330                 db    ? ;
dseg:1331                 db    ? ;
dseg:1332                 db    ? ;
dseg:1333                 db    ? ;
dseg:1334                 db    ? ;
dseg:1335                 db    ? ;
dseg:1336                 db    ? ;
dseg:1337                 db    ? ;
dseg:1338                 db    ? ;
dseg:1339                 db    ? ;
dseg:133A                 db    ? ;
dseg:133B                 db    ? ;
dseg:133C                 db    ? ;
dseg:133D                 db    ? ;
dseg:133E                 db    ? ;
dseg:133F                 db    ? ;
dseg:1340                 db    ? ;
dseg:1341                 db    ? ;
dseg:1342                 db    ? ;
dseg:1343                 db    ? ;
dseg:1344                 db    ? ;
dseg:1345                 db    ? ;
dseg:1346                 db    ? ;
dseg:1347                 db    ? ;
dseg:1348                 db    ? ;
dseg:1349                 db    ? ;
dseg:134A                 db    ? ;
dseg:134B                 db    ? ;
dseg:134C                 db    ? ;
dseg:134D                 db    ? ;
dseg:134E                 db    ? ;
dseg:134F                 db    ? ;
dseg:1350                 db    ? ;
dseg:1351                 db    ? ;
dseg:1352                 db    ? ;
dseg:1353                 db    ? ;
dseg:1354                 db    ? ;
dseg:1355                 db    ? ;
dseg:1356                 db    ? ;
dseg:1357                 db    ? ;
dseg:1358                 db    ? ;
dseg:1359                 db    ? ;
dseg:135A                 db    ? ;
dseg:135B                 db    ? ;
dseg:135C                 db    ? ;
dseg:135D                 db    ? ;
dseg:135E                 db    ? ;
dseg:135F                 db    ? ;
dseg:1360                 db    ? ;
dseg:1361                 db    ? ;
dseg:1362                 db    ? ;
dseg:1363                 db    ? ;
dseg:1364                 db    ? ;
dseg:1365                 db    ? ;
dseg:1366                 db    ? ;
dseg:1367                 db    ? ;
dseg:1368                 db    ? ;
dseg:1369                 db    ? ;
dseg:136A                 db    ? ;
dseg:136B                 db    ? ;
dseg:136C                 db    ? ;
dseg:136D                 db    ? ;
dseg:136E                 db    ? ;
dseg:136F                 db    ? ;
dseg:1370                 db    ? ;
dseg:1371                 db    ? ;
dseg:1372                 db    ? ;
dseg:1373                 db    ? ;
dseg:1374                 db    ? ;
dseg:1375                 db    ? ;
dseg:1376                 db    ? ;
dseg:1377                 db    ? ;
dseg:1378                 db    ? ;
dseg:1379                 db    ? ;
dseg:137A                 db    ? ;
dseg:137B                 db    ? ;
dseg:137C                 db    ? ;
dseg:137D                 db    ? ;
dseg:137E                 db    ? ;
dseg:137F                 db    ? ;
dseg:1380                 db    ? ;
dseg:1381                 db    ? ;
dseg:1382                 db    ? ;
dseg:1383                 db    ? ;
dseg:1384                 db    ? ;
dseg:1385                 db    ? ;
dseg:1386                 db    ? ;
dseg:1387                 db    ? ;
dseg:1388                 db    ? ;
dseg:1389                 db    ? ;
dseg:138A                 db    ? ;
dseg:138B                 db    ? ;
dseg:138C                 db    ? ;
dseg:138D                 db    ? ;
dseg:138E                 db    ? ;
dseg:138F                 db    ? ;
dseg:1390                 db    ? ;
dseg:1391                 db    ? ;
dseg:1392                 db    ? ;
dseg:1393                 db    ? ;
dseg:1394                 db    ? ;
dseg:1395                 db    ? ;
dseg:1396                 db    ? ;
dseg:1397                 db    ? ;
dseg:1398                 db    ? ;
dseg:1399                 db    ? ;
dseg:139A                 db    ? ;
dseg:139B                 db    ? ;
dseg:139C                 db    ? ;
dseg:139D                 db    ? ;
dseg:139E                 db    ? ;
dseg:139F                 db    ? ;
dseg:13A0                 db    ? ;
dseg:13A1                 db    ? ;
dseg:13A2                 db    ? ;
dseg:13A3                 db    ? ;
dseg:13A4                 db    ? ;
dseg:13A5                 db    ? ;
dseg:13A6                 db    ? ;
dseg:13A7                 db    ? ;
dseg:13A8                 db    ? ;
dseg:13A9                 db    ? ;
dseg:13AA                 db    ? ;
dseg:13AB                 db    ? ;
dseg:13AC                 db    ? ;
dseg:13AD                 db    ? ;
dseg:13AE                 db    ? ;
dseg:13AF                 db    ? ;
dseg:13B0                 db    ? ;
dseg:13B1                 db    ? ;
dseg:13B2                 db    ? ;
dseg:13B3                 db    ? ;
dseg:13B4                 db    ? ;
dseg:13B5                 db    ? ;
dseg:13B6                 db    ? ;
dseg:13B7                 db    ? ;
dseg:13B8                 db    ? ;
dseg:13B9                 db    ? ;
dseg:13BA                 db    ? ;
dseg:13BB                 db    ? ;
dseg:13BC                 db    ? ;
dseg:13BD                 db    ? ;
dseg:13BE                 db    ? ;
dseg:13BF                 db    ? ;
dseg:13C0                 db    ? ;
dseg:13C1                 db    ? ;
dseg:13C2                 db    ? ;
dseg:13C3                 db    ? ;
dseg:13C4                 db    ? ;
dseg:13C5                 db    ? ;
dseg:13C6                 db    ? ;
dseg:13C7                 db    ? ;
dseg:13C8                 db    ? ;
dseg:13C9                 db    ? ;
dseg:13CA                 db    ? ;
dseg:13CB                 db    ? ;
dseg:13CC                 db    ? ;
dseg:13CD                 db    ? ;
dseg:13CE                 db    ? ;
dseg:13CF                 db    ? ;
dseg:13D0                 db    ? ;
dseg:13D1                 db    ? ;
dseg:13D2                 db    ? ;
dseg:13D3                 db    ? ;
dseg:13D4                 db    ? ;
dseg:13D5                 db    ? ;
dseg:13D6                 db    ? ;
dseg:13D7                 db    ? ;
dseg:13D8                 db    ? ;
dseg:13D9                 db    ? ;
dseg:13DA                 db    ? ;
dseg:13DB                 db    ? ;
dseg:13DC                 db    ? ;
dseg:13DD                 db    ? ;
dseg:13DE                 db    ? ;
dseg:13DF                 db    ? ;
dseg:13E0                 db    ? ;
dseg:13E1                 db    ? ;
dseg:13E2                 db    ? ;
dseg:13E3                 db    ? ;
dseg:13E4                 db    ? ;
dseg:13E5                 db    ? ;
dseg:13E6                 db    ? ;
dseg:13E7                 db    ? ;
dseg:13E8                 db    ? ;
dseg:13E9                 db    ? ;
dseg:13EA                 db    ? ;
dseg:13EB                 db    ? ;
dseg:13EC                 db    ? ;
dseg:13ED                 db    ? ;
dseg:13EE                 db    ? ;
dseg:13EF                 db    ? ;
dseg:13F0                 db    ? ;
dseg:13F1                 db    ? ;
dseg:13F2                 db    ? ;
dseg:13F3                 db    ? ;
dseg:13F4                 db    ? ;
dseg:13F5                 db    ? ;
dseg:13F6                 db    ? ;
dseg:13F7                 db    ? ;
dseg:13F8                 db    ? ;
dseg:13F9                 db    ? ;
dseg:13FA                 db    ? ;
dseg:13FB                 db    ? ;
dseg:13FC                 db    ? ;
dseg:13FD                 db    ? ;
dseg:13FE                 db    ? ;
dseg:13FF                 db    ? ;
dseg:1400                 db    ? ;
dseg:1401                 db    ? ;
dseg:1402                 db    ? ;
dseg:1403                 db    ? ;
dseg:1404                 db    ? ;
dseg:1405                 db    ? ;
dseg:1406                 db    ? ;
dseg:1407                 db    ? ;
dseg:1408                 db    ? ;
dseg:1409                 db    ? ;
dseg:140A                 db    ? ;
dseg:140B                 db    ? ;
dseg:140C                 db    ? ;
dseg:140D                 db    ? ;
dseg:140E                 db    ? ;
dseg:140F                 db    ? ;
dseg:1410                 db    ? ;
dseg:1411                 db    ? ;
dseg:1412                 db    ? ;
dseg:1413                 db    ? ;
dseg:1414                 db    ? ;
dseg:1415                 db    ? ;
dseg:1416                 db    ? ;
dseg:1417                 db    ? ;
dseg:1418                 db    ? ;
dseg:1419                 db    ? ;
dseg:141A                 db    ? ;
dseg:141B                 db    ? ;
dseg:141C                 db    ? ;
dseg:141D                 db    ? ;
dseg:141E                 db    ? ;
dseg:141F                 db    ? ;
dseg:1420                 db    ? ;
dseg:1421                 db    ? ;
dseg:1422                 db    ? ;
dseg:1423                 db    ? ;
dseg:1424                 db    ? ;
dseg:1425                 db    ? ;
dseg:1426                 db    ? ;
dseg:1427                 db    ? ;
dseg:1428                 db    ? ;
dseg:1429                 db    ? ;
dseg:142A                 db    ? ;
dseg:142B                 db    ? ;
dseg:142C                 db    ? ;
dseg:142D                 db    ? ;
dseg:142E                 db    ? ;
dseg:142F                 db    ? ;
dseg:1430                 db    ? ;
dseg:1431                 db    ? ;
dseg:1432                 db    ? ;
dseg:1433                 db    ? ;
dseg:1434                 db    ? ;
dseg:1435                 db    ? ;
dseg:1436                 db    ? ;
dseg:1437                 db    ? ;
dseg:1438                 db    ? ;
dseg:1439                 db    ? ;
dseg:143A                 db    ? ;
dseg:143B                 db    ? ;
dseg:143C                 db    ? ;
dseg:143D                 db    ? ;
dseg:143E                 db    ? ;
dseg:143F                 db    ? ;
dseg:1440                 db    ? ;
dseg:1441                 db    ? ;
dseg:1442                 db    ? ;
dseg:1443                 db    ? ;
dseg:1444                 db    ? ;
dseg:1445                 db    ? ;
dseg:1446                 db    ? ;
dseg:1447                 db    ? ;
dseg:1448                 db    ? ;
dseg:1449                 db    ? ;
dseg:144A                 db    ? ;
dseg:144B                 db    ? ;
dseg:144C                 db    ? ;
dseg:144D                 db    ? ;
dseg:144E                 db    ? ;
dseg:144F                 db    ? ;
dseg:1450                 db    ? ;
dseg:1451                 db    ? ;
dseg:1452                 db    ? ;
dseg:1453                 db    ? ;
dseg:1454                 db    ? ;
dseg:1455                 db    ? ;
dseg:1456                 db    ? ;
dseg:1457                 db    ? ;
dseg:1458                 db    ? ;
dseg:1459                 db    ? ;
dseg:145A                 db    ? ;
dseg:145B                 db    ? ;
dseg:145C                 db    ? ;
dseg:145D                 db    ? ;
dseg:145E                 db    ? ;
dseg:145F                 db    ? ;
dseg:1460                 db    ? ;
dseg:1461                 db    ? ;
dseg:1462                 db    ? ;
dseg:1463                 db    ? ;
dseg:1464                 db    ? ;
dseg:1465                 db    ? ;
dseg:1466                 db    ? ;
dseg:1467                 db    ? ;
dseg:1468                 db    ? ;
dseg:1469                 db    ? ;
dseg:146A                 db    ? ;
dseg:146B                 db    ? ;
dseg:146C                 db    ? ;
dseg:146D                 db    ? ;
dseg:146E                 db    ? ;
dseg:146F                 db    ? ;
dseg:1470                 db    ? ;
dseg:1471                 db    ? ;
dseg:1472                 db    ? ;
dseg:1473                 db    ? ;
dseg:1474                 db    ? ;
dseg:1475                 db    ? ;
dseg:1476                 db    ? ;
dseg:1477                 db    ? ;
dseg:1478                 db    ? ;
dseg:1479                 db    ? ;
dseg:147A                 db    ? ;
dseg:147B                 db    ? ;
dseg:147C                 db    ? ;
dseg:147D                 db    ? ;
dseg:147E                 db    ? ;
dseg:147F                 db    ? ;
dseg:1480                 db    ? ;
dseg:1481                 db    ? ;
dseg:1482                 db    ? ;
dseg:1483                 db    ? ;
dseg:1484                 db    ? ;
dseg:1485                 db    ? ;
dseg:1486                 db    ? ;
dseg:1487                 db    ? ;
dseg:1488                 db    ? ;
dseg:1489                 db    ? ;
dseg:148A                 db    ? ;
dseg:148B                 db    ? ;
dseg:148C                 db    ? ;
dseg:148D                 db    ? ;
dseg:148E                 db    ? ;
dseg:148F                 db    ? ;
dseg:1490                 db    ? ;
dseg:1491                 db    ? ;
dseg:1492                 db    ? ;
dseg:1493                 db    ? ;
dseg:1494                 db    ? ;
dseg:1495                 db    ? ;
dseg:1496                 db    ? ;
dseg:1497                 db    ? ;
dseg:1498                 db    ? ;
dseg:1499                 db    ? ;
dseg:149A                 db    ? ;
dseg:149B                 db    ? ;
dseg:149C                 db    ? ;
dseg:149D                 db    ? ;
dseg:149E                 db    ? ;
dseg:149F                 db    ? ;
dseg:14A0                 db    ? ;
dseg:14A1                 db    ? ;
dseg:14A2                 db    ? ;
dseg:14A3                 db    ? ;
dseg:14A4                 db    ? ;
dseg:14A5                 db    ? ;
dseg:14A6                 db    ? ;
dseg:14A7                 db    ? ;
dseg:14A8                 db    ? ;
dseg:14A9                 db    ? ;
dseg:14AA                 db    ? ;
dseg:14AB                 db    ? ;
dseg:14AC                 db    ? ;
dseg:14AD                 db    ? ;
dseg:14AE                 db    ? ;
dseg:14AF                 db    ? ;
dseg:14B0                 db    ? ;
dseg:14B1                 db    ? ;
dseg:14B2                 db    ? ;
dseg:14B3                 db    ? ;
dseg:14B4                 db    ? ;
dseg:14B5                 db    ? ;
dseg:14B6                 db    ? ;
dseg:14B7                 db    ? ;
dseg:14B8                 db    ? ;
dseg:14B9                 db    ? ;
dseg:14BA                 db    ? ;
dseg:14BB                 db    ? ;
dseg:14BC                 db    ? ;
dseg:14BD                 db    ? ;
dseg:14BE                 db    ? ;
dseg:14BF                 db    ? ;
dseg:14C0                 db    ? ;
dseg:14C1                 db    ? ;
dseg:14C2                 db    ? ;
dseg:14C3                 db    ? ;
dseg:14C4                 db    ? ;
dseg:14C5                 db    ? ;
dseg:14C6                 db    ? ;
dseg:14C7                 db    ? ;
dseg:14C8                 db    ? ;
dseg:14C9                 db    ? ;
dseg:14CA                 db    ? ;
dseg:14CB                 db    ? ;
dseg:14CC                 db    ? ;
dseg:14CD                 db    ? ;
dseg:14CE                 db    ? ;
dseg:14CF                 db    ? ;
dseg:14D0                 db    ? ;
dseg:14D1                 db    ? ;
dseg:14D2                 db    ? ;
dseg:14D3                 db    ? ;
dseg:14D4                 db    ? ;
dseg:14D5                 db    ? ;
dseg:14D6                 db    ? ;
dseg:14D7                 db    ? ;
dseg:14D8                 db    ? ;
dseg:14D9                 db    ? ;
dseg:14DA                 db    ? ;
dseg:14DB                 db    ? ;
dseg:14DC                 db    ? ;
dseg:14DD                 db    ? ;
dseg:14DE                 db    ? ;
dseg:14DF                 db    ? ;
dseg:14E0                 db    ? ;
dseg:14E1                 db    ? ;
dseg:14E2                 db    ? ;
dseg:14E3                 db    ? ;
dseg:14E4                 db    ? ;
dseg:14E5                 db    ? ;
dseg:14E6                 db    ? ;
dseg:14E7                 db    ? ;
dseg:14E8                 db    ? ;
dseg:14E9                 db    ? ;
dseg:14EA                 db    ? ;
dseg:14EB                 db    ? ;
dseg:14EC                 db    ? ;
dseg:14ED                 db    ? ;
dseg:14EE                 db    ? ;
dseg:14EF                 db    ? ;
dseg:14F0                 db    ? ;
dseg:14F1                 db    ? ;
dseg:14F2                 db    ? ;
dseg:14F3                 db    ? ;
dseg:14F4                 db    ? ;
dseg:14F5                 db    ? ;
dseg:14F6                 db    ? ;
dseg:14F7                 db    ? ;
dseg:14F8                 db    ? ;
dseg:14F9                 db    ? ;
dseg:14FA                 db    ? ;
dseg:14FB                 db    ? ;
dseg:14FC                 db    ? ;
dseg:14FD                 db    ? ;
dseg:14FE                 db    ? ;
dseg:14FF                 db    ? ;
dseg:1500                 db    ? ;
dseg:1501                 db    ? ;
dseg:1502                 db    ? ;
dseg:1503                 db    ? ;
dseg:1504                 db    ? ;
dseg:1505                 db    ? ;
dseg:1506                 db    ? ;
dseg:1507                 db    ? ;
dseg:1508                 db    ? ;
dseg:1509                 db    ? ;
dseg:150A                 db    ? ;
dseg:150B                 db    ? ;
dseg:150C                 db    ? ;
dseg:150D                 db    ? ;
dseg:150E                 db    ? ;
dseg:150F                 db    ? ;
dseg:1510                 db    ? ;
dseg:1511                 db    ? ;
dseg:1512                 db    ? ;
dseg:1513                 db    ? ;
dseg:1514                 db    ? ;
dseg:1515                 db    ? ;
dseg:1516                 db    ? ;
dseg:1517                 db    ? ;
dseg:1518                 db    ? ;
dseg:1519                 db    ? ;
dseg:151A                 db    ? ;
dseg:151B                 db    ? ;
dseg:151C                 db    ? ;
dseg:151D                 db    ? ;
dseg:151E                 db    ? ;
dseg:151F                 db    ? ;
dseg:1520                 db    ? ;
dseg:1521                 db    ? ;
dseg:1522                 db    ? ;
dseg:1523                 db    ? ;
dseg:1524                 db    ? ;
dseg:1525                 db    ? ;
dseg:1526                 db    ? ;
dseg:1527                 db    ? ;
dseg:1528                 db    ? ;
dseg:1529                 db    ? ;
dseg:152A                 db    ? ;
dseg:152B                 db    ? ;
dseg:152C                 db    ? ;
dseg:152D                 db    ? ;
dseg:152E                 db    ? ;
dseg:152F                 db    ? ;
dseg:1530                 db    ? ;
dseg:1531                 db    ? ;
dseg:1532                 db    ? ;
dseg:1533                 db    ? ;
dseg:1534                 db    ? ;
dseg:1535                 db    ? ;
dseg:1536                 db    ? ;
dseg:1537                 db    ? ;
dseg:1538                 db    ? ;
dseg:1539                 db    ? ;
dseg:153A                 db    ? ;
dseg:153B                 db    ? ;
dseg:153C                 db    ? ;
dseg:153D                 db    ? ;
dseg:153E                 db    ? ;
dseg:153F                 db    ? ;
dseg:1540                 db    ? ;
dseg:1541                 db    ? ;
dseg:1542                 db    ? ;
dseg:1543                 db    ? ;
dseg:1544                 db    ? ;
dseg:1545                 db    ? ;
dseg:1546                 db    ? ;
dseg:1547                 db    ? ;
dseg:1548                 db    ? ;
dseg:1549                 db    ? ;
dseg:154A                 db    ? ;
dseg:154B                 db    ? ;
dseg:154C                 db    ? ;
dseg:154D                 db    ? ;
dseg:154E                 db    ? ;
dseg:154F                 db    ? ;
dseg:1550                 db    ? ;
dseg:1551                 db    ? ;
dseg:1552                 db    ? ;
dseg:1553                 db    ? ;
dseg:1554                 db    ? ;
dseg:1555                 db    ? ;
dseg:1556                 db    ? ;
dseg:1557                 db    ? ;
dseg:1558                 db    ? ;
dseg:1559                 db    ? ;
dseg:155A                 db    ? ;
dseg:155B                 db    ? ;
dseg:155C                 db    ? ;
dseg:155D                 db    ? ;
dseg:155E                 db    ? ;
dseg:155F                 db    ? ;
dseg:1560                 db    ? ;
dseg:1561                 db    ? ;
dseg:1562                 db    ? ;
dseg:1563                 db    ? ;
dseg:1564                 db    ? ;
dseg:1565                 db    ? ;
dseg:1566                 db    ? ;
dseg:1567                 db    ? ;
dseg:1568                 db    ? ;
dseg:1569                 db    ? ;
dseg:156A                 db    ? ;
dseg:156B                 db    ? ;
dseg:156C                 db    ? ;
dseg:156D                 db    ? ;
dseg:156E                 db    ? ;
dseg:156F                 db    ? ;
dseg:1570                 db    ? ;
dseg:1571                 db    ? ;
dseg:1572                 db    ? ;
dseg:1573                 db    ? ;
dseg:1574                 db    ? ;
dseg:1575                 db    ? ;
dseg:1576                 db    ? ;
dseg:1577                 db    ? ;
dseg:1578                 db    ? ;
dseg:1579                 db    ? ;
dseg:157A                 db    ? ;
dseg:157B                 db    ? ;
dseg:157C                 db    ? ;
dseg:157D                 db    ? ;
dseg:157E                 db    ? ;
dseg:157F                 db    ? ;
dseg:1580                 db    ? ;
dseg:1581                 db    ? ;
dseg:1582                 db    ? ;
dseg:1583                 db    ? ;
dseg:1584                 db    ? ;
dseg:1585                 db    ? ;
dseg:1586                 db    ? ;
dseg:1587                 db    ? ;
dseg:1588                 db    ? ;
dseg:1589                 db    ? ;
dseg:158A                 db    ? ;
dseg:158B                 db    ? ;
dseg:158C                 db    ? ;
dseg:158D                 db    ? ;
dseg:158E                 db    ? ;
dseg:158F                 db    ? ;
dseg:1590                 db    ? ;
dseg:1591                 db    ? ;
dseg:1592                 db    ? ;
dseg:1593                 db    ? ;
dseg:1594                 db    ? ;
dseg:1595                 db    ? ;
dseg:1596                 db    ? ;
dseg:1597                 db    ? ;
dseg:1598                 db    ? ;
dseg:1599                 db    ? ;
dseg:159A                 db    ? ;
dseg:159B                 db    ? ;
dseg:159C                 db    ? ;
dseg:159D                 db    ? ;
dseg:159E                 db    ? ;
dseg:159F                 db    ? ;
dseg:15A0                 db    ? ;
dseg:15A1                 db    ? ;
dseg:15A2                 db    ? ;
dseg:15A3                 db    ? ;
dseg:15A4                 db    ? ;
dseg:15A5                 db    ? ;
dseg:15A6                 db    ? ;
dseg:15A7                 db    ? ;
dseg:15A8                 db    ? ;
dseg:15A9                 db    ? ;
dseg:15AA                 db    ? ;
dseg:15AB                 db    ? ;
dseg:15AC                 db    ? ;
dseg:15AD                 db    ? ;
dseg:15AE                 db    ? ;
dseg:15AF                 db    ? ;
dseg:15B0                 db    ? ;
dseg:15B1                 db    ? ;
dseg:15B2                 db    ? ;
dseg:15B3                 db    ? ;
dseg:15B4                 db    ? ;
dseg:15B5                 db    ? ;
dseg:15B6                 db    ? ;
dseg:15B7                 db    ? ;
dseg:15B8                 db    ? ;
dseg:15B9                 db    ? ;
dseg:15BA                 db    ? ;
dseg:15BB                 db    ? ;
dseg:15BC                 db    ? ;
dseg:15BD                 db    ? ;
dseg:15BE                 db    ? ;
dseg:15BF                 db    ? ;
dseg:15C0                 db    ? ;
dseg:15C1                 db    ? ;
dseg:15C2                 db    ? ;
dseg:15C3                 db    ? ;
dseg:15C4                 db    ? ;
dseg:15C5                 db    ? ;
dseg:15C6                 db    ? ;
dseg:15C7                 db    ? ;
dseg:15C8                 db    ? ;
dseg:15C9                 db    ? ;
dseg:15CA                 db    ? ;
dseg:15CB                 db    ? ;
dseg:15CC                 db    ? ;
dseg:15CD                 db    ? ;
dseg:15CE                 db    ? ;
dseg:15CF                 db    ? ;
dseg:15D0                 db    ? ;
dseg:15D1                 db    ? ;
dseg:15D2                 db    ? ;
dseg:15D3                 db    ? ;
dseg:15D4                 db    ? ;
dseg:15D5                 db    ? ;
dseg:15D6                 db    ? ;
dseg:15D7                 db    ? ;
dseg:15D8                 db    ? ;
dseg:15D9                 db    ? ;
dseg:15DA                 db    ? ;
dseg:15DB                 db    ? ;
dseg:15DC                 db    ? ;
dseg:15DD                 db    ? ;
dseg:15DE                 db    ? ;
dseg:15DF                 db    ? ;
dseg:15E0                 db    ? ;
dseg:15E1                 db    ? ;
dseg:15E2                 db    ? ;
dseg:15E3                 db    ? ;
dseg:15E4                 db    ? ;
dseg:15E5                 db    ? ;
dseg:15E6                 db    ? ;
dseg:15E7                 db    ? ;
dseg:15E8                 db    ? ;
dseg:15E9                 db    ? ;
dseg:15EA                 db    ? ;
dseg:15EB                 db    ? ;
dseg:15EC                 db    ? ;
dseg:15ED                 db    ? ;
dseg:15EE                 db    ? ;
dseg:15EF                 db    ? ;
dseg:15F0                 db    ? ;
dseg:15F1                 db    ? ;
dseg:15F2                 db    ? ;
dseg:15F3                 db    ? ;
dseg:15F4                 db    ? ;
dseg:15F5                 db    ? ;
dseg:15F6                 db    ? ;
dseg:15F7                 db    ? ;
dseg:15F8                 db    ? ;
dseg:15F9                 db    ? ;
dseg:15FA                 db    ? ;
dseg:15FB                 db    ? ;
dseg:15FC                 db    ? ;
dseg:15FD                 db    ? ;
dseg:15FE                 db    ? ;
dseg:15FF                 db    ? ;
dseg:1600                 db    ? ;
dseg:1601                 db    ? ;
dseg:1602                 db    ? ;
dseg:1603                 db    ? ;
dseg:1604                 db    ? ;
dseg:1605                 db    ? ;
dseg:1606                 db    ? ;
dseg:1607                 db    ? ;
dseg:1608                 db    ? ;
dseg:1609                 db    ? ;
dseg:160A                 db    ? ;
dseg:160B                 db    ? ;
dseg:160C                 db    ? ;
dseg:160D                 db    ? ;
dseg:160E                 db    ? ;
dseg:160F                 db    ? ;
dseg:1610                 db    ? ;
dseg:1611                 db    ? ;
dseg:1612                 db    ? ;
dseg:1613                 db    ? ;
dseg:1614                 db    ? ;
dseg:1615                 db    ? ;
dseg:1616                 db    ? ;
dseg:1617                 db    ? ;
dseg:1618                 db    ? ;
dseg:1619                 db    ? ;
dseg:161A                 db    ? ;
dseg:161B                 db    ? ;
dseg:161C                 db    ? ;
dseg:161D                 db    ? ;
dseg:161E                 db    ? ;
dseg:161F                 db    ? ;
dseg:1620                 db    ? ;
dseg:1621                 db    ? ;
dseg:1622                 db    ? ;
dseg:1623                 db    ? ;
dseg:1624                 db    ? ;
dseg:1625                 db    ? ;
dseg:1626                 db    ? ;
dseg:1627                 db    ? ;
dseg:1628                 db    ? ;
dseg:1629                 db    ? ;
dseg:162A                 db    ? ;
dseg:162B                 db    ? ;
dseg:162C                 db    ? ;
dseg:162D                 db    ? ;
dseg:162E                 db    ? ;
dseg:162F                 db    ? ;
dseg:1630                 db    ? ;
dseg:1631                 db    ? ;
dseg:1632                 db    ? ;
dseg:1633                 db    ? ;
dseg:1634                 db    ? ;
dseg:1635                 db    ? ;
dseg:1636                 db    ? ;
dseg:1637                 db    ? ;
dseg:1638                 db    ? ;
dseg:1639                 db    ? ;
dseg:163A                 db    ? ;
dseg:163B                 db    ? ;
dseg:163C                 db    ? ;
dseg:163D                 db    ? ;
dseg:163E                 db    ? ;
dseg:163F                 db    ? ;
dseg:1640                 db    ? ;
dseg:1641                 db    ? ;
dseg:1642                 db    ? ;
dseg:1643                 db    ? ;
dseg:1644                 db    ? ;
dseg:1645                 db    ? ;
dseg:1646                 db    ? ;
dseg:1647                 db    ? ;
dseg:1648                 db    ? ;
dseg:1649                 db    ? ;
dseg:164A                 db    ? ;
dseg:164B                 db    ? ;
dseg:164C                 db    ? ;
dseg:164D                 db    ? ;
dseg:164E                 db    ? ;
dseg:164F                 db    ? ;
dseg:1650                 db    ? ;
dseg:1651                 db    ? ;
dseg:1652                 db    ? ;
dseg:1653                 db    ? ;
dseg:1654                 db    ? ;
dseg:1655                 db    ? ;
dseg:1656                 db    ? ;
dseg:1657                 db    ? ;
dseg:1658                 db    ? ;
dseg:1659                 db    ? ;
dseg:165A                 db    ? ;
dseg:165B                 db    ? ;
dseg:165C                 db    ? ;
dseg:165D                 db    ? ;
dseg:165E                 db    ? ;
dseg:165F                 db    ? ;
dseg:1660                 db    ? ;
dseg:1661                 db    ? ;
dseg:1662                 db    ? ;
dseg:1663                 db    ? ;
dseg:1664                 db    ? ;
dseg:1665                 db    ? ;
dseg:1666                 db    ? ;
dseg:1667                 db    ? ;
dseg:1668                 db    ? ;
dseg:1669                 db    ? ;
dseg:166A                 db    ? ;
dseg:166B                 db    ? ;
dseg:166C                 db    ? ;
dseg:166D                 db    ? ;
dseg:166E                 db    ? ;
dseg:166F                 db    ? ;
dseg:1670                 db    ? ;
dseg:1671                 db    ? ;
dseg:1672                 db    ? ;
dseg:1673                 db    ? ;
dseg:1674                 db    ? ;
dseg:1675                 db    ? ;
dseg:1676                 db    ? ;
dseg:1677                 db    ? ;
dseg:1678                 db    ? ;
dseg:1679                 db    ? ;
dseg:167A                 db    ? ;
dseg:167B                 db    ? ;
dseg:167C                 db    ? ;
dseg:167D                 db    ? ;
dseg:167E                 db    ? ;
dseg:167F                 db    ? ;
dseg:1680                 db    ? ;
dseg:1681                 db    ? ;
dseg:1682                 db    ? ;
dseg:1683                 db    ? ;
dseg:1684                 db    ? ;
dseg:1685                 db    ? ;
dseg:1686                 db    ? ;
dseg:1687                 db    ? ;
dseg:1688                 db    ? ;
dseg:1689                 db    ? ;
dseg:168A                 db    ? ;
dseg:168B                 db    ? ;
dseg:168C                 db    ? ;
dseg:168D                 db    ? ;
dseg:168E                 db    ? ;
dseg:168F                 db    ? ;
dseg:1690                 db    ? ;
dseg:1691                 db    ? ;
dseg:1692                 db    ? ;
dseg:1693                 db    ? ;
dseg:1694                 db    ? ;
dseg:1695                 db    ? ;
dseg:1696                 db    ? ;
dseg:1697                 db    ? ;
dseg:1698                 db    ? ;
dseg:1699                 db    ? ;
dseg:169A                 db    ? ;
dseg:169B                 db    ? ;
dseg:169C                 db    ? ;
dseg:169D                 db    ? ;
dseg:169E                 db    ? ;
dseg:169F                 db    ? ;
dseg:16A0                 db    ? ;
dseg:16A1                 db    ? ;
dseg:16A2                 db    ? ;
dseg:16A3                 db    ? ;
dseg:16A4                 db    ? ;
dseg:16A5                 db    ? ;
dseg:16A6                 db    ? ;
dseg:16A7                 db    ? ;
dseg:16A8                 db    ? ;
dseg:16A9                 db    ? ;
dseg:16AA                 db    ? ;
dseg:16AB                 db    ? ;
dseg:16AC                 db    ? ;
dseg:16AD                 db    ? ;
dseg:16AE                 db    ? ;
dseg:16AF                 db    ? ;
dseg:16B0                 db    ? ;
dseg:16B1                 db    ? ;
dseg:16B2                 db    ? ;
dseg:16B3                 db    ? ;
dseg:16B4                 db    ? ;
dseg:16B5                 db    ? ;
dseg:16B6                 db    ? ;
dseg:16B7                 db    ? ;
dseg:16B8                 db    ? ;
dseg:16B9                 db    ? ;
dseg:16BA                 db    ? ;
dseg:16BB                 db    ? ;
dseg:16BC                 db    ? ;
dseg:16BD                 db    ? ;
dseg:16BE                 db    ? ;
dseg:16BF                 db    ? ;
dseg:16C0                 db    ? ;
dseg:16C1                 db    ? ;
dseg:16C2                 db    ? ;
dseg:16C3                 db    ? ;
dseg:16C4                 db    ? ;
dseg:16C5                 db    ? ;
dseg:16C6                 db    ? ;
dseg:16C7                 db    ? ;
dseg:16C8                 db    ? ;
dseg:16C9                 db    ? ;
dseg:16CA                 db    ? ;
dseg:16CB                 db    ? ;
dseg:16CC                 db    ? ;
dseg:16CD                 db    ? ;
dseg:16CE                 db    ? ;
dseg:16CF                 db    ? ;
dseg:16D0                 db    ? ;
dseg:16D1                 db    ? ;
dseg:16D2                 db    ? ;
dseg:16D3                 db    ? ;
dseg:16D4                 db    ? ;
dseg:16D5                 db    ? ;
dseg:16D6                 db    ? ;
dseg:16D7                 db    ? ;
dseg:16D8                 db    ? ;
dseg:16D9                 db    ? ;
dseg:16DA                 db    ? ;
dseg:16DB                 db    ? ;
dseg:16DC                 db    ? ;
dseg:16DD                 db    ? ;
dseg:16DE                 db    ? ;
dseg:16DF                 db    ? ;
dseg:16E0                 db    ? ;
dseg:16E1                 db    ? ;
dseg:16E2                 db    ? ;
dseg:16E3                 db    ? ;
dseg:16E4                 db    ? ;
dseg:16E5                 db    ? ;
dseg:16E6                 db    ? ;
dseg:16E7                 db    ? ;
dseg:16E8                 db    ? ;
dseg:16E9                 db    ? ;
dseg:16EA                 db    ? ;
dseg:16EB                 db    ? ;
dseg:16EC                 db    ? ;
dseg:16ED                 db    ? ;
dseg:16EE                 db    ? ;
dseg:16EF                 db    ? ;
dseg:16F0                 db    ? ;
dseg:16F1                 db    ? ;
dseg:16F2                 db    ? ;
dseg:16F3                 db    ? ;
dseg:16F4                 db    ? ;
dseg:16F5                 db    ? ;
dseg:16F6                 db    ? ;
dseg:16F7                 db    ? ;
dseg:16F8                 db    ? ;
dseg:16F9                 db    ? ;
dseg:16FA                 db    ? ;
dseg:16FB                 db    ? ;
dseg:16FC                 db    ? ;
dseg:16FD                 db    ? ;
dseg:16FE                 db    ? ;
dseg:16FF                 db    ? ;
dseg:1700                 db    ? ;
dseg:1701                 db    ? ;
dseg:1702                 db    ? ;
dseg:1703                 db    ? ;
dseg:1704                 db    ? ;
dseg:1705                 db    ? ;
dseg:1706                 db    ? ;
dseg:1707                 db    ? ;
dseg:1708                 db    ? ;
dseg:1709                 db    ? ;
dseg:170A                 db    ? ;
dseg:170B                 db    ? ;
dseg:170C                 db    ? ;
dseg:170D                 db    ? ;
dseg:170E                 db    ? ;
dseg:170F                 db    ? ;
dseg:1710                 db    ? ;
dseg:1711                 db    ? ;
dseg:1712                 db    ? ;
dseg:1713                 db    ? ;
dseg:1714                 db    ? ;
dseg:1715                 db    ? ;
dseg:1716                 db    ? ;
dseg:1717                 db    ? ;
dseg:1718                 db    ? ;
dseg:1719                 db    ? ;
dseg:171A                 db    ? ;
dseg:171B                 db    ? ;
dseg:171C                 db    ? ;
dseg:171D                 db    ? ;
dseg:171E                 db    ? ;
dseg:171F                 db    ? ;
dseg:1720                 db    ? ;
dseg:1721                 db    ? ;
dseg:1722                 db    ? ;
dseg:1723                 db    ? ;
dseg:1724                 db    ? ;
dseg:1725                 db    ? ;
dseg:1726                 db    ? ;
dseg:1727                 db    ? ;
dseg:1728                 db    ? ;
dseg:1729                 db    ? ;
dseg:172A                 db    ? ;
dseg:172B                 db    ? ;
dseg:172C                 db    ? ;
dseg:172D                 db    ? ;
dseg:172E                 db    ? ;
dseg:172F                 db    ? ;
dseg:1730                 db    ? ;
dseg:1731                 db    ? ;
dseg:1732                 db    ? ;
dseg:1733                 db    ? ;
dseg:1734                 db    ? ;
dseg:1735                 db    ? ;
dseg:1736                 db    ? ;
dseg:1737                 db    ? ;
dseg:1738                 db    ? ;
dseg:1739                 db    ? ;
dseg:173A                 db    ? ;
dseg:173B                 db    ? ;
dseg:173C                 db    ? ;
dseg:173D                 db    ? ;
dseg:173E                 db    ? ;
dseg:173F                 db    ? ;
dseg:1740                 db    ? ;
dseg:1741                 db    ? ;
dseg:1742                 db    ? ;
dseg:1743                 db    ? ;
dseg:1744                 db    ? ;
dseg:1745                 db    ? ;
dseg:1746                 db    ? ;
dseg:1747                 db    ? ;
dseg:1748                 db    ? ;
dseg:1749                 db    ? ;
dseg:174A                 db    ? ;
dseg:174B                 db    ? ;
dseg:174C                 db    ? ;
dseg:174D                 db    ? ;
dseg:174E                 db    ? ;
dseg:174F                 db    ? ;
dseg:1750                 db    ? ;
dseg:1751                 db    ? ;
dseg:1752                 db    ? ;
dseg:1753                 db    ? ;
dseg:1754                 db    ? ;
dseg:1755                 db    ? ;
dseg:1756                 db    ? ;
dseg:1757                 db    ? ;
dseg:1758                 db    ? ;
dseg:1759                 db    ? ;
dseg:175A                 db    ? ;
dseg:175B                 db    ? ;
dseg:175C                 db    ? ;
dseg:175D                 db    ? ;
dseg:175E                 db    ? ;
dseg:175F                 db    ? ;
dseg:1760                 db    ? ;
dseg:1761                 db    ? ;
dseg:1762                 db    ? ;
dseg:1763                 db    ? ;
dseg:1764                 db    ? ;
dseg:1765                 db    ? ;
dseg:1766                 db    ? ;
dseg:1767                 db    ? ;
dseg:1768                 db    ? ;
dseg:1769                 db    ? ;
dseg:176A                 db    ? ;
dseg:176B                 db    ? ;
dseg:176C                 db    ? ;
dseg:176D                 db    ? ;
dseg:176E                 db    ? ;
dseg:176F                 db    ? ;
dseg:1770                 db    ? ;
dseg:1771                 db    ? ;
dseg:1772                 db    ? ;
dseg:1773                 db    ? ;
dseg:1774                 db    ? ;
dseg:1775                 db    ? ;
dseg:1776                 db    ? ;
dseg:1777                 db    ? ;
dseg:1778                 db    ? ;
dseg:1779                 db    ? ;
dseg:177A                 db    ? ;
dseg:177B                 db    ? ;
dseg:177C                 db    ? ;
dseg:177D                 db    ? ;
dseg:177E                 db    ? ;
dseg:177F                 db    ? ;
dseg:1780                 db    ? ;
dseg:1781                 db    ? ;
dseg:1782                 db    ? ;
dseg:1783                 db    ? ;
dseg:1784                 db    ? ;
dseg:1785                 db    ? ;
dseg:1786                 db    ? ;
dseg:1787                 db    ? ;
dseg:1788                 db    ? ;
dseg:1789                 db    ? ;
dseg:178A                 db    ? ;
dseg:178B                 db    ? ;
dseg:178C                 db    ? ;
dseg:178D                 db    ? ;
dseg:178E                 db    ? ;
dseg:178F                 db    ? ;
dseg:1790                 db    ? ;
dseg:1791                 db    ? ;
dseg:1792                 db    ? ;
dseg:1793                 db    ? ;
dseg:1794                 db    ? ;
dseg:1795                 db    ? ;
dseg:1796                 db    ? ;
dseg:1797                 db    ? ;
dseg:1798                 db    ? ;
dseg:1799                 db    ? ;
dseg:179A                 db    ? ;
dseg:179B                 db    ? ;
dseg:179C                 db    ? ;
dseg:179D                 db    ? ;
dseg:179E                 db    ? ;
dseg:179F                 db    ? ;
dseg:17A0                 db    ? ;
dseg:17A1                 db    ? ;
dseg:17A2                 db    ? ;
dseg:17A3                 db    ? ;
dseg:17A4                 db    ? ;
dseg:17A5                 db    ? ;
dseg:17A6                 db    ? ;
dseg:17A7                 db    ? ;
dseg:17A8                 db    ? ;
dseg:17A9                 db    ? ;
dseg:17AA                 db    ? ;
dseg:17AB                 db    ? ;
dseg:17AC                 db    ? ;
dseg:17AD                 db    ? ;
dseg:17AE                 db    ? ;
dseg:17AF                 db    ? ;
dseg:17B0                 db    ? ;
dseg:17B1                 db    ? ;
dseg:17B2                 db    ? ;
dseg:17B3                 db    ? ;
dseg:17B4                 db    ? ;
dseg:17B5                 db    ? ;
dseg:17B6                 db    ? ;
dseg:17B7                 db    ? ;
dseg:17B8                 db    ? ;
dseg:17B9                 db    ? ;
dseg:17BA                 db    ? ;
dseg:17BB                 db    ? ;
dseg:17BC                 db    ? ;
dseg:17BD                 db    ? ;
dseg:17BE                 db    ? ;
dseg:17BF                 db    ? ;
dseg:17C0                 db    ? ;
dseg:17C1                 db    ? ;
dseg:17C2                 db    ? ;
dseg:17C3                 db    ? ;
dseg:17C4                 db    ? ;
dseg:17C5                 db    ? ;
dseg:17C6                 db    ? ;
dseg:17C7                 db    ? ;
dseg:17C8                 db    ? ;
dseg:17C9                 db    ? ;
dseg:17CA                 db    ? ;
dseg:17CB                 db    ? ;
dseg:17CC                 db    ? ;
dseg:17CD                 db    ? ;
dseg:17CE                 db    ? ;
dseg:17CF                 db    ? ;
dseg:17D0                 db    ? ;
dseg:17D1                 db    ? ;
dseg:17D2                 db    ? ;
dseg:17D3                 db    ? ;
dseg:17D4                 db    ? ;
dseg:17D5                 db    ? ;
dseg:17D6                 db    ? ;
dseg:17D7                 db    ? ;
dseg:17D8                 db    ? ;
dseg:17D9                 db    ? ;
dseg:17DA                 db    ? ;
dseg:17DB                 db    ? ;
dseg:17DC                 db    ? ;
dseg:17DD                 db    ? ;
dseg:17DE                 db    ? ;
dseg:17DF                 db    ? ;
dseg:17E0                 db    ? ;
dseg:17E1                 db    ? ;
dseg:17E2                 db    ? ;
dseg:17E3                 db    ? ;
dseg:17E4                 db    ? ;
dseg:17E5                 db    ? ;
dseg:17E6                 db    ? ;
dseg:17E7                 db    ? ;
dseg:17E8                 db    ? ;
dseg:17E9                 db    ? ;
dseg:17EA                 db    ? ;
dseg:17EB                 db    ? ;
dseg:17EC                 db    ? ;
dseg:17ED                 db    ? ;
dseg:17EE                 db    ? ;
dseg:17EF                 db    ? ;
dseg:17F0                 db    ? ;
dseg:17F1                 db    ? ;
dseg:17F2                 db    ? ;
dseg:17F3                 db    ? ;
dseg:17F4                 db    ? ;
dseg:17F5                 db    ? ;
dseg:17F6                 db    ? ;
dseg:17F7                 db    ? ;
dseg:17F8                 db    ? ;
dseg:17F9                 db    ? ;
dseg:17FA                 db    ? ;
dseg:17FB                 db    ? ;
dseg:17FC                 db    ? ;
dseg:17FD                 db    ? ;
dseg:17FE                 db    ? ;
dseg:17FF                 db    ? ;
dseg:1800                 db    ? ;
dseg:1801                 db    ? ;
dseg:1802                 db    ? ;
dseg:1803                 db    ? ;
dseg:1804                 db    ? ;
dseg:1805                 db    ? ;
dseg:1806                 db    ? ;
dseg:1807                 db    ? ;
dseg:1808                 db    ? ;
dseg:1809                 db    ? ;
dseg:180A                 db    ? ;
dseg:180B                 db    ? ;
dseg:180C                 db    ? ;
dseg:180D                 db    ? ;
dseg:180E                 db    ? ;
dseg:180F                 db    ? ;
dseg:1810                 db    ? ;
dseg:1811                 db    ? ;
dseg:1812                 db    ? ;
dseg:1813                 db    ? ;
dseg:1814                 db    ? ;
dseg:1815                 db    ? ;
dseg:1816                 db    ? ;
dseg:1817                 db    ? ;
dseg:1818                 db    ? ;
dseg:1819                 db    ? ;
dseg:181A                 db    ? ;
dseg:181B                 db    ? ;
dseg:181C                 db    ? ;
dseg:181D                 db    ? ;
dseg:181E                 db    ? ;
dseg:181F                 db    ? ;
dseg:1820                 db    ? ;
dseg:1821                 db    ? ;
dseg:1822                 db    ? ;
dseg:1823                 db    ? ;
dseg:1824                 db    ? ;
dseg:1825                 db    ? ;
dseg:1826                 db    ? ;
dseg:1827                 db    ? ;
dseg:1828                 db    ? ;
dseg:1829                 db    ? ;
dseg:182A                 db    ? ;
dseg:182B                 db    ? ;
dseg:182C                 db    ? ;
dseg:182D                 db    ? ;
dseg:182E                 db    ? ;
dseg:182F                 db    ? ;
dseg:1830                 db    ? ;
dseg:1831                 db    ? ;
dseg:1832                 db    ? ;
dseg:1833                 db    ? ;
dseg:1834                 db    ? ;
dseg:1835                 db    ? ;
dseg:1836                 db    ? ;
dseg:1837                 db    ? ;
dseg:1838                 db    ? ;
dseg:1839                 db    ? ;
dseg:183A                 db    ? ;
dseg:183B                 db    ? ;
dseg:183C                 db    ? ;
dseg:183D                 db    ? ;
dseg:183E                 db    ? ;
dseg:183F                 db    ? ;
dseg:1840                 db    ? ;
dseg:1841                 db    ? ;
dseg:1842                 db    ? ;
dseg:1843                 db    ? ;
dseg:1844                 db    ? ;
dseg:1845                 db    ? ;
dseg:1846                 db    ? ;
dseg:1847                 db    ? ;
dseg:1848                 db    ? ;
dseg:1849                 db    ? ;
dseg:184A                 db    ? ;
dseg:184B                 db    ? ;
dseg:184C                 db    ? ;
dseg:184D                 db    ? ;
dseg:184E                 db    ? ;
dseg:184F                 db    ? ;
dseg:1850                 db    ? ;
dseg:1851                 db    ? ;
dseg:1852                 db    ? ;
dseg:1853                 db    ? ;
dseg:1854                 db    ? ;
dseg:1855                 db    ? ;
dseg:1856                 db    ? ;
dseg:1857                 db    ? ;
dseg:1858                 db    ? ;
dseg:1859                 db    ? ;
dseg:185A                 db    ? ;
dseg:185B                 db    ? ;
dseg:185C                 db    ? ;
dseg:185D                 db    ? ;
dseg:185E                 db    ? ;
dseg:185F                 db    ? ;
dseg:1860                 db    ? ;
dseg:1861                 db    ? ;
dseg:1862                 db    ? ;
dseg:1863                 db    ? ;
dseg:1864                 db    ? ;
dseg:1865                 db    ? ;
dseg:1866                 db    ? ;
dseg:1867                 db    ? ;
dseg:1868                 db    ? ;
dseg:1869                 db    ? ;
dseg:186A                 db    ? ;
dseg:186B                 db    ? ;
dseg:186C                 db    ? ;
dseg:186D                 db    ? ;
dseg:186E                 db    ? ;
dseg:186F                 db    ? ;
dseg:1870                 db    ? ;
dseg:1871                 db    ? ;
dseg:1872                 db    ? ;
dseg:1873                 db    ? ;
dseg:1874                 db    ? ;
dseg:1875                 db    ? ;
dseg:1876                 db    ? ;
dseg:1877                 db    ? ;
dseg:1878                 db    ? ;
dseg:1879                 db    ? ;
dseg:187A                 db    ? ;
dseg:187B                 db    ? ;
dseg:187C                 db    ? ;
dseg:187D                 db    ? ;
dseg:187E                 db    ? ;
dseg:187F                 db    ? ;
dseg:1880                 db    ? ;
dseg:1881                 db    ? ;
dseg:1882                 db    ? ;
dseg:1883                 db    ? ;
dseg:1884                 db    ? ;
dseg:1885                 db    ? ;
dseg:1886                 db    ? ;
dseg:1887                 db    ? ;
dseg:1888                 db    ? ;
dseg:1889                 db    ? ;
dseg:188A                 db    ? ;
dseg:188B                 db    ? ;
dseg:188C                 db    ? ;
dseg:188D                 db    ? ;
dseg:188E                 db    ? ;
dseg:188F                 db    ? ;
dseg:1890                 db    ? ;
dseg:1891                 db    ? ;
dseg:1892                 db    ? ;
dseg:1893                 db    ? ;
dseg:1894                 db    ? ;
dseg:1895                 db    ? ;
dseg:1896                 db    ? ;
dseg:1897                 db    ? ;
dseg:1898                 db    ? ;
dseg:1899                 db    ? ;
dseg:189A                 db    ? ;
dseg:189B                 db    ? ;
dseg:189C                 db    ? ;
dseg:189D                 db    ? ;
dseg:189E                 db    ? ;
dseg:189F                 db    ? ;
dseg:18A0                 db    ? ;
dseg:18A1                 db    ? ;
dseg:18A2                 db    ? ;
dseg:18A3                 db    ? ;
dseg:18A4                 db    ? ;
dseg:18A5                 db    ? ;
dseg:18A6                 db    ? ;
dseg:18A7                 db    ? ;
dseg:18A8                 db    ? ;
dseg:18A9                 db    ? ;
dseg:18AA                 db    ? ;
dseg:18AB                 db    ? ;
dseg:18AC                 db    ? ;
dseg:18AD                 db    ? ;
dseg:18AE                 db    ? ;
dseg:18AF                 db    ? ;
dseg:18B0                 db    ? ;
dseg:18B1                 db    ? ;
dseg:18B2                 db    ? ;
dseg:18B3                 db    ? ;
dseg:18B4                 db    ? ;
dseg:18B5                 db    ? ;
dseg:18B6                 db    ? ;
dseg:18B7                 db    ? ;
dseg:18B8                 db    ? ;
dseg:18B9                 db    ? ;
dseg:18BA                 db    ? ;
dseg:18BB                 db    ? ;
dseg:18BC                 db    ? ;
dseg:18BD                 db    ? ;
dseg:18BE                 db    ? ;
dseg:18BF                 db    ? ;
dseg:18C0                 db    ? ;
dseg:18C1                 db    ? ;
dseg:18C2                 db    ? ;
dseg:18C3                 db    ? ;
dseg:18C4                 db    ? ;
dseg:18C5                 db    ? ;
dseg:18C6                 db    ? ;
dseg:18C7                 db    ? ;
dseg:18C8                 db    ? ;
dseg:18C9                 db    ? ;
dseg:18CA                 db    ? ;
dseg:18CB                 db    ? ;
dseg:18CC                 db    ? ;
dseg:18CD                 db    ? ;
dseg:18CE                 db    ? ;
dseg:18CF                 db    ? ;
dseg:18D0                 db    ? ;
dseg:18D1                 db    ? ;
dseg:18D2                 db    ? ;
dseg:18D3                 db    ? ;
dseg:18D4                 db    ? ;
dseg:18D5                 db    ? ;
dseg:18D6                 db    ? ;
dseg:18D7                 db    ? ;
dseg:18D8                 db    ? ;
dseg:18D9                 db    ? ;
dseg:18DA                 db    ? ;
dseg:18DB                 db    ? ;
dseg:18DC                 db    ? ;
dseg:18DD                 db    ? ;
dseg:18DE                 db    ? ;
dseg:18DF                 db    ? ;
dseg:18E0                 db    ? ;
dseg:18E1                 db    ? ;
dseg:18E2                 db    ? ;
dseg:18E3                 db    ? ;
dseg:18E4                 db    ? ;
dseg:18E5                 db    ? ;
dseg:18E6                 db    ? ;
dseg:18E7                 db    ? ;
dseg:18E8                 db    ? ;
dseg:18E9                 db    ? ;
dseg:18EA                 db    ? ;
dseg:18EB                 db    ? ;
dseg:18EC                 db    ? ;
dseg:18ED                 db    ? ;
dseg:18EE                 db    ? ;
dseg:18EF                 db    ? ;
dseg:18F0                 db    ? ;
dseg:18F1                 db    ? ;
dseg:18F2                 db    ? ;
dseg:18F3                 db    ? ;
dseg:18F4                 db    ? ;
dseg:18F5                 db    ? ;
dseg:18F6                 db    ? ;
dseg:18F7                 db    ? ;
dseg:18F8                 db    ? ;
dseg:18F9                 db    ? ;
dseg:18FA                 db    ? ;
dseg:18FB                 db    ? ;
dseg:18FC                 db    ? ;
dseg:18FD                 db    ? ;
dseg:18FE                 db    ? ;
dseg:18FF                 db    ? ;
dseg:1900                 db    ? ;
dseg:1901                 db    ? ;
dseg:1902                 db    ? ;
dseg:1903                 db    ? ;
dseg:1904                 db    ? ;
dseg:1905                 db    ? ;
dseg:1906                 db    ? ;
dseg:1907                 db    ? ;
dseg:1908                 db    ? ;
dseg:1909                 db    ? ;
dseg:190A                 db    ? ;
dseg:190B                 db    ? ;
dseg:190C                 db    ? ;
dseg:190D                 db    ? ;
dseg:190E                 db    ? ;
dseg:190F                 db    ? ;
dseg:1910                 db    ? ;
dseg:1911                 db    ? ;
dseg:1912                 db    ? ;
dseg:1913                 db    ? ;
dseg:1914                 db    ? ;
dseg:1915                 db    ? ;
dseg:1916                 db    ? ;
dseg:1917                 db    ? ;
dseg:1918                 db    ? ;
dseg:1919                 db    ? ;
dseg:191A                 db    ? ;
dseg:191B                 db    ? ;
dseg:191C                 db    ? ;
dseg:191D                 db    ? ;
dseg:191E                 db    ? ;
dseg:191F                 db    ? ;
dseg:1920                 db    ? ;
dseg:1921                 db    ? ;
dseg:1922                 db    ? ;
dseg:1923                 db    ? ;
dseg:1924                 db    ? ;
dseg:1925                 db    ? ;
dseg:1926                 db    ? ;
dseg:1927                 db    ? ;
dseg:1928                 db    ? ;
dseg:1929                 db    ? ;
dseg:192A                 db    ? ;
dseg:192B                 db    ? ;
dseg:192C                 db    ? ;
dseg:192D                 db    ? ;
dseg:192E                 db    ? ;
dseg:192F                 db    ? ;
dseg:1930                 db    ? ;
dseg:1931                 db    ? ;
dseg:1932                 db    ? ;
dseg:1933                 db    ? ;
dseg:1934                 db    ? ;
dseg:1935                 db    ? ;
dseg:1936                 db    ? ;
dseg:1937                 db    ? ;
dseg:1938                 db    ? ;
dseg:1939                 db    ? ;
dseg:193A                 db    ? ;
dseg:193B                 db    ? ;
dseg:193C                 db    ? ;
dseg:193D                 db    ? ;
dseg:193E                 db    ? ;
dseg:193F                 db    ? ;
dseg:1940                 db    ? ;
dseg:1941                 db    ? ;
dseg:1942                 db    ? ;
dseg:1943                 db    ? ;
dseg:1944                 db    ? ;
dseg:1945                 db    ? ;
dseg:1946                 db    ? ;
dseg:1947                 db    ? ;
dseg:1948                 db    ? ;
dseg:1949                 db    ? ;
dseg:194A                 db    ? ;
dseg:194B                 db    ? ;
dseg:194C                 db    ? ;
dseg:194D                 db    ? ;
dseg:194E                 db    ? ;
dseg:194F                 db    ? ;
dseg:1950                 db    ? ;
dseg:1951                 db    ? ;
dseg:1952                 db    ? ;
dseg:1953                 db    ? ;
dseg:1954                 db    ? ;
dseg:1955                 db    ? ;
dseg:1956                 db    ? ;
dseg:1957                 db    ? ;
dseg:1958                 db    ? ;
dseg:1959                 db    ? ;
dseg:195A                 db    ? ;
dseg:195B                 db    ? ;
dseg:195C                 db    ? ;
dseg:195D                 db    ? ;
dseg:195E                 db    ? ;
dseg:195F                 db    ? ;
dseg:1960                 db    ? ;
dseg:1961                 db    ? ;
dseg:1962                 db    ? ;
dseg:1963                 db    ? ;
dseg:1964                 db    ? ;
dseg:1965                 db    ? ;
dseg:1966                 db    ? ;
dseg:1967                 db    ? ;
dseg:1968                 db    ? ;
dseg:1969                 db    ? ;
dseg:196A                 db    ? ;
dseg:196B                 db    ? ;
dseg:196C                 db    ? ;
dseg:196D                 db    ? ;
dseg:196E                 db    ? ;
dseg:196F                 db    ? ;
dseg:1970                 db    ? ;
dseg:1971                 db    ? ;
dseg:1972                 db    ? ;
dseg:1973                 db    ? ;
dseg:1974                 db    ? ;
dseg:1975                 db    ? ;
dseg:1976                 db    ? ;
dseg:1977                 db    ? ;
dseg:1978                 db    ? ;
dseg:1979                 db    ? ;
dseg:197A                 db    ? ;
dseg:197B                 db    ? ;
dseg:197C                 db    ? ;
dseg:197D                 db    ? ;
dseg:197E                 db    ? ;
dseg:197F                 db    ? ;
dseg:1980                 db    ? ;
dseg:1981                 db    ? ;
dseg:1982                 db    ? ;
dseg:1983                 db    ? ;
dseg:1984                 db    ? ;
dseg:1985                 db    ? ;
dseg:1986                 db    ? ;
dseg:1987                 db    ? ;
dseg:1988                 db    ? ;
dseg:1989                 db    ? ;
dseg:198A                 db    ? ;
dseg:198B                 db    ? ;
dseg:198C                 db    ? ;
dseg:198D                 db    ? ;
dseg:198E                 db    ? ;
dseg:198F                 db    ? ;
dseg:1990                 db    ? ;
dseg:1991                 db    ? ;
dseg:1992                 db    ? ;
dseg:1993                 db    ? ;
dseg:1994                 db    ? ;
dseg:1995                 db    ? ;
dseg:1996                 db    ? ;
dseg:1997                 db    ? ;
dseg:1998                 db    ? ;
dseg:1999                 db    ? ;
dseg:199A                 db    ? ;
dseg:199B                 db    ? ;
dseg:199C                 db    ? ;
dseg:199D                 db    ? ;
dseg:199E                 db    ? ;
dseg:199F                 db    ? ;
dseg:19A0                 db    ? ;
dseg:19A1                 db    ? ;
dseg:19A2                 db    ? ;
dseg:19A3                 db    ? ;
dseg:19A4                 db    ? ;
dseg:19A5                 db    ? ;
dseg:19A6                 db    ? ;
dseg:19A7                 db    ? ;
dseg:19A8                 db    ? ;
dseg:19A9                 db    ? ;
dseg:19AA                 db    ? ;
dseg:19AB                 db    ? ;
dseg:19AC                 db    ? ;
dseg:19AD                 db    ? ;
dseg:19AE                 db    ? ;
dseg:19AF                 db    ? ;
dseg:19B0                 db    ? ;
dseg:19B1                 db    ? ;
dseg:19B2                 db    ? ;
dseg:19B3                 db    ? ;
dseg:19B4                 db    ? ;
dseg:19B5                 db    ? ;
dseg:19B6                 db    ? ;
dseg:19B7                 db    ? ;
dseg:19B8                 db    ? ;
dseg:19B9                 db    ? ;
dseg:19BA                 db    ? ;
dseg:19BB                 db    ? ;
dseg:19BC                 db    ? ;
dseg:19BD                 db    ? ;
dseg:19BE                 db    ? ;
dseg:19BF                 db    ? ;
dseg:19C0                 db    ? ;
dseg:19C1                 db    ? ;
dseg:19C2                 db    ? ;
dseg:19C3                 db    ? ;
dseg:19C4                 db    ? ;
dseg:19C5                 db    ? ;
dseg:19C6                 db    ? ;
dseg:19C7                 db    ? ;
dseg:19C8                 db    ? ;
dseg:19C9                 db    ? ;
dseg:19CA                 db    ? ;
dseg:19CB                 db    ? ;
dseg:19CC                 db    ? ;
dseg:19CD                 db    ? ;
dseg:19CE                 db    ? ;
dseg:19CF                 db    ? ;
dseg:19D0                 db    ? ;
dseg:19D1                 db    ? ;
dseg:19D2                 db    ? ;
dseg:19D3                 db    ? ;
dseg:19D4                 db    ? ;
dseg:19D5                 db    ? ;
dseg:19D6                 db    ? ;
dseg:19D7                 db    ? ;
dseg:19D8                 db    ? ;
dseg:19D9                 db    ? ;
dseg:19DA                 db    ? ;
dseg:19DB                 db    ? ;
dseg:19DC                 db    ? ;
dseg:19DD                 db    ? ;
dseg:19DE                 db    ? ;
dseg:19DF                 db    ? ;
dseg:19E0                 db    ? ;
dseg:19E1                 db    ? ;
dseg:19E2                 db    ? ;
dseg:19E3                 db    ? ;
dseg:19E4                 db    ? ;
dseg:19E5                 db    ? ;
dseg:19E6                 db    ? ;
dseg:19E7                 db    ? ;
dseg:19E8                 db    ? ;
dseg:19E9                 db    ? ;
dseg:19EA                 db    ? ;
dseg:19EB                 db    ? ;
dseg:19EC                 db    ? ;
dseg:19ED                 db    ? ;
dseg:19EE                 db    ? ;
dseg:19EF                 db    ? ;
dseg:19F0                 db    ? ;
dseg:19F1                 db    ? ;
dseg:19F2                 db    ? ;
dseg:19F3                 db    ? ;
dseg:19F4                 db    ? ;
dseg:19F5                 db    ? ;
dseg:19F6                 db    ? ;
dseg:19F7                 db    ? ;
dseg:19F8                 db    ? ;
dseg:19F9                 db    ? ;
dseg:19FA                 db    ? ;
dseg:19FB                 db    ? ;
dseg:19FC                 db    ? ;
dseg:19FD                 db    ? ;
dseg:19FE                 db    ? ;
dseg:19FF                 db    ? ;
dseg:1A00                 db    ? ;
dseg:1A01                 db    ? ;
dseg:1A02                 db    ? ;
dseg:1A03                 db    ? ;
dseg:1A04                 db    ? ;
dseg:1A05                 db    ? ;
dseg:1A06                 db    ? ;
dseg:1A07                 db    ? ;
dseg:1A08                 db    ? ;
dseg:1A09                 db    ? ;
dseg:1A0A                 db    ? ;
dseg:1A0B                 db    ? ;
dseg:1A0C                 db    ? ;
dseg:1A0D                 db    ? ;
dseg:1A0E                 db    ? ;
dseg:1A0F                 db    ? ;
dseg:1A10                 db    ? ;
dseg:1A11                 db    ? ;
dseg:1A12                 db    ? ;
dseg:1A13                 db    ? ;
dseg:1A14                 db    ? ;
dseg:1A15                 db    ? ;
dseg:1A16                 db    ? ;
dseg:1A17                 db    ? ;
dseg:1A18                 db    ? ;
dseg:1A19                 db    ? ;
dseg:1A1A                 db    ? ;
dseg:1A1B                 db    ? ;
dseg:1A1C                 db    ? ;
dseg:1A1D                 db    ? ;
dseg:1A1E                 db    ? ;
dseg:1A1F                 db    ? ;
dseg:1A20                 db    ? ;
dseg:1A21                 db    ? ;
dseg:1A22                 db    ? ;
dseg:1A23                 db    ? ;
dseg:1A24                 db    ? ;
dseg:1A25                 db    ? ;
dseg:1A26                 db    ? ;
dseg:1A27                 db    ? ;
dseg:1A28                 db    ? ;
dseg:1A29                 db    ? ;
dseg:1A2A                 db    ? ;
dseg:1A2B                 db    ? ;
dseg:1A2C                 db    ? ;
dseg:1A2D                 db    ? ;
dseg:1A2E                 db    ? ;
dseg:1A2F                 db    ? ;
dseg:1A30                 db    ? ;
dseg:1A31                 db    ? ;
dseg:1A32                 db    ? ;
dseg:1A33                 db    ? ;
dseg:1A34                 db    ? ;
dseg:1A35                 db    ? ;
dseg:1A36                 db    ? ;
dseg:1A37                 db    ? ;
dseg:1A38                 db    ? ;
dseg:1A39                 db    ? ;
dseg:1A3A                 db    ? ;
dseg:1A3B                 db    ? ;
dseg:1A3C                 db    ? ;
dseg:1A3D                 db    ? ;
dseg:1A3E                 db    ? ;
dseg:1A3F                 db    ? ;
dseg:1A40                 db    ? ;
dseg:1A41                 db    ? ;
dseg:1A42                 db    ? ;
dseg:1A43                 db    ? ;
dseg:1A44                 db    ? ;
dseg:1A45                 db    ? ;
dseg:1A46                 db    ? ;
dseg:1A47                 db    ? ;
dseg:1A48                 db    ? ;
dseg:1A49                 db    ? ;
dseg:1A4A                 db    ? ;
dseg:1A4B                 db    ? ;
dseg:1A4C                 db    ? ;
dseg:1A4D                 db    ? ;
dseg:1A4E                 db    ? ;
dseg:1A4F                 db    ? ;
dseg:1A50                 db    ? ;
dseg:1A51                 db    ? ;
dseg:1A52                 db    ? ;
dseg:1A53                 db    ? ;
dseg:1A54                 db    ? ;
dseg:1A55                 db    ? ;
dseg:1A56                 db    ? ;
dseg:1A57                 db    ? ;
dseg:1A58                 db    ? ;
dseg:1A59                 db    ? ;
dseg:1A5A                 db    ? ;
dseg:1A5B                 db    ? ;
dseg:1A5C                 db    ? ;
dseg:1A5D                 db    ? ;
dseg:1A5E                 db    ? ;
dseg:1A5F                 db    ? ;
dseg:1A60                 db    ? ;
dseg:1A61                 db    ? ;
dseg:1A62                 db    ? ;
dseg:1A63                 db    ? ;
dseg:1A64                 db    ? ;
dseg:1A65                 db    ? ;
dseg:1A66                 db    ? ;
dseg:1A67                 db    ? ;
dseg:1A68                 db    ? ;
dseg:1A69                 db    ? ;
dseg:1A6A                 db    ? ;
dseg:1A6B                 db    ? ;
dseg:1A6C                 db    ? ;
dseg:1A6D                 db    ? ;
dseg:1A6E                 db    ? ;
dseg:1A6F                 db    ? ;
dseg:1A70                 db    ? ;
dseg:1A71                 db    ? ;
dseg:1A72                 db    ? ;
dseg:1A73                 db    ? ;
dseg:1A74                 db    ? ;
dseg:1A75                 db    ? ;
dseg:1A76                 db    ? ;
dseg:1A77                 db    ? ;
dseg:1A78                 db    ? ;
dseg:1A79                 db    ? ;
dseg:1A7A                 db    ? ;
dseg:1A7B                 db    ? ;
dseg:1A7C                 db    ? ;
dseg:1A7D                 db    ? ;
dseg:1A7E                 db    ? ;
dseg:1A7F                 db    ? ;
dseg:1A80                 db    ? ;
dseg:1A81                 db    ? ;
dseg:1A82                 db    ? ;
dseg:1A83                 db    ? ;
dseg:1A84                 db    ? ;
dseg:1A85                 db    ? ;
dseg:1A86                 db    ? ;
dseg:1A87                 db    ? ;
dseg:1A88                 db    ? ;
dseg:1A89                 db    ? ;
dseg:1A8A                 db    ? ;
dseg:1A8B                 db    ? ;
dseg:1A8C                 db    ? ;
dseg:1A8D                 db    ? ;
dseg:1A8E                 db    ? ;
dseg:1A8F                 db    ? ;
dseg:1A90                 db    ? ;
dseg:1A91                 db    ? ;
dseg:1A92                 db    ? ;
dseg:1A93                 db    ? ;
dseg:1A94                 db    ? ;
dseg:1A95                 db    ? ;
dseg:1A96                 db    ? ;
dseg:1A97                 db    ? ;
dseg:1A98                 db    ? ;
dseg:1A99                 db    ? ;
dseg:1A9A                 db    ? ;
dseg:1A9B                 db    ? ;
dseg:1A9C                 db    ? ;
dseg:1A9D                 db    ? ;
dseg:1A9E                 db    ? ;
dseg:1A9F                 db    ? ;
dseg:1AA0                 db    ? ;
dseg:1AA1                 db    ? ;
dseg:1AA2                 db    ? ;
dseg:1AA3                 db    ? ;
dseg:1AA4                 db    ? ;
dseg:1AA5                 db    ? ;
dseg:1AA6                 db    ? ;
dseg:1AA7                 db    ? ;
dseg:1AA8                 db    ? ;
dseg:1AA9                 db    ? ;
dseg:1AAA                 db    ? ;
dseg:1AAB                 db    ? ;
dseg:1AAC                 db    ? ;
dseg:1AAD                 db    ? ;
dseg:1AAE                 db    ? ;
dseg:1AAF                 db    ? ;
dseg:1AB0                 db    ? ;
dseg:1AB1                 db    ? ;
dseg:1AB2                 db    ? ;
dseg:1AB3                 db    ? ;
dseg:1AB4                 db    ? ;
dseg:1AB5                 db    ? ;
dseg:1AB6                 db    ? ;
dseg:1AB7                 db    ? ;
dseg:1AB8                 db    ? ;
dseg:1AB9                 db    ? ;
dseg:1ABA                 db    ? ;
dseg:1ABB                 db    ? ;
dseg:1ABC                 db    ? ;
dseg:1ABD                 db    ? ;
dseg:1ABE                 db    ? ;
dseg:1ABF                 db    ? ;
dseg:1AC0                 db    ? ;
dseg:1AC1                 db    ? ;
dseg:1AC2                 db    ? ;
dseg:1AC3                 db    ? ;
dseg:1AC4                 db    ? ;
dseg:1AC5                 db    ? ;
dseg:1AC6                 db    ? ;
dseg:1AC7                 db    ? ;
dseg:1AC8                 db    ? ;
dseg:1AC9                 db    ? ;
dseg:1ACA                 db    ? ;
dseg:1ACB                 db    ? ;
dseg:1ACC                 db    ? ;
dseg:1ACD                 db    ? ;
dseg:1ACE                 db    ? ;
dseg:1ACF                 db    ? ;
dseg:1AD0                 db    ? ;
dseg:1AD1                 db    ? ;
dseg:1AD2                 db    ? ;
dseg:1AD3                 db    ? ;
dseg:1AD4                 db    ? ;
dseg:1AD5                 db    ? ;
dseg:1AD6                 db    ? ;
dseg:1AD7                 db    ? ;
dseg:1AD8                 db    ? ;
dseg:1AD9                 db    ? ;
dseg:1ADA                 db    ? ;
dseg:1ADB                 db    ? ;
dseg:1ADC                 db    ? ;
dseg:1ADD                 db    ? ;
dseg:1ADE                 db    ? ;
dseg:1ADF                 db    ? ;
dseg:1AE0                 db    ? ;
dseg:1AE1                 db    ? ;
dseg:1AE2                 db    ? ;
dseg:1AE3                 db    ? ;
dseg:1AE4                 db    ? ;
dseg:1AE5                 db    ? ;
dseg:1AE6                 db    ? ;
dseg:1AE7                 db    ? ;
dseg:1AE8                 db    ? ;
dseg:1AE9                 db    ? ;
dseg:1AEA                 db    ? ;
dseg:1AEB                 db    ? ;
dseg:1AEC                 db    ? ;
dseg:1AED                 db    ? ;
dseg:1AEE                 db    ? ;
dseg:1AEF                 db    ? ;
dseg:1AF0                 db    ? ;
dseg:1AF1                 db    ? ;
dseg:1AF2                 db    ? ;
dseg:1AF3                 db    ? ;
dseg:1AF4                 db    ? ;
dseg:1AF5                 db    ? ;
dseg:1AF6                 db    ? ;
dseg:1AF7                 db    ? ;
dseg:1AF8                 db    ? ;
dseg:1AF9                 db    ? ;
dseg:1AFA                 db    ? ;
dseg:1AFB                 db    ? ;
dseg:1AFC                 db    ? ;
dseg:1AFD                 db    ? ;
dseg:1AFE                 db    ? ;
dseg:1AFF                 db    ? ;
dseg:1B00                 db    ? ;
dseg:1B01                 db    ? ;
dseg:1B02                 db    ? ;
dseg:1B03                 db    ? ;
dseg:1B04                 db    ? ;
dseg:1B05                 db    ? ;
dseg:1B06                 db    ? ;
dseg:1B07                 db    ? ;
dseg:1B08                 db    ? ;
dseg:1B09                 db    ? ;
dseg:1B0A                 db    ? ;
dseg:1B0B                 db    ? ;
dseg:1B0C                 db    ? ;
dseg:1B0D                 db    ? ;
dseg:1B0E                 db    ? ;
dseg:1B0F                 db    ? ;
dseg:1B10                 db    ? ;
dseg:1B11                 db    ? ;
dseg:1B12                 db    ? ;
dseg:1B13                 db    ? ;
dseg:1B14                 db    ? ;
dseg:1B15                 db    ? ;
dseg:1B16                 db    ? ;
dseg:1B17                 db    ? ;
dseg:1B18                 db    ? ;
dseg:1B19                 db    ? ;
dseg:1B1A                 db    ? ;
dseg:1B1B                 db    ? ;
dseg:1B1C                 db    ? ;
dseg:1B1D                 db    ? ;
dseg:1B1E                 db    ? ;
dseg:1B1F                 db    ? ;
dseg:1B20                 db    ? ;
dseg:1B21                 db    ? ;
dseg:1B22                 db    ? ;
dseg:1B23                 db    ? ;
dseg:1B24                 db    ? ;
dseg:1B25                 db    ? ;
dseg:1B26                 db    ? ;
dseg:1B27                 db    ? ;
dseg:1B28                 db    ? ;
dseg:1B29                 db    ? ;
dseg:1B2A                 db    ? ;
dseg:1B2B                 db    ? ;
dseg:1B2C                 db    ? ;
dseg:1B2D                 db    ? ;
dseg:1B2E                 db    ? ;
dseg:1B2F                 db    ? ;
dseg:1B30                 db    ? ;
dseg:1B31                 db    ? ;
dseg:1B32                 db    ? ;
dseg:1B33                 db    ? ;
dseg:1B34                 db    ? ;
dseg:1B35                 db    ? ;
dseg:1B36                 db    ? ;
dseg:1B37                 db    ? ;
dseg:1B38                 db    ? ;
dseg:1B39                 db    ? ;
dseg:1B3A                 db    ? ;
dseg:1B3B                 db    ? ;
dseg:1B3C                 db    ? ;
dseg:1B3D                 db    ? ;
dseg:1B3E                 db    ? ;
dseg:1B3F                 db    ? ;
dseg:1B40                 db    ? ;
dseg:1B41                 db    ? ;
dseg:1B42                 db    ? ;
dseg:1B43                 db    ? ;
dseg:1B44                 db    ? ;
dseg:1B45                 db    ? ;
dseg:1B46                 db    ? ;
dseg:1B47                 db    ? ;
dseg:1B48                 db    ? ;
dseg:1B49                 db    ? ;
dseg:1B4A                 db    ? ;
dseg:1B4B                 db    ? ;
dseg:1B4C                 db    ? ;
dseg:1B4D                 db    ? ;
dseg:1B4E                 db    ? ;
dseg:1B4F                 db    ? ;
dseg:1B50                 db    ? ;
dseg:1B51                 db    ? ;
dseg:1B52                 db    ? ;
dseg:1B53                 db    ? ;
dseg:1B54                 db    ? ;
dseg:1B55                 db    ? ;
dseg:1B56                 db    ? ;
dseg:1B57                 db    ? ;
dseg:1B58                 db    ? ;
dseg:1B59                 db    ? ;
dseg:1B5A                 db    ? ;
dseg:1B5B                 db    ? ;
dseg:1B5C                 db    ? ;
dseg:1B5D                 db    ? ;
dseg:1B5E                 db    ? ;
dseg:1B5F                 db    ? ;
dseg:1B60                 db    ? ;
dseg:1B61                 db    ? ;
dseg:1B62                 db    ? ;
dseg:1B63                 db    ? ;
dseg:1B64                 db    ? ;
dseg:1B65                 db    ? ;
dseg:1B66                 db    ? ;
dseg:1B67                 db    ? ;
dseg:1B68                 db    ? ;
dseg:1B69                 db    ? ;
dseg:1B6A                 db    ? ;
dseg:1B6B                 db    ? ;
dseg:1B6C                 db    ? ;
dseg:1B6D                 db    ? ;
dseg:1B6E                 db    ? ;
dseg:1B6F                 db    ? ;
dseg:1B70                 db    ? ;
dseg:1B71                 db    ? ;
dseg:1B72                 db    ? ;
dseg:1B73                 db    ? ;
dseg:1B74                 db    ? ;
dseg:1B75                 db    ? ;
dseg:1B76                 db    ? ;
dseg:1B77                 db    ? ;
dseg:1B78                 db    ? ;
dseg:1B79                 db    ? ;
dseg:1B7A                 db    ? ;
dseg:1B7B                 db    ? ;
dseg:1B7C                 db    ? ;
dseg:1B7D                 db    ? ;
dseg:1B7E                 db    ? ;
dseg:1B7F                 db    ? ;
dseg:1B80                 db    ? ;
dseg:1B81                 db    ? ;
dseg:1B82                 db    ? ;
dseg:1B83                 db    ? ;
dseg:1B84                 db    ? ;
dseg:1B85                 db    ? ;
dseg:1B86                 db    ? ;
dseg:1B87                 db    ? ;
dseg:1B88                 db    ? ;
dseg:1B89                 db    ? ;
dseg:1B8A                 db    ? ;
dseg:1B8B                 db    ? ;
dseg:1B8C                 db    ? ;
dseg:1B8D                 db    ? ;
dseg:1B8E                 db    ? ;
dseg:1B8F                 db    ? ;
dseg:1B90                 db    ? ;
dseg:1B91                 db    ? ;
dseg:1B92                 db    ? ;
dseg:1B93                 db    ? ;
dseg:1B94                 db    ? ;
dseg:1B95                 db    ? ;
dseg:1B96                 db    ? ;
dseg:1B97                 db    ? ;
dseg:1B98                 db    ? ;
dseg:1B99                 db    ? ;
dseg:1B9A                 db    ? ;
dseg:1B9B                 db    ? ;
dseg:1B9C                 db    ? ;
dseg:1B9D                 db    ? ;
dseg:1B9E                 db    ? ;
dseg:1B9F                 db    ? ;
dseg:1BA0                 db    ? ;
dseg:1BA1                 db    ? ;
dseg:1BA2                 db    ? ;
dseg:1BA3                 db    ? ;
dseg:1BA4                 db    ? ;
dseg:1BA5                 db    ? ;
dseg:1BA6                 db    ? ;
dseg:1BA7                 db    ? ;
dseg:1BA8                 db    ? ;
dseg:1BA9                 db    ? ;
dseg:1BAA                 db    ? ;
dseg:1BAB                 db    ? ;
dseg:1BAC                 db    ? ;
dseg:1BAD                 db    ? ;
dseg:1BAE                 db    ? ;
dseg:1BAF                 db    ? ;
dseg:1BB0                 db    ? ;
dseg:1BB1                 db    ? ;
dseg:1BB2                 db    ? ;
dseg:1BB3                 db    ? ;
dseg:1BB4                 db    ? ;
dseg:1BB5                 db    ? ;
dseg:1BB6                 db    ? ;
dseg:1BB7                 db    ? ;
dseg:1BB8                 db    ? ;
dseg:1BB9                 db    ? ;
dseg:1BBA                 db    ? ;
dseg:1BBB                 db    ? ;
dseg:1BBC                 db    ? ;
dseg:1BBD                 db    ? ;
dseg:1BBE                 db    ? ;
dseg:1BBF                 db    ? ;
dseg:1BC0                 db    ? ;
dseg:1BC1                 db    ? ;
dseg:1BC2                 db    ? ;
dseg:1BC3                 db    ? ;
dseg:1BC4                 db    ? ;
dseg:1BC5                 db    ? ;
dseg:1BC6                 db    ? ;
dseg:1BC7                 db    ? ;
dseg:1BC8                 db    ? ;
dseg:1BC9                 db    ? ;
dseg:1BCA                 db    ? ;
dseg:1BCB                 db    ? ;
dseg:1BCC                 db    ? ;
dseg:1BCD                 db    ? ;
dseg:1BCE                 db    ? ;
dseg:1BCF                 db    ? ;
dseg:1BD0                 db    ? ;
dseg:1BD1                 db    ? ;
dseg:1BD2                 db    ? ;
dseg:1BD3                 db    ? ;
dseg:1BD4                 db    ? ;
dseg:1BD5                 db    ? ;
dseg:1BD6                 db    ? ;
dseg:1BD7                 db    ? ;
dseg:1BD8                 db    ? ;
dseg:1BD9                 db    ? ;
dseg:1BDA                 db    ? ;
dseg:1BDB                 db    ? ;
dseg:1BDC                 db    ? ;
dseg:1BDD                 db    ? ;
dseg:1BDE                 db    ? ;
dseg:1BDF                 db    ? ;
dseg:1BE0                 db    ? ;
dseg:1BE1                 db    ? ;
dseg:1BE2                 db    ? ;
dseg:1BE3                 db    ? ;
dseg:1BE4                 db    ? ;
dseg:1BE5                 db    ? ;
dseg:1BE6                 db    ? ;
dseg:1BE7                 db    ? ;
dseg:1BE8                 db    ? ;
dseg:1BE9                 db    ? ;
dseg:1BEA                 db    ? ;
dseg:1BEB                 db    ? ;
dseg:1BEC                 db    ? ;
dseg:1BED                 db    ? ;
dseg:1BEE                 db    ? ;
dseg:1BEF                 db    ? ;
dseg:1BF0                 db    ? ;
dseg:1BF1                 db    ? ;
dseg:1BF2                 db    ? ;
dseg:1BF3                 db    ? ;
dseg:1BF4                 db    ? ;
dseg:1BF5                 db    ? ;
dseg:1BF6                 db    ? ;
dseg:1BF7                 db    ? ;
dseg:1BF8                 db    ? ;
dseg:1BF9                 db    ? ;
dseg:1BFA                 db    ? ;
dseg:1BFB                 db    ? ;
dseg:1BFC                 db    ? ;
dseg:1BFD                 db    ? ;
dseg:1BFE                 db    ? ;
dseg:1BFF                 db    ? ;
dseg:1C00                 db    ? ;
dseg:1C01                 db    ? ;
dseg:1C02                 db    ? ;
dseg:1C03                 db    ? ;
dseg:1C04                 db    ? ;
dseg:1C05                 db    ? ;
dseg:1C06                 db    ? ;
dseg:1C07                 db    ? ;
dseg:1C08                 db    ? ;
dseg:1C09                 db    ? ;
dseg:1C0A                 db    ? ;
dseg:1C0B                 db    ? ;
dseg:1C0C                 db    ? ;
dseg:1C0D                 db    ? ;
dseg:1C0E                 db    ? ;
dseg:1C0F                 db    ? ;
dseg:1C10                 db    ? ;
dseg:1C11                 db    ? ;
dseg:1C12                 db    ? ;
dseg:1C13                 db    ? ;
dseg:1C14                 db    ? ;
dseg:1C15                 db    ? ;
dseg:1C16                 db    ? ;
dseg:1C17                 db    ? ;
dseg:1C18                 db    ? ;
dseg:1C19                 db    ? ;
dseg:1C1A                 db    ? ;
dseg:1C1B                 db    ? ;
dseg:1C1C                 db    ? ;
dseg:1C1D                 db    ? ;
dseg:1C1E                 db    ? ;
dseg:1C1F                 db    ? ;
dseg:1C20                 db    ? ;
dseg:1C21                 db    ? ;
dseg:1C22                 db    ? ;
dseg:1C23                 db    ? ;
dseg:1C24                 db    ? ;
dseg:1C25                 db    ? ;
dseg:1C26                 db    ? ;
dseg:1C27                 db    ? ;
dseg:1C28                 db    ? ;
dseg:1C29                 db    ? ;
dseg:1C2A                 db    ? ;
dseg:1C2B                 db    ? ;
dseg:1C2C                 db    ? ;
dseg:1C2D                 db    ? ;
dseg:1C2E                 db    ? ;
dseg:1C2F                 db    ? ;
dseg:1C30                 db    ? ;
dseg:1C31                 db    ? ;
dseg:1C32                 db    ? ;
dseg:1C33                 db    ? ;
dseg:1C34                 db    ? ;
dseg:1C35                 db    ? ;
dseg:1C36                 db    ? ;
dseg:1C37                 db    ? ;
dseg:1C38                 db    ? ;
dseg:1C39                 db    ? ;
dseg:1C3A                 db    ? ;
dseg:1C3B                 db    ? ;
dseg:1C3C                 db    ? ;
dseg:1C3D                 db    ? ;
dseg:1C3E                 db    ? ;
dseg:1C3F                 db    ? ;
dseg:1C40                 db    ? ;
dseg:1C41                 db    ? ;
dseg:1C42                 db    ? ;
dseg:1C43                 db    ? ;
dseg:1C44                 db    ? ;
dseg:1C45                 db    ? ;
dseg:1C46                 db    ? ;
dseg:1C47                 db    ? ;
dseg:1C48                 db    ? ;
dseg:1C49                 db    ? ;
dseg:1C4A                 db    ? ;
dseg:1C4B                 db    ? ;
dseg:1C4C                 db    ? ;
dseg:1C4D                 db    ? ;
dseg:1C4E                 db    ? ;
dseg:1C4F                 db    ? ;
dseg:1C50                 db    ? ;
dseg:1C51                 db    ? ;
dseg:1C52                 db    ? ;
dseg:1C53                 db    ? ;
dseg:1C54                 db    ? ;
dseg:1C55                 db    ? ;
dseg:1C56                 db    ? ;
dseg:1C57                 db    ? ;
dseg:1C58                 db    ? ;
dseg:1C59                 db    ? ;
dseg:1C5A                 db    ? ;
dseg:1C5B                 db    ? ;
dseg:1C5C                 db    ? ;
dseg:1C5D                 db    ? ;
dseg:1C5E                 db    ? ;
dseg:1C5F                 db    ? ;
dseg:1C60                 db    ? ;
dseg:1C61                 db    ? ;
dseg:1C62                 db    ? ;
dseg:1C63                 db    ? ;
dseg:1C64                 db    ? ;
dseg:1C65                 db    ? ;
dseg:1C66                 db    ? ;
dseg:1C67                 db    ? ;
dseg:1C68                 db    ? ;
dseg:1C69                 db    ? ;
dseg:1C6A                 db    ? ;
dseg:1C6B                 db    ? ;
dseg:1C6C                 db    ? ;
dseg:1C6D                 db    ? ;
dseg:1C6E                 db    ? ;
dseg:1C6F                 db    ? ;
dseg:1C70                 db    ? ;
dseg:1C71                 db    ? ;
dseg:1C72                 db    ? ;
dseg:1C73                 db    ? ;
dseg:1C74                 db    ? ;
dseg:1C75                 db    ? ;
dseg:1C76                 db    ? ;
dseg:1C77                 db    ? ;
dseg:1C78                 db    ? ;
dseg:1C79                 db    ? ;
dseg:1C7A                 db    ? ;
dseg:1C7B                 db    ? ;
dseg:1C7C                 db    ? ;
dseg:1C7D                 db    ? ;
dseg:1C7E                 db    ? ;
dseg:1C7F                 db    ? ;
dseg:1C80                 db    ? ;
dseg:1C81                 db    ? ;
dseg:1C82                 db    ? ;
dseg:1C83                 db    ? ;
dseg:1C84                 db    ? ;
dseg:1C85                 db    ? ;
dseg:1C86                 db    ? ;
dseg:1C87                 db    ? ;
dseg:1C88                 db    ? ;
dseg:1C89                 db    ? ;
dseg:1C8A                 db    ? ;
dseg:1C8B                 db    ? ;
dseg:1C8C                 db    ? ;
dseg:1C8D                 db    ? ;
dseg:1C8E                 db    ? ;
dseg:1C8F                 db    ? ;
dseg:1C90                 db    ? ;
dseg:1C91                 db    ? ;
dseg:1C92                 db    ? ;
dseg:1C93                 db    ? ;
dseg:1C94                 db    ? ;
dseg:1C95                 db    ? ;
dseg:1C96                 db    ? ;
dseg:1C97                 db    ? ;
dseg:1C98                 db    ? ;
dseg:1C99                 db    ? ;
dseg:1C9A                 db    ? ;
dseg:1C9B                 db    ? ;
dseg:1C9C                 db    ? ;
dseg:1C9D                 db    ? ;
dseg:1C9E                 db    ? ;
dseg:1C9F                 db    ? ;
dseg:1CA0                 db    ? ;
dseg:1CA1                 db    ? ;
dseg:1CA2                 db    ? ;
dseg:1CA3                 db    ? ;
dseg:1CA4                 db    ? ;
dseg:1CA5                 db    ? ;
dseg:1CA6                 db    ? ;
dseg:1CA7                 db    ? ;
dseg:1CA8                 db    ? ;
dseg:1CA9                 db    ? ;
dseg:1CAA                 db    ? ;
dseg:1CAB                 db    ? ;
dseg:1CAC                 db    ? ;
dseg:1CAD                 db    ? ;
dseg:1CAE                 db    ? ;
dseg:1CAF                 db    ? ;
dseg:1CB0                 db    ? ;
dseg:1CB1                 db    ? ;
dseg:1CB2                 db    ? ;
dseg:1CB3                 db    ? ;
dseg:1CB4                 db    ? ;
dseg:1CB5                 db    ? ;
dseg:1CB6                 db    ? ;
dseg:1CB7                 db    ? ;
dseg:1CB8                 db    ? ;
dseg:1CB9                 db    ? ;
dseg:1CBA                 db    ? ;
dseg:1CBB                 db    ? ;
dseg:1CBC                 db    ? ;
dseg:1CBD                 db    ? ;
dseg:1CBE                 db    ? ;
dseg:1CBF                 db    ? ;
dseg:1CC0                 db    ? ;
dseg:1CC1                 db    ? ;
dseg:1CC2                 db    ? ;
dseg:1CC3                 db    ? ;
dseg:1CC4                 db    ? ;
dseg:1CC5                 db    ? ;
dseg:1CC6                 db    ? ;
dseg:1CC7                 db    ? ;
dseg:1CC8                 db    ? ;
dseg:1CC9                 db    ? ;
dseg:1CCA                 db    ? ;
dseg:1CCB                 db    ? ;
dseg:1CCC                 db    ? ;
dseg:1CCD                 db    ? ;
dseg:1CCE                 db    ? ;
dseg:1CCF                 db    ? ;
dseg:1CD0                 db    ? ;
dseg:1CD1                 db    ? ;
dseg:1CD2                 db    ? ;
dseg:1CD3                 db    ? ;
dseg:1CD4                 db    ? ;
dseg:1CD5                 db    ? ;
dseg:1CD6                 db    ? ;
dseg:1CD7                 db    ? ;
dseg:1CD8                 db    ? ;
dseg:1CD9                 db    ? ;
dseg:1CDA                 db    ? ;
dseg:1CDB                 db    ? ;
dseg:1CDC                 db    ? ;
dseg:1CDD                 db    ? ;
dseg:1CDE                 db    ? ;
dseg:1CDF                 db    ? ;
dseg:1CE0                 db    ? ;
dseg:1CE1                 db    ? ;
dseg:1CE2                 db    ? ;
dseg:1CE3                 db    ? ;
dseg:1CE4                 db    ? ;
dseg:1CE5                 db    ? ;
dseg:1CE6                 db    ? ;
dseg:1CE7                 db    ? ;
dseg:1CE8                 db    ? ;
dseg:1CE9                 db    ? ;
dseg:1CEA                 db    ? ;
dseg:1CEB                 db    ? ;
dseg:1CEC                 db    ? ;
dseg:1CED                 db    ? ;
dseg:1CEE                 db    ? ;
dseg:1CEF                 db    ? ;
dseg:1CF0                 db    ? ;
dseg:1CF1                 db    ? ;
dseg:1CF2                 db    ? ;
dseg:1CF3                 db    ? ;
dseg:1CF4                 db    ? ;
dseg:1CF5                 db    ? ;
dseg:1CF6                 db    ? ;
dseg:1CF7                 db    ? ;
dseg:1CF8                 db    ? ;
dseg:1CF9                 db    ? ;
dseg:1CFA                 db    ? ;
dseg:1CFB                 db    ? ;
dseg:1CFC                 db    ? ;
dseg:1CFD                 db    ? ;
dseg:1CFE                 db    ? ;
dseg:1CFF                 db    ? ;
dseg:1D00                 db    ? ;
dseg:1D01                 db    ? ;
dseg:1D02                 db    ? ;
dseg:1D03                 db    ? ;
dseg:1D04                 db    ? ;
dseg:1D05                 db    ? ;
dseg:1D06                 db    ? ;
dseg:1D07                 db    ? ;
dseg:1D08                 db    ? ;
dseg:1D09                 db    ? ;
dseg:1D0A                 db    ? ;
dseg:1D0B                 db    ? ;
dseg:1D0C                 db    ? ;
dseg:1D0D                 db    ? ;
dseg:1D0E                 db    ? ;
dseg:1D0F                 db    ? ;
dseg:1D10                 db    ? ;
dseg:1D11                 db    ? ;
dseg:1D12                 db    ? ;
dseg:1D13                 db    ? ;
dseg:1D14                 db    ? ;
dseg:1D15                 db    ? ;
dseg:1D16                 db    ? ;
dseg:1D17                 db    ? ;
dseg:1D18                 db    ? ;
dseg:1D19                 db    ? ;
dseg:1D1A                 db    ? ;
dseg:1D1B                 db    ? ;
dseg:1D1C                 db    ? ;
dseg:1D1D                 db    ? ;
dseg:1D1E                 db    ? ;
dseg:1D1F                 db    ? ;
dseg:1D20                 db    ? ;
dseg:1D21                 db    ? ;
dseg:1D22                 db    ? ;
dseg:1D23                 db    ? ;
dseg:1D24                 db    ? ;
dseg:1D25                 db    ? ;
dseg:1D26 word_15F46      dw ?                    ; DATA XREF: _sprintf+38↑r
dseg:1D26                                         ; _sprintf+3C↑w
dseg:1D28 word_15F48      dw ?                    ; DATA XREF: _sprintf+18↑w
dseg:1D28                                         ; _sprintf+32↑w
dseg:1D2A word_15F4A      dw ?                    ; DATA XREF: _sprintf+10↑w
dseg:1D2C byte_15F4C      db ?                    ; DATA XREF: _sprintf+8↑w
dseg:1D2D                 align 4
dseg:1D30 word_15F50      dw ?                    ; DATA XREF: sub_10C06+D↑w
dseg:1D30                                         ; sub_12F5C+E↑r ...
dseg:1D32 byte_15F52      db ?                    ; DATA XREF: sub_1011E+40↑w
dseg:1D33 byte_15F53      db ?                    ; DATA XREF: sub_1011E+3B↑w
dseg:1D33                                         ; sub_102F4+4C↑w ...
dseg:1D34 byte_15F54      db ?                    ; DATA XREF: sub_1011E+27↑w
dseg:1D34                                         ; sub_1011E+2C↑r ...
dseg:1D35 byte_15F55      db ?                    ; DATA XREF: sub_1011E+5B↑r
dseg:1D35                                         ; sub_1011E:loc_10190↑r ...
dseg:1D36                 db    ? ;
dseg:1D37                 db    ? ;
dseg:1D38                 db    ? ;
dseg:1D39                 db    ? ;
dseg:1D3A                 db    ? ;
dseg:1D3B                 db    ? ;
dseg:1D3C                 db    ? ;
dseg:1D3D                 db    ? ;
dseg:1D3E word_15F5E      dw ?                    ; DATA XREF: sub_10C7A+B↑r
dseg:1D40 word_15F60      dw ?                    ; DATA XREF: sub_10C7A+E↑r
dseg:1D40                                         ; sub_10C7A+14↑r
dseg:1D42 word_15F62      dw ?                    ; DATA XREF: seg000:075F↑w
dseg:1D44 word_15F64      dw ?                    ; DATA XREF: sub_102F4+9A↑w
dseg:1D44                                         ; seg000:0718↑w
dseg:1D46 word_15F66      dw ?                    ; DATA XREF: seg000:0765↑w
dseg:1D48 word_15F68      dw ?                    ; DATA XREF: sub_102F4+9D↑w
dseg:1D48                                         ; seg000:071E↑w
dseg:1D4A word_15F6A      dw ?                    ; DATA XREF: seg000:076B↑w
dseg:1D4C word_15F6C      dw ?                    ; DATA XREF: seg000:0724↑w
dseg:1D4E word_15F6E      dw ?                    ; DATA XREF: sub_102F4+5C↑w
dseg:1D4E                                         ; sub_10D3E+1EE↑r ...
dseg:1D50 word_15F70      dw ?                    ; DATA XREF: sub_1011E+FC↑r
dseg:1D50                                         ; sub_102F4+153↑w
dseg:1D52 word_15F72      dw ?                    ; DATA XREF: sub_102F4+146↑w
dseg:1D54 word_15F74      dw ?                    ; DATA XREF: sub_1011E+113↑r
dseg:1D54                                         ; sub_102F4+15B↑w
dseg:1D56 word_15F76      dw ?                    ; DATA XREF: sub_1011E+11B↑r
dseg:1D56                                         ; sub_102F4+162↑w
dseg:1D58                 db    ? ;
dseg:1D59                 db    ? ;
dseg:1D5A word_15F7A      dw ?                    ; DATA XREF: sub_1011E+150↑w
dseg:1D5A                                         ; sub_102F4+76↑r
dseg:1D5C word_15F7C      dw ?                    ; DATA XREF: sub_10C06+65↑w
dseg:1D5C                                         ; sub_10C06+68↑r ...
dseg:1D5E word_15F7E      dw ?                    ; DATA XREF: sub_1011E+131↑r
dseg:1D5E                                         ; sub_102F4+3A↑r ...
dseg:1D60 word_15F80      dw ?                    ; DATA XREF: sub_1011E+C0↑w
dseg:1D60                                         ; sub_102F4+D3↑r ...
dseg:1D62 word_15F82      dw ?                    ; DATA XREF: sub_1011E:loc_10163↑w
dseg:1D62                                         ; sub_1011E+69↑w ...
dseg:1D64 byte_15F84      db ?                    ; DATA XREF: sub_10028+C↑w
dseg:1D64                                         ; sub_10028:loc_10086↑w ...
dseg:1D65                 align 2
dseg:1D66 word_15F86      dw ?                    ; DATA XREF: sub_102F4:loc_10324↑r
dseg:1D66                                         ; sub_104AA+26↑r ...
dseg:1D68 word_15F88      dw ?                    ; DATA XREF: sub_1011E+79↑w
dseg:1D68                                         ; sub_1011E+89↑w ...
dseg:1D6A                 db    ? ;
dseg:1D6B                 db    ? ;
dseg:1D6C                 db    ? ;
dseg:1D6D                 db    ? ;
dseg:1D6E                 db    ? ;
dseg:1D6F                 db    ? ;
dseg:1D70                 db    ? ;
dseg:1D71                 db    ? ;
dseg:1D72                 db    ? ;
dseg:1D73                 db    ? ;
dseg:1D74                 db    ? ;
dseg:1D75                 db    ? ;
dseg:1D76                 db    ? ;
dseg:1D77                 db    ? ;
dseg:1D78                 db    ? ;
dseg:1D79                 db    ? ;
dseg:1D7A                 db    ? ;
dseg:1D7B                 db    ? ;
dseg:1D7C                 db    ? ;
dseg:1D7D                 db    ? ;
dseg:1D7E                 db    ? ;
dseg:1D7F                 db    ? ;
dseg:1D80                 db    ? ;
dseg:1D81                 db    ? ;
dseg:1D82                 db    ? ;
dseg:1D83                 db    ? ;
dseg:1D84                 db    ? ;
dseg:1D85                 db    ? ;
dseg:1D86                 db    ? ;
dseg:1D87                 db    ? ;
dseg:1D88                 db    ? ;
dseg:1D89                 db    ? ;
dseg:1D8A                 db    ? ;
dseg:1D8B                 db    ? ;
dseg:1D8C                 db    ? ;
dseg:1D8D                 db    ? ;
dseg:1D8E                 db    ? ;
dseg:1D8F                 db    ? ;
dseg:1D90                 db    ? ;
dseg:1D91                 db    ? ;
dseg:1D92                 db    ? ;
dseg:1D93                 db    ? ;
dseg:1D94                 db    ? ;
dseg:1D95                 db    ? ;
dseg:1D96                 db    ? ;
dseg:1D97                 db    ? ;
dseg:1D98                 db    ? ;
dseg:1D99                 db    ? ;
dseg:1D9A                 db    ? ;
dseg:1D9B                 db    ? ;
dseg:1D9C                 db    ? ;
dseg:1D9D                 db    ? ;
dseg:1D9E                 db    ? ;
dseg:1D9F                 db    ? ;
dseg:1DA0                 db    ? ;
dseg:1DA1                 db    ? ;
dseg:1DA2                 db    ? ;
dseg:1DA3                 db    ? ;
dseg:1DA4                 db    ? ;
dseg:1DA5                 db    ? ;
dseg:1DA6                 db    ? ;
dseg:1DA7                 db    ? ;
dseg:1DA8                 db    ? ;
dseg:1DA9                 db    ? ;
dseg:1DAA                 db    ? ;
dseg:1DAB                 db    ? ;
dseg:1DAC                 db    ? ;
dseg:1DAD                 db    ? ;
dseg:1DAE                 db    ? ;
dseg:1DAF                 db    ? ;
dseg:1DB0                 db    ? ;
dseg:1DB1                 db    ? ;
dseg:1DB2                 db    ? ;
dseg:1DB3                 db    ? ;
dseg:1DB4                 db    ? ;
dseg:1DB5                 db    ? ;
dseg:1DB6                 db    ? ;
dseg:1DB7                 db    ? ;
dseg:1DB8                 db    ? ;
dseg:1DB9                 db    ? ;
dseg:1DBA                 db    ? ;
dseg:1DBB                 db    ? ;
dseg:1DBC                 db    ? ;
dseg:1DBD                 db    ? ;
dseg:1DBE                 db    ? ;
dseg:1DBF                 db    ? ;
dseg:1DC0                 db    ? ;
dseg:1DC1                 db    ? ;
dseg:1DC2                 db    ? ;
dseg:1DC3                 db    ? ;
dseg:1DC4                 db    ? ;
dseg:1DC5                 db    ? ;
dseg:1DC6                 db    ? ;
dseg:1DC7                 db    ? ;
dseg:1DC8                 db    ? ;
dseg:1DC9                 db    ? ;
dseg:1DCA                 db    ? ;
dseg:1DCB                 db    ? ;
dseg:1DCC                 db    ? ;
dseg:1DCD                 db    ? ;
dseg:1DCE                 db    ? ;
dseg:1DCF                 db    ? ;
dseg:1DD0                 db    ? ;
dseg:1DD1                 db    ? ;
dseg:1DD2                 db    ? ;
dseg:1DD3                 db    ? ;
dseg:1DD4                 db    ? ;
dseg:1DD5                 db    ? ;
dseg:1DD6                 db    ? ;
dseg:1DD7                 db    ? ;
dseg:1DD8                 db    ? ;
dseg:1DD9                 db    ? ;
dseg:1DDA                 db    ? ;
dseg:1DDB                 db    ? ;
dseg:1DDC                 db    ? ;
dseg:1DDD                 db    ? ;
dseg:1DDE                 db    ? ;
dseg:1DDF                 db    ? ;
dseg:1DE0                 db    ? ;
dseg:1DE1                 db    ? ;
dseg:1DE2                 db    ? ;
dseg:1DE3                 db    ? ;
dseg:1DE4                 db    ? ;
dseg:1DE5                 db    ? ;
dseg:1DE6                 db    ? ;
dseg:1DE7                 db    ? ;
dseg:1DE8                 db    ? ;
dseg:1DE9                 db    ? ;
dseg:1DEA                 db    ? ;
dseg:1DEB                 db    ? ;
dseg:1DEC                 db    ? ;
dseg:1DED                 db    ? ;
dseg:1DEE                 db    ? ;
dseg:1DEF                 db    ? ;
dseg:1DF0                 db    ? ;
dseg:1DF1                 db    ? ;
dseg:1DF2                 db    ? ;
dseg:1DF3                 db    ? ;
dseg:1DF4                 db    ? ;
dseg:1DF5                 db    ? ;
dseg:1DF6                 db    ? ;
dseg:1DF7                 db    ? ;
dseg:1DF8                 db    ? ;
dseg:1DF9                 db    ? ;
dseg:1DFA                 db    ? ;
dseg:1DFB                 db    ? ;
dseg:1DFC                 db    ? ;
dseg:1DFD                 db    ? ;
dseg:1DFE                 db    ? ;
dseg:1DFF                 db    ? ;
dseg:1E00                 db    ? ;
dseg:1E01                 db    ? ;
dseg:1E02                 db    ? ;
dseg:1E03                 db    ? ;
dseg:1E04                 db    ? ;
dseg:1E05                 db    ? ;
dseg:1E06                 db    ? ;
dseg:1E07                 db    ? ;
dseg:1E08                 db    ? ;
dseg:1E09                 db    ? ;
dseg:1E0A                 db    ? ;
dseg:1E0B                 db    ? ;
dseg:1E0C                 db    ? ;
dseg:1E0D                 db    ? ;
dseg:1E0E                 db    ? ;
dseg:1E0F                 db    ? ;
dseg:1E10                 db    ? ;
dseg:1E11                 db    ? ;
dseg:1E12                 db    ? ;
dseg:1E13                 db    ? ;
dseg:1E14                 db    ? ;
dseg:1E15                 db    ? ;
dseg:1E16                 db    ? ;
dseg:1E17                 db    ? ;
dseg:1E18                 db    ? ;
dseg:1E19                 db    ? ;
dseg:1E1A                 db    ? ;
dseg:1E1B                 db    ? ;
dseg:1E1C                 db    ? ;
dseg:1E1D                 db    ? ;
dseg:1E1E                 db    ? ;
dseg:1E1F                 db    ? ;
dseg:1E20                 db    ? ;
dseg:1E21                 db    ? ;
dseg:1E22                 db    ? ;
dseg:1E23                 db    ? ;
dseg:1E24                 db    ? ;
dseg:1E25                 db    ? ;
dseg:1E26                 db    ? ;
dseg:1E27                 db    ? ;
dseg:1E28                 db    ? ;
dseg:1E29                 db    ? ;
dseg:1E2A                 db    ? ;
dseg:1E2B                 db    ? ;
dseg:1E2C                 db    ? ;
dseg:1E2D                 db    ? ;
dseg:1E2E                 db    ? ;
dseg:1E2F                 db    ? ;
dseg:1E30                 db    ? ;
dseg:1E31                 db    ? ;
dseg:1E32                 db    ? ;
dseg:1E33                 db    ? ;
dseg:1E34                 db    ? ;
dseg:1E35                 db    ? ;
dseg:1E36                 db    ? ;
dseg:1E37                 db    ? ;
dseg:1E38                 db    ? ;
dseg:1E39                 db    ? ;
dseg:1E3A                 db    ? ;
dseg:1E3B                 db    ? ;
dseg:1E3C                 db    ? ;
dseg:1E3D                 db    ? ;
dseg:1E3E                 db    ? ;
dseg:1E3F                 db    ? ;
dseg:1E40                 db    ? ;
dseg:1E41                 db    ? ;
dseg:1E42                 db    ? ;
dseg:1E43                 db    ? ;
dseg:1E44                 db    ? ;
dseg:1E45                 db    ? ;
dseg:1E46                 db    ? ;
dseg:1E47                 db    ? ;
dseg:1E48                 db    ? ;
dseg:1E49                 db    ? ;
dseg:1E4A                 db    ? ;
dseg:1E4B                 db    ? ;
dseg:1E4C                 db    ? ;
dseg:1E4D                 db    ? ;
dseg:1E4E                 db    ? ;
dseg:1E4F                 db    ? ;
dseg:1E50                 db    ? ;
dseg:1E51                 db    ? ;
dseg:1E52                 db    ? ;
dseg:1E53                 db    ? ;
dseg:1E54                 db    ? ;
dseg:1E55                 db    ? ;
dseg:1E56                 db    ? ;
dseg:1E57                 db    ? ;
dseg:1E58                 db    ? ;
dseg:1E59                 db    ? ;
dseg:1E5A                 db    ? ;
dseg:1E5B                 db    ? ;
dseg:1E5C                 db    ? ;
dseg:1E5D                 db    ? ;
dseg:1E5E                 db    ? ;
dseg:1E5F                 db    ? ;
dseg:1E60                 db    ? ;
dseg:1E61                 db    ? ;
dseg:1E62                 db    ? ;
dseg:1E63                 db    ? ;
dseg:1E64                 db    ? ;
dseg:1E65                 db    ? ;
dseg:1E66                 db    ? ;
dseg:1E67                 db    ? ;
dseg:1E68                 db    ? ;
dseg:1E69                 db    ? ;
dseg:1E6A                 db    ? ;
dseg:1E6B                 db    ? ;
dseg:1E6C                 db    ? ;
dseg:1E6D                 db    ? ;
dseg:1E6E                 db    ? ;
dseg:1E6F                 db    ? ;
dseg:1E70                 db    ? ;
dseg:1E71                 db    ? ;
dseg:1E72                 db    ? ;
dseg:1E73                 db    ? ;
dseg:1E74                 db    ? ;
dseg:1E75                 db    ? ;
dseg:1E76                 db    ? ;
dseg:1E77                 db    ? ;
dseg:1E78                 db    ? ;
dseg:1E79                 db    ? ;
dseg:1E7A                 db    ? ;
dseg:1E7B                 db    ? ;
dseg:1E7C                 db    ? ;
dseg:1E7D                 db    ? ;
dseg:1E7E                 db    ? ;
dseg:1E7F                 db    ? ;
dseg:1E80                 db    ? ;
dseg:1E81                 db    ? ;
dseg:1E82                 db    ? ;
dseg:1E83                 db    ? ;
dseg:1E84                 db    ? ;
dseg:1E85                 db    ? ;
dseg:1E86                 db    ? ;
dseg:1E87                 db    ? ;
dseg:1E88                 db    ? ;
dseg:1E89                 db    ? ;
dseg:1E8A                 db    ? ;
dseg:1E8B                 db    ? ;
dseg:1E8C                 db    ? ;
dseg:1E8D                 db    ? ;
dseg:1E8E                 db    ? ;
dseg:1E8F                 db    ? ;
dseg:1E90                 db    ? ;
dseg:1E91                 db    ? ;
dseg:1E92                 db    ? ;
dseg:1E93                 db    ? ;
dseg:1E94                 db    ? ;
dseg:1E95                 db    ? ;
dseg:1E96                 db    ? ;
dseg:1E97                 db    ? ;
dseg:1E98                 db    ? ;
dseg:1E99                 db    ? ;
dseg:1E9A                 db    ? ;
dseg:1E9B                 db    ? ;
dseg:1E9C                 db    ? ;
dseg:1E9D                 db    ? ;
dseg:1E9E                 db    ? ;
dseg:1E9F                 db    ? ;
dseg:1EA0                 db    ? ;
dseg:1EA1                 db    ? ;
dseg:1EA2                 db    ? ;
dseg:1EA3                 db    ? ;
dseg:1EA4                 db    ? ;
dseg:1EA5                 db    ? ;
dseg:1EA6                 db    ? ;
dseg:1EA7                 db    ? ;
dseg:1EA8                 db    ? ;
dseg:1EA9                 db    ? ;
dseg:1EAA                 db    ? ;
dseg:1EAB                 db    ? ;
dseg:1EAC                 db    ? ;
dseg:1EAD                 db    ? ;
dseg:1EAE                 db    ? ;
dseg:1EAF                 db    ? ;
dseg:1EB0                 db    ? ;
dseg:1EB1                 db    ? ;
dseg:1EB2                 db    ? ;
dseg:1EB3                 db    ? ;
dseg:1EB4                 db    ? ;
dseg:1EB5                 db    ? ;
dseg:1EB6                 db    ? ;
dseg:1EB7                 db    ? ;
dseg:1EB8                 db    ? ;
dseg:1EB9                 db    ? ;
dseg:1EBA                 db    ? ;
dseg:1EBB                 db    ? ;
dseg:1EBC                 db    ? ;
dseg:1EBD                 db    ? ;
dseg:1EBE                 db    ? ;
dseg:1EBF                 db    ? ;
dseg:1EC0                 db    ? ;
dseg:1EC1                 db    ? ;
dseg:1EC2                 db    ? ;
dseg:1EC3                 db    ? ;
dseg:1EC4                 db    ? ;
dseg:1EC5                 db    ? ;
dseg:1EC6                 db    ? ;
dseg:1EC7                 db    ? ;
dseg:1EC8                 db    ? ;
dseg:1EC9                 db    ? ;
dseg:1ECA                 db    ? ;
dseg:1ECB                 db    ? ;
dseg:1ECC                 db    ? ;
dseg:1ECD                 db    ? ;
dseg:1ECE                 db    ? ;
dseg:1ECF                 db    ? ;
dseg:1ED0                 db    ? ;
dseg:1ED1                 db    ? ;
dseg:1ED2                 db    ? ;
dseg:1ED3                 db    ? ;
dseg:1ED4                 db    ? ;
dseg:1ED5                 db    ? ;
dseg:1ED6                 db    ? ;
dseg:1ED7                 db    ? ;
dseg:1ED8                 db    ? ;
dseg:1ED9                 db    ? ;
dseg:1EDA                 db    ? ;
dseg:1EDB                 db    ? ;
dseg:1EDC                 db    ? ;
dseg:1EDD                 db    ? ;
dseg:1EDE                 db    ? ;
dseg:1EDF                 db    ? ;
dseg:1EE0                 db    ? ;
dseg:1EE1                 db    ? ;
dseg:1EE2                 db    ? ;
dseg:1EE3                 db    ? ;
dseg:1EE4                 db    ? ;
dseg:1EE5                 db    ? ;
dseg:1EE6                 db    ? ;
dseg:1EE7                 db    ? ;
dseg:1EE8                 db    ? ;
dseg:1EE9                 db    ? ;
dseg:1EEA                 db    ? ;
dseg:1EEB                 db    ? ;
dseg:1EEC                 db    ? ;
dseg:1EED                 db    ? ;
dseg:1EEE                 db    ? ;
dseg:1EEF                 db    ? ;
dseg:1EF0                 db    ? ;
dseg:1EF1                 db    ? ;
dseg:1EF2                 db    ? ;
dseg:1EF3                 db    ? ;
dseg:1EF4                 db    ? ;
dseg:1EF5                 db    ? ;
dseg:1EF6                 db    ? ;
dseg:1EF7                 db    ? ;
dseg:1EF8                 db    ? ;
dseg:1EF9                 db    ? ;
dseg:1EFA                 db    ? ;
dseg:1EFB                 db    ? ;
dseg:1EFC                 db    ? ;
dseg:1EFD                 db    ? ;
dseg:1EFE                 db    ? ;
dseg:1EFF                 db    ? ;
dseg:1F00                 db    ? ;
dseg:1F01                 db    ? ;
dseg:1F02                 db    ? ;
dseg:1F03                 db    ? ;
dseg:1F04                 db    ? ;
dseg:1F05                 db    ? ;
dseg:1F06                 db    ? ;
dseg:1F07                 db    ? ;
dseg:1F08                 db    ? ;
dseg:1F09                 db    ? ;
dseg:1F0A                 db    ? ;
dseg:1F0B                 db    ? ;
dseg:1F0C                 db    ? ;
dseg:1F0D                 db    ? ;
dseg:1F0E                 db    ? ;
dseg:1F0F                 db    ? ;
dseg:1F10                 db    ? ;
dseg:1F11                 db    ? ;
dseg:1F12                 db    ? ;
dseg:1F13                 db    ? ;
dseg:1F14                 db    ? ;
dseg:1F15                 db    ? ;
dseg:1F16                 db    ? ;
dseg:1F17                 db    ? ;
dseg:1F18                 db    ? ;
dseg:1F19                 db    ? ;
dseg:1F1A                 db    ? ;
dseg:1F1B                 db    ? ;
dseg:1F1C                 db    ? ;
dseg:1F1D                 db    ? ;
dseg:1F1E                 db    ? ;
dseg:1F1F                 db    ? ;
dseg:1F20                 db    ? ;
dseg:1F21                 db    ? ;
dseg:1F22                 db    ? ;
dseg:1F23                 db    ? ;
dseg:1F24                 db    ? ;
dseg:1F25                 db    ? ;
dseg:1F26                 db    ? ;
dseg:1F27                 db    ? ;
dseg:1F28                 db    ? ;
dseg:1F29                 db    ? ;
dseg:1F2A                 db    ? ;
dseg:1F2B                 db    ? ;
dseg:1F2C                 db    ? ;
dseg:1F2D                 db    ? ;
dseg:1F2E                 db    ? ;
dseg:1F2F                 db    ? ;
dseg:1F30                 db    ? ;
dseg:1F31                 db    ? ;
dseg:1F32                 db    ? ;
dseg:1F33                 db    ? ;
dseg:1F34                 db    ? ;
dseg:1F35                 db    ? ;
dseg:1F36                 db    ? ;
dseg:1F37                 db    ? ;
dseg:1F38                 db    ? ;
dseg:1F39                 db    ? ;
dseg:1F3A                 db    ? ;
dseg:1F3B                 db    ? ;
dseg:1F3C                 db    ? ;
dseg:1F3D                 db    ? ;
dseg:1F3E                 db    ? ;
dseg:1F3F                 db    ? ;
dseg:1F40                 db    ? ;
dseg:1F41                 db    ? ;
dseg:1F42                 db    ? ;
dseg:1F43                 db    ? ;
dseg:1F44                 db    ? ;
dseg:1F45                 db    ? ;
dseg:1F46                 db    ? ;
dseg:1F47                 db    ? ;
dseg:1F48                 db    ? ;
dseg:1F49                 db    ? ;
dseg:1F4A                 db    ? ;
dseg:1F4B                 db    ? ;
dseg:1F4C                 db    ? ;
dseg:1F4D                 db    ? ;
dseg:1F4E                 db    ? ;
dseg:1F4F                 db    ? ;
dseg:1F50                 db    ? ;
dseg:1F51                 db    ? ;
dseg:1F52                 db    ? ;
dseg:1F53                 db    ? ;
dseg:1F54                 db    ? ;
dseg:1F55                 db    ? ;
dseg:1F56                 db    ? ;
dseg:1F57                 db    ? ;
dseg:1F58                 db    ? ;
dseg:1F59                 db    ? ;
dseg:1F5A                 db    ? ;
dseg:1F5B                 db    ? ;
dseg:1F5C                 db    ? ;
dseg:1F5D                 db    ? ;
dseg:1F5E                 db    ? ;
dseg:1F5F                 db    ? ;
dseg:1F60                 db    ? ;
dseg:1F61                 db    ? ;
dseg:1F62                 db    ? ;
dseg:1F63                 db    ? ;
dseg:1F64                 db    ? ;
dseg:1F65                 db    ? ;
dseg:1F66                 db    ? ;
dseg:1F67                 db    ? ;
dseg:1F68                 db    ? ;
dseg:1F69                 db    ? ;
dseg:1F6A word_1618A      dw ?                    ; DATA XREF: sub_10C06+21↑r
dseg:1F6A                                         ; sub_12F5C+49↑w
dseg:1F6C word_1618C      dw ?                    ; DATA XREF: sub_10C06+40↑r
dseg:1F6C                                         ; sub_12F5C+4D↑w
dseg:1F6E word_1618E      dw ?                    ; DATA XREF: sub_1011E+B0↑w
dseg:1F6E                                         ; sub_102F4+BF↑r
dseg:1F70 word_16190      dw ?                    ; DATA XREF: sub_1011E+11F↑w
dseg:1F70                                         ; sub_102F4+15E↑r ...
dseg:1F72 word_16192      dw ?                    ; DATA XREF: sub_1011E+CE↑w
dseg:1F72                                         ; sub_102F4+B3↑r
dseg:1F74 word_16194      dw ?                    ; DATA XREF: sub_1011E+118↑w
dseg:1F74                                         ; sub_102F4+156↑r ...
dseg:1F76 word_16196      dw ?                    ; DATA XREF: sub_1011E+E2↑w
dseg:1F76                                         ; sub_102F4+AE↑r
dseg:1F78 word_16198      dw ?                    ; DATA XREF: sub_10C06:loc_10C32↑r
dseg:1F78                                         ; sub_12F5C+51↑w
dseg:1F7A word_1619A      dw ?                    ; DATA XREF: sub_10C06:loc_10C50↑r
dseg:1F7A                                         ; sub_12F5C+55↑w
dseg:1F7C ; void near *word_1619C
dseg:1F7C word_1619C      dw ?                    ; DATA XREF: sub_138BC+7↑r
dseg:1F7C                                         ; sub_138BC+E↑r ...
dseg:1F7E word_1619E      dw ?                    ; DATA XREF: sub_1011E+D8↑w
dseg:1F7E                                         ; sub_102F4+10C↑r
dseg:1F80 word_161A0      dw ?                    ; DATA XREF: sub_1011E+110↑w
dseg:1F80                                         ; sub_102F4+14B↑r ...
dseg:1F82 word_161A2      dw ?                    ; DATA XREF: sub_1011E+EB↑w
dseg:1F82                                         ; sub_102F4+11D↑r
dseg:1F84 word_161A4      dw ?                    ; DATA XREF: sub_1011E+F9↑w
dseg:1F84                                         ; sub_102F4+CA↑r
dseg:1F86                 align 10h
dseg:1F86 dseg            ends
dseg:1F86
seg010:0000 ; ===========================================================================
seg010:0000
seg010:0000 ; Segment type: Uninitialized
seg010:0000 seg010          segment byte stack 'STACK' use16
seg010:0000                 assume cs:seg010
seg010:0000                 assume es:nothing, ss:nothing, ds:dseg, fs:nothing, gs:nothing
seg010:0000                 db 800h dup(?)
seg010:0000 seg010          ends
seg010:0000
seg010:0000
seg010:0000                 end start
